attribution,consensus_A_affected,consensus_B_affected,consensus_shift,entity_A,entity_A_diagnostic,entity_B,entity_B_diagnostic,gemini_candidate_A_score,gemini_candidate_B_score,gemini_shift,gemini_standalone_A_correct,gemini_standalone_B_correct,gemini_valid,latent_seed,native_task_id,pair_id,pair_index,qwen_candidate_A_score,qwen_candidate_B_score,qwen_shift,qwen_standalone_A_correct,qwen_standalone_B_correct,qwen_valid,replicate,sample_id,seed_group,standalone_A_task_id,standalone_B_task_id
missing_rating,,,,a Chinese bronze ritual bowl,"a Chinese bronze ritual bowl with a dark patinated bronze surface and cast relief, showing taotie-like masks, leiwen spirals, and symmetrical handles",a Korean bangjja bronze bowl,"a Korean bangjja bronze bowl made of hand-hammered bronze with a golden surface, showing a clean resonant form, hammer marks, and minimal ornament",,,,,,False,1011,pair_060_native_SS_g1_r1_s1011,pair_060,60,,,,,,False,1,sample_0001,1,pair_060_standalone_A_g1_r1_s1011,pair_060_standalone_B_g1_r1_s1011
missing_rating,,,,a Chinese celadon ceramic bowl,"a Chinese celadon ceramic bowl with translucent blue-green glaze, showing carved lotus petals beneath the glaze",a Vietnamese Lý–Trần celadon ceramic bowl,"a Vietnamese Lý–Trần celadon ceramic bowl with a pale jade-green glaze and lightly crackled surface, showing carved lotus petals and combed floral decoration",,,,,,True,1012,pair_010_native_SS_g1_r2_s1012,pair_010,10,,,,,,False,2,sample_0002,1,pair_010_standalone_A_g1_r2_s1012,pair_010_standalone_B_g1_r2_s1012
missing_rating,,,,a Dutch blue-and-white Delftware vase,"a Dutch blue-and-white Delftware vase with opaque white tin glaze, painted in cobalt blue with canal-house, tulip, and ornamental border motifs",a Tunisian Qallaline faience vase,"a Tunisian Qallaline faience vase with tin glaze, painted in cobalt blue, green, ochre, and manganese with cypress, arch, and floral motifs",,,,,,True,3031,pair_013_native_SS_g3_r1_s3031,pair_013,13,,,,,,False,1,sample_0003,3,pair_013_standalone_A_g3_r1_s3031,pair_013_standalone_B_g3_r1_s3031
missing_rating,,,,an Inuit soapstone figurine,"an Inuit soapstone figurine carved from dark gray-green stone with rounded tactile surfaces, showing a compact animal or human figure with incised details",a Kenyan Kisii soapstone figurine,"a Kenyan Kisii soapstone figurine carved from pale soapstone and polished, showing an abstract intertwined human or animal form with rounded contours",,,,,,True,2022,pair_100_native_SS_g2_r2_s2022,pair_100,100,,,,,,False,2,sample_0004,2,pair_100_standalone_A_g2_r2_s2022,pair_100_standalone_B_g2_r2_s2022
missing_rating,,,,a Japanese Bizen stoneware vase,"a Japanese Bizen stoneware vase with an unglazed reddish-brown body marked by natural ash deposits and flame flashes, showing an austere asymmetrical form",a French Puisaye stoneware vase,"a French Puisaye stoneware vase with a dark salt-glazed stoneware body and earthy brown-to-gray surface, showing incised bands and robust hand-thrown proportions",,,,,,False,2021,pair_029_native_SS_g2_r1_s2021,pair_029,29,,,,,,False,1,sample_0005,2,pair_029_standalone_A_g2_r1_s2021,pair_029_standalone_B_g2_r1_s2021
missing_rating,,,,a Mexican Taxco silver bowl,"a Mexican Taxco silver bowl with a polished hand-hammered silver surface and modern curves, showing geometric or pre-Columbian-inspired accents",an Indonesian Kotagede silver bowl,"an Indonesian Kotagede silver bowl with a oxidized silver surface worked in repoussé and filigree, showing lotus scrolls, vines, and stippled grounds",,,,,,False,3032,pair_054_native_SS_g3_r2_s3032,pair_054,54,,,,,,False,2,sample_0006,3,pair_054_standalone_A_g3_r2_s3032,pair_054_standalone_B_g3_r2_s3032
missing_rating,,,,a Scottish tartan wool blanket,"a Scottish tartan wool blanket woven in colored wool with intersecting horizontal and vertical stripes, forming a balanced repeating clan-associated check pattern",a Swedish rya wool rug,"a Swedish rya wool rug with a long wool pile and woven backing, showing geometric diamonds, stripes, and abstract color fields",,,,,,False,1011,pair_087_native_SS_g1_r1_s1011,pair_087,87,,,,,,True,1,sample_0007,1,pair_087_standalone_A_g1_r1_s1011,pair_087_standalone_B_g1_r1_s1011
missing_rating,,,,a Hungarian Matyó embroidery panel,"a Hungarian Matyó embroidery panel worked in red, pink, blue, yellow, and green thread, showing densely packed roses and curling floral sprays",a Slovak Detva embroidery panel,"a Slovak Detva embroidery panel worked in chain stitch and satin stitch, showing compact geometric flowers, hearts, and rhythmic folk borders",,,,,,False,3033,pair_077_native_SS_g3_r3_s3033,pair_077,77,,,,,,True,3,sample_0008,3,pair_077_standalone_A_g3_r3_s3033,pair_077_standalone_B_g3_r3_s3033
missing_rating,,,,an Indonesian ikat textile panel,"an Indonesian ikat textile panel woven from resist-dyed threads with feathered edges, showing diamonds, ancestor figures, and rhythmic color bands",an Iban pua kumbu textile panel,"an Iban pua kumbu textile panel woven in warp ikat with deep red, black, and cream yarns, showing powerful hooked figures, spirit motifs, and mirrored geometric bands",,,,,,True,2021,pair_068_native_SS_g2_r1_s2021,pair_068,68,,,,,,False,1,sample_0009,2,pair_068_standalone_A_g2_r1_s2021,pair_068_standalone_B_g2_r1_s2021
missing_rating,,,,a Moroccan Beni Ourain wool rug,"a Moroccan Beni Ourain wool rug with a thick cream wool pile and sparse dark-brown lines, showing large asymmetrical diamonds and open geometric spacing",a Ukrainian Hutsul lizhnyk wool rug,"a Ukrainian Hutsul lizhnyk wool rug with a shaggy woven wool surface in gray, cream, brown, and muted color, showing stepped diamonds and rhythmic zigzag bands",,,,,,True,3033,pair_084_native_SS_g3_r3_s3033,pair_084,84,,,,,,False,3,sample_0010,3,pair_084_standalone_A_g3_r3_s3033,pair_084_standalone_B_g3_r3_s3033
missing_rating,,,,a Chinese carved-jade pendant,"a Chinese carved-jade pendant made from polished pale green or white jade, showing pierced clouds, dragons, or floral scrolls in low relief",a Māori pounamu hei tiki pendant,"a Māori pounamu hei tiki pendant carved from translucent greenstone in a compact ancestral figure, showing an inclined head, large eyes, and curved limbs",,,,,,False,3032,pair_099_native_SS_g3_r2_s3032,pair_099,99,,,,,,False,2,sample_0011,3,pair_099_standalone_A_g3_r2_s3032,pair_099_standalone_B_g3_r2_s3032
missing_rating,,,,a Venetian millefiori glass-bead necklace,"a Venetian millefiori glass-bead necklace made from multicolored glass canes sliced into flower-like beads, showing red, blue, yellow, white, and green mosaic patterns",a Ghanaian Krobo powder-glass-bead necklace,"a Ghanaian Krobo powder-glass-bead necklace made from molded recycled glass powder, showing opaque hand-painted stripes, dots, chevrons, and earth and jewel colors",,,,,,False,3032,pair_093_native_SS_g3_r2_s3032,pair_093,93,,,,,,True,2,sample_0012,3,pair_093_standalone_A_g3_r2_s3032,pair_093_standalone_B_g3_r2_s3032
missing_rating,,,,a Moroccan engraved-brass tray,"a Moroccan engraved-brass tray with a polished brass surface densely chased with radiating stars, arabesques, and scalloped geometric borders",a Persian qalamzani copper tray,"a Persian qalamzani copper tray with a darkened chased copper surface, showing hunting scenes, birds, flowers, and concentric arabesque bands",,,,,,True,3032,pair_051_native_SS_g3_r2_s3032,pair_051,51,,,,,,False,2,sample_0013,3,pair_051_standalone_A_g3_r2_s3032,pair_051_standalone_B_g3_r2_s3032
missing_rating,,,,a Moroccan Safi pottery vase,"a Moroccan Safi pottery vase with a glazed earthenware body painted in blue, green, yellow, and brown, showing arabesques and floral medallions",a Tunisian Nabeul pottery vase,"a Tunisian Nabeul pottery vase with a white glazed body painted in cobalt blue, turquoise, yellow, and green, showing fish, flowers, and Mediterranean geometric borders",,,,,,True,2022,pair_026_native_SS_g2_r2_s2022,pair_026,26,,,,,,False,2,sample_0014,2,pair_026_standalone_A_g2_r2_s2022,pair_026_standalone_B_g2_r2_s2022
missing_rating,,,,an Inuit soapstone figurine,"an Inuit soapstone figurine carved from dark gray-green stone with rounded tactile surfaces, showing a compact animal or human figure with incised details",a Kenyan Kisii soapstone figurine,"a Kenyan Kisii soapstone figurine carved from pale soapstone and polished, showing an abstract intertwined human or animal form with rounded contours",,,,,,False,2023,pair_100_native_SS_g2_r3_s2023,pair_100,100,,,,,,True,3,sample_0015,2,pair_100_standalone_A_g2_r3_s2023,pair_100_standalone_B_g2_r3_s2023
missing_rating,,,,a Moroccan Fes ceramic bowl,"a Moroccan Fes ceramic bowl with a white glazed body painted in cobalt blue, green, and yellow, showing organized star, arabesque, and palmette motifs",an Algerian Kabyle pottery bowl,"an Algerian Kabyle pottery bowl made of hand-built earthenware with red, black, and white painted decoration, showing triangles, chevrons, and protective geometric signs",,,,,,True,3031,pair_018_native_SS_g3_r1_s3031,pair_018,18,,,,,,False,1,sample_0016,3,pair_018_standalone_A_g3_r1_s3031,pair_018_standalone_B_g3_r1_s3031
missing_rating,,,,a Ghanaian kente cloth,"a Ghanaian kente cloth woven in narrow strips of silk or rayon, showing alternating geometric blocks in gold, green, red, blue, and black",a Bhutanese yathra wool textile,"a Bhutanese yathra wool textile woven in thick colored wool with supplementary-weft motifs, showing repeating diamonds, flowers, and horizontal geometric bands",,,,,,False,3032,pair_080_native_SS_g3_r2_s3032,pair_080,80,,,,,,False,2,sample_0017,3,pair_080_standalone_A_g3_r2_s3032,pair_080_standalone_B_g3_r2_s3032
missing_rating,,,,a Japanese cast-iron tetsubin teapot,"a Japanese cast-iron tetsubin teapot with a dark textured iron body, arched handle, and relief decoration showing hailstone, pine, or geometric motifs",an Azerbaijani engraved-copper teapot,"an Azerbaijani engraved-copper teapot with a hammered copper body, curved spout, and incised floral medallions, boteh motifs, and geometric borders",,,,,,True,1011,pair_057_native_SS_g1_r1_s1011,pair_057,57,,,,,,False,1,sample_0018,1,pair_057_standalone_A_g1_r1_s1011,pair_057_standalone_B_g1_r1_s1011
missing_rating,,,,a Persian silver-filigree box,"a Persian silver-filigree box with delicate silver wire scrollwork forming an airy surface, showing repeated palmettes, rosettes, and geometric borders",a Yemeni silver-filigree box,"a Yemeni silver-filigree box with twisted silver wire, granulation, and applied bosses, showing compact geometric and amuletic patterns",,,,,,True,3031,pair_053_native_SS_g3_r1_s3031,pair_053,53,,,,,,False,1,sample_0019,3,pair_053_standalone_A_g3_r1_s3031,pair_053_standalone_B_g3_r1_s3031
mixed_or_uncertain,True,False,True,a Spanish Toledo damascened box,"a Spanish Toledo damascened box made of blackened steel inlaid with gold and silver, showing Moorish arabesques and geometric filigree patterns",a Japanese nunome-zōgan metal-inlay box,"a Japanese nunome-zōgan metal-inlay box made of dark iron overlaid with gold and silver textile-like inlay, showing waves, flowers, and geometric bands",1,1,True,True,False,True,2021,pair_045_native_SS_g2_r1_s2021,pair_045,45,2,4,True,False,True,True,1,sample_0020,2,pair_045_standalone_A_g2_r1_s2021,pair_045_standalone_B_g2_r1_s2021
missing_rating,,,,a Chinese silk-embroidery panel,"a Chinese silk-embroidery panel worked in multicolored silk thread, showing peonies, birds, butterflies, and long-and-short stitch shading",a Vietnamese silk-embroidery panel,"a Vietnamese silk-embroidery panel worked in colored silk thread with delicate tonal blending, showing village landscapes, lotus ponds, and graceful birds",,,,,,False,1011,pair_065_native_SS_g1_r1_s1011,pair_065,65,,,,,,False,1,sample_0021,1,pair_065_standalone_A_g1_r1_s1011,pair_065_standalone_B_g1_r1_s1011
missing_rating,,,,a Chinese cloisonné vase,"a Chinese cloisonné vase with turquoise and cobalt-blue enamel cells separated by gilded metal wires, showing lotus, cloud, and auspicious motifs",a Georgian Minankari enamel vase,"a Georgian Minankari enamel vase with translucent jewel-toned enamel over engraved silver, showing compact flowers, birds, and scrolling vines outlined by metalwork",,,,,,False,2021,pair_041_native_SS_g2_r1_s2021,pair_041,41,,,,,,False,1,sample_0022,2,pair_041_standalone_A_g2_r1_s2021,pair_041_standalone_B_g2_r1_s2021
missing_rating,,,,a Turkish flat-woven kilim,"a Turkish flat-woven kilim with interlocked wool wefts in red, blue, orange, and cream, showing hooked diamonds, ram horns, and stepped medallions",a Serbian Pirot kilim,"a Serbian Pirot kilim with a reversible flat weave and red, black, blue, and white geometry, showing turtles, hooks, and repeated protective motifs",,,,,,False,3031,pair_086_native_SS_g3_r1_s3031,pair_086,86,,,,,,True,1,sample_0023,3,pair_086_standalone_A_g3_r1_s3031,pair_086_standalone_B_g3_r1_s3031
knowledge_insufficiency,True,True,True,a Japanese Bizen stoneware vase,"a Japanese Bizen stoneware vase with an unglazed reddish-brown body marked by natural ash deposits and flame flashes, showing an austere asymmetrical form",a French Puisaye stoneware vase,"a French Puisaye stoneware vase with a dark salt-glazed stoneware body and earthy brown-to-gray surface, showing incised bands and robust hand-thrown proportions",3,2,True,False,False,True,3032,pair_029_native_SS_g3_r2_s3032,pair_029,29,3,2,True,False,False,True,2,sample_0024,3,pair_029_standalone_A_g3_r2_s3032,pair_029_standalone_B_g3_r2_s3032
missing_rating,,,,an Indian Dhokra bronze figurine,"an Indian Dhokra bronze figurine made by lost-wax casting with an earthy bronze surface, showing elongated limbs, coiled-wire textures, and stylized tribal ornament",a Ghanaian Asante brass goldweight figurine,"a Ghanaian Asante brass goldweight figurine made by lost-wax casting in compact geometric form, showing a proverb-inspired human, animal, or tool motif with textured details",,,,,,True,2021,pair_055_native_SS_g2_r1_s2021,pair_055,55,,,,,,False,1,sample_0025,2,pair_055_standalone_A_g2_r1_s2021,pair_055_standalone_B_g2_r1_s2021
missing_rating,,,,an Indonesian ikat textile panel,"an Indonesian ikat textile panel woven from resist-dyed threads with feathered edges, showing diamonds, ancestor figures, and rhythmic color bands",a Sumbanese hinggi textile panel,"a Sumbanese hinggi textile panel woven in warp ikat with indigo, rust red, and cream, showing horses, roosters, skull trees, and large heraldic figures",,,,,,False,3031,pair_069_native_SS_g3_r1_s3031,pair_069,69,,,,,,True,1,sample_0026,3,pair_069_standalone_A_g3_r1_s3031,pair_069_standalone_B_g3_r1_s3031
missing_rating,,,,an Indian kantha quilt,"an Indian kantha quilt made from layered cotton joined by running stitches, showing rippling lines, lotus flowers, animals, and narrative folk scenes",a Korean bojagi patchwork wrapping cloth,"a Korean bojagi patchwork wrapping cloth assembled from translucent or opaque fabric rectangles, showing asymmetrical geometric seams and jewel-toned color blocks",,,,,,False,2021,pair_078_native_SS_g2_r1_s2021,pair_078,78,,,,,,False,1,sample_0027,2,pair_078_standalone_A_g2_r1_s2021,pair_078_standalone_B_g2_r1_s2021
knowledge_insufficiency,True,False,True,a Japanese Tsugaru-nuri lacquerware box,"a Japanese Tsugaru-nuri lacquerware box with many polished lacquer layers forming mottled red, black, yellow, and green patterns across a geometric form",a Kashmiri papier-mâché lacquer box,"a Kashmiri papier-mâché lacquer box with a lacquered paper-pulp body painted in gold and jewel colors, showing chinar leaves, flowers, and arabesques",3,3,True,False,True,True,1011,pair_039_native_SS_g1_r1_s1011,pair_039,39,2,4,True,False,True,True,1,sample_0028,1,pair_039_standalone_A_g1_r1_s1011,pair_039_standalone_B_g1_r1_s1011
knowledge_insufficiency,True,False,True,a Panamanian mola textile panel,"a Panamanian mola textile panel made with layered reverse appliqué in colors, showing animals, plants, and maze-like geometric contours",a Ukrainian Hutsul embroidery panel,"a Ukrainian Hutsul embroidery panel worked in cross-stitch with red, orange, black, and green thread, showing diamonds, hooks, and repeated geometric bands",1,2,True,False,True,True,3032,pair_079_native_SS_g3_r2_s3032,pair_079,79,2,4,True,False,True,True,2,sample_0029,3,pair_079_standalone_A_g3_r2_s3032,pair_079_standalone_B_g3_r2_s3032
shift_location_disagreement,False,False,True,a Navajo wool rug,"a Navajo wool rug with a woven flat surface and red, black, gray, and cream geometry, showing stepped diamonds and serrated bands",a Kyrgyz shyrdak felt rug,"a Kyrgyz shyrdak felt rug made from cut and inlaid wool felt in contrasting colors, showing mirrored horn motifs, scrolling forms, and outlined geometry",4,2,True,True,False,True,2022,pair_088_native_SS_g2_r2_s2022,pair_088,88,2,5,True,True,True,True,2,sample_0030,2,pair_088_standalone_A_g2_r2_s2022,pair_088_standalone_B_g2_r2_s2022
missing_rating,,,,a Turkish flat-woven kilim,"a Turkish flat-woven kilim with interlocked wool wefts in red, blue, orange, and cream, showing hooked diamonds, ram horns, and stepped medallions",a Romanian Oltenian kilim,"a Romanian Oltenian kilim with a flat-woven wool surface in red, green, blue, and cream, showing stylized flowers, birds, and vertical bouquet arrangements",,,,,,False,1011,pair_085_native_SS_g1_r1_s1011,pair_085,85,,,,,,False,1,sample_0031,1,pair_085_standalone_A_g1_r1_s1011,pair_085_standalone_B_g1_r1_s1011
no_consensus_shift,False,False,False,a Mexican Otomi embroidery panel,"a Mexican Otomi embroidery panel worked in flat satin stitch on pale cotton, showing mirrored birds, deer, flowers, and fantastical animals",a Palestinian tatreez embroidery panel,"a Palestinian tatreez embroidery panel worked in red and multicolored cross-stitch, showing cypress trees, stars, feathers, and region-specific geometric motifs",2,3,True,True,True,True,1011,pair_074_native_SS_g1_r1_s1011,pair_074,74,4,5,False,True,True,True,1,sample_0032,1,pair_074_standalone_A_g1_r1_s1011,pair_074_standalone_B_g1_r1_s1011
no_consensus_shift,False,False,False,a Navajo coiled basket,"a Navajo coiled basket woven from plant fibers in a shallow circular form, showing a central opening and radiating red, black, and natural spiral motifs",a Panamanian Wounaan chunga basket,"a Panamanian Wounaan chunga basket coiled from palm fiber, showing exceptionally tight weaving and animal, plant, or geometric motifs in black and colors",2,2,True,False,False,True,2022,pair_095_native_SS_g2_r2_s2022,pair_095,95,5,5,False,True,True,True,2,sample_0033,2,pair_095_standalone_A_g2_r2_s2022,pair_095_standalone_B_g2_r2_s2022
missing_rating,,,,a Chinese celadon ceramic bowl,"a Chinese celadon ceramic bowl with translucent blue-green glaze, showing carved lotus petals beneath the glaze",a Vietnamese Lý–Trần celadon ceramic bowl,"a Vietnamese Lý–Trần celadon ceramic bowl with a pale jade-green glaze and lightly crackled surface, showing carved lotus petals and combed floral decoration",,,,,,True,2023,pair_010_native_SS_g2_r3_s2023,pair_010,10,,,,,,False,3,sample_0034,2,pair_010_standalone_A_g2_r3_s2023,pair_010_standalone_B_g2_r3_s2023
missing_rating,,,,a Scottish tartan wool blanket,"a Scottish tartan wool blanket woven in colored wool with intersecting horizontal and vertical stripes, forming a balanced repeating clan-associated check pattern",a Swedish rya wool rug,"a Swedish rya wool rug with a long wool pile and woven backing, showing geometric diamonds, stripes, and abstract color fields",,,,,,False,3031,pair_087_native_SS_g3_r1_s3031,pair_087,87,,,,,,False,1,sample_0035,3,pair_087_standalone_A_g3_r1_s3031,pair_087_standalone_B_g3_r1_s3031
no_consensus_shift,False,False,False,a Persian silver-filigree box,"a Persian silver-filigree box with delicate silver wire scrollwork forming an airy surface, showing repeated palmettes, rosettes, and geometric borders",a Yemeni silver-filigree box,"a Yemeni silver-filigree box with twisted silver wire, granulation, and applied bosses, showing compact geometric and amuletic patterns",4,2,True,True,True,True,1013,pair_053_native_SS_g1_r3_s1013,pair_053,53,4,4,False,True,True,True,3,sample_0036,1,pair_053_standalone_A_g1_r3_s1013,pair_053_standalone_B_g1_r3_s1013
missing_rating,,,,a Navajo wool rug,"a Navajo wool rug with a woven flat surface and red, black, gray, and cream geometry, showing stepped diamonds and serrated bands",a Kyrgyz shyrdak felt rug,"a Kyrgyz shyrdak felt rug made from cut and inlaid wool felt in contrasting colors, showing mirrored horn motifs, scrolling forms, and outlined geometry",,,,,,False,3033,pair_088_native_SS_g3_r3_s3033,pair_088,88,,,,,,False,3,sample_0037,3,pair_088_standalone_A_g3_r3_s3033,pair_088_standalone_B_g3_r3_s3033
missing_rating,,,,a Persian floral carpet,"a Persian floral carpet with a wool pile and central medallion, showing curving vines, palmettes, and flowers in deep red, blue, and ivory",a Tibetan khaden carpet,"a Tibetan khaden carpet with a compact wool pile in red, blue, yellow, and cream, showing snow lions, lotus flowers, clouds, or checkerboard motifs",,,,,,True,2023,pair_089_native_SS_g2_r3_s2023,pair_089,89,,,,,,False,3,sample_0038,2,pair_089_standalone_A_g2_r3_s2023,pair_089_standalone_B_g2_r3_s2023
missing_rating,,,,an Indian Ajrakh block-printed cloth,"an Indian Ajrakh block-printed cloth with layered resist printing in indigo, madder red, black, and white, showing precisely repeated stars and interlocking geometry",a Chinese Nantong blue-calico cloth,"a Chinese Nantong blue-calico cloth with indigo resist dyeing on cotton, showing white flowers, birds, fish, and auspicious folk motifs against a deep-blue ground",,,,,,True,2023,pair_073_native_SS_g2_r3_s2023,pair_073,73,,,,,,False,3,sample_0039,2,pair_073_standalone_A_g2_r3_s2023,pair_073_standalone_B_g2_r3_s2023
missing_rating,,,,a German Meissen porcelain figurine,"a German Meissen porcelain figurine with modeled forms, painted in overglaze colors with gilded Rococo details",an Italian Capodimonte porcelain figurine,"an Italian Capodimonte porcelain figurine with modeled porcelain drapery and flowers, painted in pastel colors with theatrical Baroque gestures",,,,,,True,1011,pair_006_native_SS_g1_r1_s1011,pair_006,6,,,,,,False,1,sample_0040,1,pair_006_standalone_A_g1_r1_s1011,pair_006_standalone_B_g1_r1_s1011
composition_mechanism_failure,True,False,True,an Indonesian ikat textile panel,"an Indonesian ikat textile panel woven from resist-dyed threads with feathered edges, showing diamonds, ancestor figures, and rhythmic color bands",an Iban pua kumbu textile panel,"an Iban pua kumbu textile panel woven in warp ikat with deep red, black, and cream yarns, showing powerful hooked figures, spirit motifs, and mirrored geometric bands",3,2,True,True,False,True,2023,pair_068_native_SS_g2_r3_s2023,pair_068,68,3,4,True,True,True,True,3,sample_0041,2,pair_068_standalone_A_g2_r3_s2023,pair_068_standalone_B_g2_r3_s2023
missing_rating,,,,a Chinese carved cinnabar-lacquer box,"a Chinese carved cinnabar-lacquer box with thick vermilion lacquer carved in deep relief, showing peonies, dragons, and layered landscape scenes over geometric grounds",a Bhutanese lacquered wooden box,"a Bhutanese lacquered wooden box with a red or black lacquer surface, showing hand-painted lotus petals, cloud bands, and Buddhist auspicious motifs",,,,,,False,1012,pair_033_native_SS_g1_r2_s1012,pair_033,33,,,,,,True,2,sample_0042,1,pair_033_standalone_A_g1_r2_s1012,pair_033_standalone_B_g1_r2_s1012
missing_rating,,,,an Ottoman İznik ceramic plate,"an Ottoman İznik ceramic plate with a white fritware body, cobalt blue, turquoise, emerald green, and raised bole-red painting, showing tulips, carnations, and saz leaves",an Armenian Kütahya ceramic plate,"an Armenian Kütahya ceramic plate with a white glazed body and blue, green, yellow, and red painting, showing rosettes, crosses, birds, and floral borders",,,,,,True,2022,pair_017_native_SS_g2_r2_s2022,pair_017,17,,,,,,False,2,sample_0043,2,pair_017_standalone_A_g2_r2_s2022,pair_017_standalone_B_g2_r2_s2022
missing_rating,,,,a Polish Bolesławiec stoneware jug,"a Polish Bolesławiec stoneware jug with a cream glazed body stamped in cobalt blue, showing repeated dots, peacock-eye rosettes, and circular folk patterns",a Bulgarian Troyan pottery jug,"a Bulgarian Troyan pottery jug with a dark glazed earthenware body and feathered slip decoration, showing brown, green, yellow, and cream wave patterns",,,,,,True,3033,pair_020_native_SS_g3_r3_s3033,pair_020,20,,,,,,False,3,sample_0044,3,pair_020_standalone_A_g3_r3_s3033,pair_020_standalone_B_g3_r3_s3033
missing_rating,,,,an English Wedgwood jasperware vase,"an English Wedgwood jasperware vase with a matte blue stoneware body and white relief decoration, showing classical figures, laurel swags, and geometric borders",a Portuguese Caldas da Rainha ceramic vase,"a Portuguese Caldas da Rainha ceramic vase with brightly glazed sculptural earthenware, showing naturalistic leaves, fruit, insects, and textured relief surfaces",,,,,,False,3031,pair_027_native_SS_g3_r1_s3031,pair_027,27,,,,,,False,1,sample_0045,3,pair_027_standalone_A_g3_r1_s3031,pair_027_standalone_B_g3_r1_s3031
missing_rating,,,,a Japanese brocade obi sash,"a Japanese brocade obi sash woven in silk and metallic thread, showing large chrysanthemums, cranes, fans, and rhythmic geometric grounds",a Korean gold-thread brocade sash,"a Korean gold-thread brocade sash woven in colored silk with metallic thread, showing compact clouds, peonies, phoenixes, and repeating geometric borders",,,,,,False,3033,pair_067_native_SS_g3_r3_s3033,pair_067,67,,,,,,False,3,sample_0046,3,pair_067_standalone_A_g3_r3_s3033,pair_067_standalone_B_g3_r3_s3033
knowledge_insufficiency,True,False,True,an Ottoman tinned-copper ewer,"an Ottoman tinned-copper ewer with a reflective silver-toned tinned surface, tall curved spout, and chased tulip, cypress, and arabesque decoration",a Bosnian engraved-copper coffee ewer,"a Bosnian engraved-copper coffee ewer with a copper body, long curved spout, and hand-hammered rosette, star, and interlaced geometric motifs",2,3,True,False,True,True,3031,pair_052_native_SS_g3_r1_s3031,pair_052,52,2,4,True,False,True,True,1,sample_0047,3,pair_052_standalone_A_g3_r1_s3031,pair_052_standalone_B_g3_r1_s3031
missing_rating,,,,a Chinese carved cinnabar-lacquer box,"a Chinese carved cinnabar-lacquer box with thick vermilion lacquer carved in deep relief, showing peonies, dragons, and layered landscape scenes over geometric grounds",a Bhutanese lacquered wooden box,"a Bhutanese lacquered wooden box with a red or black lacquer surface, showing hand-painted lotus petals, cloud bands, and Buddhist auspicious motifs",,,,,,False,1013,pair_033_native_SS_g1_r3_s1013,pair_033,33,,,,,,True,3,sample_0048,1,pair_033_standalone_A_g1_r3_s1013,pair_033_standalone_B_g1_r3_s1013
missing_rating,,,,a Chinese Dehua blanc-de-Chine porcelain figurine,"a Chinese Dehua blanc-de-Chine porcelain figurine with an ivory-white surface, modeled robes, and carved details without painted color",a Japanese Hirado porcelain figurine,"a Japanese Hirado porcelain figurine with delicate underglaze-blue accents, showing miniature modeling and textile details",,,,,,True,2021,pair_009_native_SS_g2_r1_s2021,pair_009,9,,,,,,False,1,sample_0049,2,pair_009_standalone_A_g2_r1_s2021,pair_009_standalone_B_g2_r1_s2021
missing_rating,,,,a Russian brass samovar,"a Russian brass samovar with a polished urn-shaped body, side handles, and ornate spigot, showing engraved floral bands and architectural details",an Iranian Qajar brass samovar,"an Iranian Qajar brass samovar with a tall faceted brass body, curved handles, and engraved panels showing birds, flowers, and courtly motifs",,,,,,False,1012,pair_058_native_SS_g1_r2_s1012,pair_058,58,,,,,,True,2,sample_0050,1,pair_058_standalone_A_g1_r2_s1012,pair_058_standalone_B_g1_r2_s1012
missing_rating,,,,an Italian tooled-leather wall panel,"an Italian tooled-leather wall panel made from embossed and gilded leather, showing scrolling acanthus leaves, heraldic forms, and brown-and-gold relief",a Spanish Córdoba guadamecí leather panel,"a Spanish Córdoba guadamecí leather panel made from silvered, painted, and embossed leather, showing Renaissance arabesques, flowers, and richly colored metallic relief",,,,,,True,2023,pair_097_native_SS_g2_r3_s2023,pair_097,97,,,,,,False,3,sample_0051,2,pair_097_standalone_A_g2_r3_s2023,pair_097_standalone_B_g2_r3_s2023
no_consensus_shift,False,False,False,an Indian Bidriware vase,"an Indian Bidriware vase made of blackened zinc alloy inlaid with silver, showing poppy flowers, geometric lattices, and arabesques",a Syrian Damascene inlaid-brass vase,"a Syrian Damascene inlaid-brass vase made of darkened brass inlaid with silver and copper, showing calligraphic bands, interlaced stars, and scrolling arabesques",3,3,True,True,True,True,2021,pair_047_native_SS_g2_r1_s2021,pair_047,47,4,5,False,True,True,True,1,sample_0052,2,pair_047_standalone_A_g2_r1_s2021,pair_047_standalone_B_g2_r1_s2021
missing_rating,,,,a Korean Goryeo celadon maebyeong vase,"a Korean Goryeo celadon maebyeong vase with a green celadon glaze and pale slip inlay, showing cranes, clouds, and chrysanthemum medallions",a Thai Sawankhalok celadon jar,"a Thai Sawankhalok celadon jar with an olive-green crackled glaze on a stoneware body, showing incised lotus petals and simple ring bands",,,,,,True,1012,pair_011_native_SS_g1_r2_s1012,pair_011,11,,,,,,False,2,sample_0053,1,pair_011_standalone_A_g1_r2_s1012,pair_011_standalone_B_g1_r2_s1012
missing_rating,,,,a Spanish Toledo damascened vase,"a Spanish Toledo damascened vase made of blackened steel inlaid with gold and silver, showing Moorish arabesques and geometric filigree patterns",a Korean ipsa metal-inlay vase,"a Korean ipsa metal-inlay vase made of dark patinated metal inlaid with silver wire, showing cranes, clouds, and sparse linear landscape motifs",,,,,,True,2022,pair_046_native_SS_g2_r2_s2022,pair_046,46,,,,,,False,2,sample_0054,2,pair_046_standalone_A_g2_r2_s2022,pair_046_standalone_B_g2_r2_s2022
missing_rating,,,,an Indonesian batik cloth,"an Indonesian batik cloth with wax-resist dyeing in indigo, brown, and cream, showing parang diagonals, kawung rosettes, and densely repeated floral motifs",a Nigerian adire cloth,"a Nigerian adire cloth with indigo resist-dyed cotton, showing white circles, grids, comb-like marks, and hand-drawn or stitched geometric patterns",,,,,,True,3031,pair_071_native_SS_g3_r1_s3031,pair_071,71,,,,,,False,1,sample_0055,3,pair_071_standalone_A_g3_r1_s3031,pair_071_standalone_B_g3_r1_s3031
missing_rating,,,,a Japanese Raku tea bowl,"a Japanese Raku tea bowl with a hand-shaped low-fired body and irregular black glaze, showing a warped rim and tactile matte-to-gloss surface",a Korean buncheong tea bowl,"a Korean buncheong tea bowl made of gray stoneware brushed with white slip, showing stamped, incised, or freely painted decoration beneath a translucent glaze",,,,,,True,1013,pair_021_native_SS_g1_r3_s1013,pair_021,21,,,,,,False,3,sample_0056,1,pair_021_standalone_A_g1_r3_s1013,pair_021_standalone_B_g1_r3_s1013
missing_rating,,,,an Italian tooled-leather wall panel,"an Italian tooled-leather wall panel made from embossed and gilded leather, showing scrolling acanthus leaves, heraldic forms, and brown-and-gold relief",a Spanish Córdoba guadamecí leather panel,"a Spanish Córdoba guadamecí leather panel made from silvered, painted, and embossed leather, showing Renaissance arabesques, flowers, and richly colored metallic relief",,,,,,False,3031,pair_097_native_SS_g3_r1_s3031,pair_097,97,,,,,,False,1,sample_0057,3,pair_097_standalone_A_g3_r1_s3031,pair_097_standalone_B_g3_r1_s3031
no_consensus_shift,False,False,False,an Acoma Pueblo pottery jar,"an Acoma Pueblo pottery jar with a pale clay body and black-and-red painting, showing -line rain, stepped-cloud, and interlocking geometric motifs",a Catawba burnished pottery jar,"a Catawba burnished pottery jar made of unglazed hand-coiled clay with a smoky brown surface, showing a polished finish and incised details",3,2,True,True,True,True,2023,pair_024_native_SS_g2_r3_s2023,pair_024,24,4,4,False,True,True,True,3,sample_0058,2,pair_024_standalone_A_g2_r3_s2023,pair_024_standalone_B_g2_r3_s2023
composition_mechanism_failure,True,False,True,a Moroccan Fes ceramic bowl,"a Moroccan Fes ceramic bowl with a white glazed body painted in cobalt blue, green, and yellow, showing organized star, arabesque, and palmette motifs",an Algerian Kabyle pottery bowl,"an Algerian Kabyle pottery bowl made of hand-built earthenware with red, black, and white painted decoration, showing triangles, chevrons, and protective geometric signs",1,3,True,True,True,True,2022,pair_018_native_SS_g2_r2_s2022,pair_018,18,3,4,True,True,True,True,2,sample_0059,2,pair_018_standalone_A_g2_r2_s2022,pair_018_standalone_B_g2_r2_s2022
missing_rating,,,,a Mexican Talavera de Puebla plate,"a Mexican Talavera de Puebla plate with opaque white tin glaze, decorated with cobalt-blue, yellow, green, and orange painted floral and geometric bands",a Romanian Horezu pottery plate,"a Romanian Horezu pottery plate made of glazed earthenware with combed slip decoration, showing brown, green, blue, and ochre spirals, rosettes, and the Horezu rooster",,,,,,True,1011,pair_016_native_SS_g1_r1_s1011,pair_016,16,,,,,,False,1,sample_0060,1,pair_016_standalone_A_g1_r1_s1011,pair_016_standalone_B_g1_r1_s1011
mixed_or_uncertain,True,False,True,a Chinese Jun ware ceramic bowl,"a Chinese Jun ware ceramic bowl with a thick opalescent blue glaze and irregular purple splashes, showing a simple rounded form and pooled color",a Japanese Hagi ware tea bowl,"a Japanese Hagi ware tea bowl with a porous stoneware body and milky white crackled glaze, showing a irregular foot and ash-toned surface",3,2,True,True,False,True,2021,pair_028_native_SS_g2_r1_s2021,pair_028,28,3,4,True,False,True,True,1,sample_0061,2,pair_028_standalone_A_g2_r1_s2021,pair_028_standalone_B_g2_r1_s2021
knowledge_insufficiency,True,True,True,a Japanese Raku tea bowl,"a Japanese Raku tea bowl with a hand-shaped low-fired body and irregular black glaze, showing a warped rim and tactile matte-to-gloss surface",a Korean buncheong tea bowl,"a Korean buncheong tea bowl made of gray stoneware brushed with white slip, showing stamped, incised, or freely painted decoration beneath a translucent glaze",2,2,True,False,False,True,1011,pair_021_native_SS_g1_r1_s1011,pair_021,21,2,3,True,False,False,True,1,sample_0062,1,pair_021_standalone_A_g1_r1_s1011,pair_021_standalone_B_g1_r1_s1011
missing_rating,,,,a French Sèvres porcelain vase,"a French Sèvres porcelain vase with a bleu-céleste ground, gilded bronze-like ornament, and painted floral or courtly reserve panels",a Russian Imperial Porcelain cobalt-net vase,"a Russian Imperial Porcelain cobalt-net vase with cobalt-blue lattice, gold intersections, and radiating rosette motifs",,,,,,False,1011,pair_007_native_SS_g1_r1_s1011,pair_007,7,,,,,,False,1,sample_0063,1,pair_007_standalone_A_g1_r1_s1011,pair_007_standalone_B_g1_r1_s1011
knowledge_insufficiency,False,True,True,a Chinese lacquered folding screen,"a Chinese lacquered folding screen with deep black lacquer, gilded outlines, and carved or painted garden scenes showing pavilions, birds, and flowering trees",a Vietnamese sơn mài lacquer screen,"a Vietnamese sơn mài lacquer screen with layered black, red, and gold lacquer polished to depth, showing stylized village scenes, bamboo, and eggshell inlay",3,1,True,False,False,True,3033,pair_040_native_SS_g3_r3_s3033,pair_040,40,5,3,True,True,False,True,3,sample_0064,3,pair_040_standalone_A_g3_r3_s3033,pair_040_standalone_B_g3_r3_s3033
no_consensus_shift,False,False,False,a Chinese cloisonné box,"a Chinese cloisonné box with turquoise and cobalt-blue enamel cells separated by gilded metal wires, showing lotus, cloud, and auspicious motifs",a Korean chilbo enamel box,"a Korean chilbo enamel box with colored enamel over a metal base, showing simplified plum blossoms, cranes, and geometric motifs in compact panels",4,3,True,True,True,True,3032,pair_042_native_SS_g3_r2_s3032,pair_042,42,4,4,False,True,True,True,2,sample_0065,3,pair_042_standalone_A_g3_r2_s3032,pair_042_standalone_B_g3_r2_s3032
knowledge_insufficiency,True,False,True,a Moroccan Fes ceramic bowl,"a Moroccan Fes ceramic bowl with a white glazed body painted in cobalt blue, green, and yellow, showing organized star, arabesque, and palmette motifs",an Algerian Kabyle pottery bowl,"an Algerian Kabyle pottery bowl made of hand-built earthenware with red, black, and white painted decoration, showing triangles, chevrons, and protective geometric signs",2,4,True,False,True,True,2023,pair_018_native_SS_g2_r3_s2023,pair_018,18,3,4,True,False,True,True,3,sample_0066,2,pair_018_standalone_A_g2_r3_s2023,pair_018_standalone_B_g2_r3_s2023
missing_rating,,,,a Russian Fabergé-style guilloché enamel box,"a Russian Fabergé-style guilloché enamel box with translucent enamel over machine-engraved radiating patterns, showing pastel color fields, gold mounts, and jeweled accents",an Indian Jaipur meenakari enamel box,"an Indian Jaipur meenakari enamel box with opaque red, green, blue, and white enamel on gilded metal, showing peacocks, flowers, and scrolling foliage",,,,,,False,3033,pair_043_native_SS_g3_r3_s3033,pair_043,43,,,,,,False,3,sample_0067,3,pair_043_standalone_A_g3_r3_s3033,pair_043_standalone_B_g3_r3_s3033
composition_mechanism_failure,False,True,True,a Japanese silk kimono,"a Japanese silk kimono with a lustrous woven ground and dyed or embroidered decoration, showing cranes, cherry blossoms, water, and seasonal motifs",a Lao sinh silk skirt,"a Lao sinh silk skirt with supplementary-weft silk bands and patterned borders, showing diamonds, serpents, temple forms, and jewel colors",4,1,True,True,True,True,2023,pair_061_native_SS_g2_r3_s2023,pair_061,61,4,3,True,True,True,True,3,sample_0068,2,pair_061_standalone_A_g2_r3_s2023,pair_061_standalone_B_g2_r3_s2023
missing_rating,,,,a Mexican Talavera de Puebla plate,"a Mexican Talavera de Puebla plate with opaque white tin glaze, decorated with cobalt-blue, yellow, green, and orange painted floral and geometric bands",a Romanian Horezu pottery plate,"a Romanian Horezu pottery plate made of glazed earthenware with combed slip decoration, showing brown, green, blue, and ochre spirals, rosettes, and the Horezu rooster",,,,,,False,2022,pair_016_native_SS_g2_r2_s2022,pair_016,16,,,,,,True,2,sample_0069,2,pair_016_standalone_A_g2_r2_s2022,pair_016_standalone_B_g2_r2_s2022
missing_rating,,,,a Chinese famille-rose porcelain vase,"a Chinese famille-rose porcelain vase with opaque pink, green, yellow, and turquoise overglaze enamels, showing peonies, birds, and auspicious garden scenes",a Hungarian Herend porcelain vase,"a Hungarian Herend porcelain vase with polychrome enamel painting and gilded rims, showing stylized butterflies, flowers, and scale-like fishnet patterns",,,,,,False,1012,pair_008_native_SS_g1_r2_s1012,pair_008,8,,,,,,False,2,sample_0070,1,pair_008_standalone_A_g1_r2_s1012,pair_008_standalone_B_g1_r2_s1012
missing_rating,,,,a Chinese famille-rose porcelain vase,"a Chinese famille-rose porcelain vase with opaque pink, green, yellow, and turquoise overglaze enamels, showing peonies, birds, and auspicious garden scenes",a Hungarian Herend porcelain vase,"a Hungarian Herend porcelain vase with polychrome enamel painting and gilded rims, showing stylized butterflies, flowers, and scale-like fishnet patterns",,,,,,False,3032,pair_008_native_SS_g3_r2_s3032,pair_008,8,,,,,,False,2,sample_0071,3,pair_008_standalone_A_g3_r2_s3032,pair_008_standalone_B_g3_r2_s3032
missing_rating,,,,a Chinese Dehua blanc-de-Chine porcelain figurine,"a Chinese Dehua blanc-de-Chine porcelain figurine with an ivory-white surface, modeled robes, and carved details without painted color",a Japanese Hirado porcelain figurine,"a Japanese Hirado porcelain figurine with delicate underglaze-blue accents, showing miniature modeling and textile details",,,,,,True,3033,pair_009_native_SS_g3_r3_s3033,pair_009,9,,,,,,False,3,sample_0072,3,pair_009_standalone_A_g3_r3_s3033,pair_009_standalone_B_g3_r3_s3033
missing_rating,,,,a Japanese silk kimono,"a Japanese silk kimono with a lustrous woven ground and dyed or embroidered decoration, showing cranes, cherry blossoms, water, and seasonal motifs",a Lao sinh silk skirt,"a Lao sinh silk skirt with supplementary-weft silk bands and patterned borders, showing diamonds, serpents, temple forms, and jewel colors",,,,,,True,3032,pair_061_native_SS_g3_r2_s3032,pair_061,61,,,,,,False,2,sample_0073,3,pair_061_standalone_A_g3_r2_s3032,pair_061_standalone_B_g3_r2_s3032
no_consensus_shift,False,False,False,a Mexican Otomi embroidered blouse,"a Mexican Otomi embroidered blouse worked in flat satin stitch, showing mirrored birds, deer, flowers, and fantastical animals around the neckline and sleeves",a Guatemalan huipil blouse,"a Guatemalan huipil blouse woven and embroidered in colors, showing diamonds, birds, maize, and community-specific geometric bands",2,3,True,False,True,True,1013,pair_075_native_SS_g1_r3_s1013,pair_075,75,4,4,False,True,True,True,3,sample_0074,1,pair_075_standalone_A_g1_r3_s1013,pair_075_standalone_B_g1_r3_s1013
missing_rating,,,,a Tibetan silver ritual box,"a Tibetan silver ritual box with repoussé silver, turquoise settings, and gilded details, showing lotus petals, cloud scrolls, and Buddhist auspicious symbols",a Balkan silver-filigree reliquary box,"a Balkan silver-filigree reliquary box with twisted silver wire and granulated bosses, showing crosses, rosettes, and compact geometric latticework",,,,,,True,2022,pair_059_native_SS_g2_r2_s2022,pair_059,59,,,,,,False,2,sample_0075,2,pair_059_standalone_A_g2_r2_s2022,pair_059_standalone_B_g2_r2_s2022
missing_rating,,,,an ancient Greek black-figure ceramic amphora,"an ancient Greek black-figure ceramic amphora with black silhouettes on red clay, showing mythological figures arranged in horizontal narrative registers",an ancient Cypriot bichrome ceramic amphora,"an ancient Cypriot bichrome ceramic amphora with red and black painted lines on a pale clay body, showing concentric circles, birds, and compact geometric panels",,,,,,False,1013,pair_023_native_SS_g1_r3_s1013,pair_023,23,,,,,,True,3,sample_0076,1,pair_023_standalone_A_g1_r3_s1013,pair_023_standalone_B_g1_r3_s1013
knowledge_insufficiency,True,False,True,a Spanish Toledo damascened box,"a Spanish Toledo damascened box made of blackened steel inlaid with gold and silver, showing Moorish arabesques and geometric filigree patterns",a Japanese nunome-zōgan metal-inlay box,"a Japanese nunome-zōgan metal-inlay box made of dark iron overlaid with gold and silver textile-like inlay, showing waves, flowers, and geometric bands",2,3,True,False,False,True,1011,pair_045_native_SS_g1_r1_s1011,pair_045,45,2,4,True,False,True,True,1,sample_0077,1,pair_045_standalone_A_g1_r1_s1011,pair_045_standalone_B_g1_r1_s1011
missing_rating,,,,a Russian matryoshka wooden doll,"a Russian matryoshka wooden doll with a turned wooden body painted in colors, showing a smiling figure in a floral headscarf and apron",a Japanese Tsugaru kokeshi wooden doll,"a Japanese Tsugaru kokeshi wooden doll with a lathe-turned cylindrical body and rounded head, showing painted rings, chrysanthemum motifs, and a simple face",,,,,,True,1013,pair_098_native_SS_g1_r3_s1013,pair_098,98,,,,,,False,3,sample_0078,1,pair_098_standalone_A_g1_r3_s1013,pair_098_standalone_B_g1_r3_s1013
missing_rating,,,,a Persian floral carpet,"a Persian floral carpet with a wool pile and central medallion, showing curving vines, palmettes, and flowers in deep red, blue, and ivory",an Armenian Karabakh carpet,"an Armenian Karabakh carpet with a wool pile in red, blue, green, and cream, showing floral medallions and elongated geometric forms",,,,,,True,3033,pair_083_native_SS_g3_r3_s3033,pair_083,83,,,,,,False,3,sample_0079,3,pair_083_standalone_A_g3_r3_s3033,pair_083_standalone_B_g3_r3_s3033
mixed_or_uncertain,False,True,True,a Persian floral carpet,"a Persian floral carpet with a wool pile and central medallion, showing curving vines, palmettes, and flowers in deep red, blue, and ivory",a Turkmen Tekke carpet,"a Turkmen Tekke carpet with a deep red wool pile and repeated octagonal guls, showing compact black, white, and dark-blue tribal geometry",5,0,True,True,False,True,1012,pair_081_native_SS_g1_r2_s1012,pair_081,81,5,3,True,True,True,True,2,sample_0080,1,pair_081_standalone_A_g1_r2_s1012,pair_081_standalone_B_g1_r2_s1012
missing_rating,,,,a Japanese raden lacquerware tray,"a Japanese raden lacquerware tray with deep black lacquer and iridescent mother-of-pearl shell inlay forming bird, flower, and geometric motifs",a Korean najeonchilgi lacquerware tray,"a Korean najeonchilgi lacquerware tray with black lacquer and mother-of-pearl inlay, showing chrysanthemum scrolls, cranes, and repeated geometric borders",,,,,,True,3031,pair_035_native_SS_g3_r1_s3031,pair_035,35,,,,,,False,1,sample_0081,3,pair_035_standalone_A_g3_r1_s3031,pair_035_standalone_B_g3_r1_s3031
missing_rating,,,,a Mexican Mata Ortiz pottery jar,"a Mexican Mata Ortiz pottery jar with a thin-walled polished clay body and black-and-red painting, showing interlocking geometric and Mimbres-inspired animal motifs",a Serbian Zlakusa pottery jar,"a Serbian Zlakusa pottery jar made from clay mixed with ground calcite, showing a unglazed surface, rounded cooking-vessel form, and sparse incised bands",,,,,,False,1012,pair_025_native_SS_g1_r2_s1012,pair_025,25,,,,,,True,2,sample_0082,1,pair_025_standalone_A_g1_r2_s1012,pair_025_standalone_B_g1_r2_s1012
missing_rating,,,,an Indian Dhokra bronze figurine,"an Indian Dhokra bronze figurine made by lost-wax casting with an earthy bronze surface, showing elongated limbs, coiled-wire textures, and stylized tribal ornament",a Ghanaian Asante brass goldweight figurine,"a Ghanaian Asante brass goldweight figurine made by lost-wax casting in compact geometric form, showing a proverb-inspired human, animal, or tool motif with textured details",,,,,,False,1013,pair_055_native_SS_g1_r3_s1013,pair_055,55,,,,,,False,3,sample_0083,1,pair_055_standalone_A_g1_r3_s1013,pair_055_standalone_B_g1_r3_s1013
missing_rating,,,,a French Sèvres porcelain vase,"a French Sèvres porcelain vase with a bleu-céleste ground, gilded bronze-like ornament, and painted floral or courtly reserve panels",a Russian Imperial Porcelain cobalt-net vase,"a Russian Imperial Porcelain cobalt-net vase with cobalt-blue lattice, gold intersections, and radiating rosette motifs",,,,,,True,2023,pair_007_native_SS_g2_r3_s2023,pair_007,7,,,,,,False,3,sample_0084,2,pair_007_standalone_A_g2_r3_s2023,pair_007_standalone_B_g2_r3_s2023
missing_rating,,,,a Russian matryoshka wooden doll,"a Russian matryoshka wooden doll with a turned wooden body painted in colors, showing a smiling figure in a floral headscarf and apron",a Japanese Tsugaru kokeshi wooden doll,"a Japanese Tsugaru kokeshi wooden doll with a lathe-turned cylindrical body and rounded head, showing painted rings, chrysanthemum motifs, and a simple face",,,,,,False,2023,pair_098_native_SS_g2_r3_s2023,pair_098,98,,,,,,False,3,sample_0085,2,pair_098_standalone_A_g2_r3_s2023,pair_098_standalone_B_g2_r3_s2023
missing_rating,,,,a Venetian millefiori glass-bead necklace,"a Venetian millefiori glass-bead necklace made from multicolored glass canes sliced into flower-like beads, showing red, blue, yellow, white, and green mosaic patterns",a Ghanaian Krobo powder-glass-bead necklace,"a Ghanaian Krobo powder-glass-bead necklace made from molded recycled glass powder, showing opaque hand-painted stripes, dots, chevrons, and earth and jewel colors",,,,,,False,2023,pair_093_native_SS_g2_r3_s2023,pair_093,93,,,,,,True,3,sample_0086,2,pair_093_standalone_A_g2_r3_s2023,pair_093_standalone_B_g2_r3_s2023
missing_rating,,,,an Indian Banarasi brocade sari,"an Indian Banarasi brocade sari woven in rich silk with gold zari, showing floral buta, scrolling vines, and elaborate architectural borders",a Bhutanese kushuthara silk kira,"a Bhutanese kushuthara silk kira woven in silk with supplementary-weft patterning, showing geometric flowers, diamonds, and horizontal bands",,,,,,True,1011,pair_063_native_SS_g1_r1_s1011,pair_063,63,,,,,,False,1,sample_0087,1,pair_063_standalone_A_g1_r1_s1011,pair_063_standalone_B_g1_r1_s1011
no_consensus_shift,False,False,False,a Turkish flat-woven kilim,"a Turkish flat-woven kilim with interlocked wool wefts in red, blue, orange, and cream, showing hooked diamonds, ram horns, and stepped medallions",a Romanian Oltenian kilim,"a Romanian Oltenian kilim with a flat-woven wool surface in red, green, blue, and cream, showing stylized flowers, birds, and vertical bouquet arrangements",4,1,True,False,False,True,1013,pair_085_native_SS_g1_r3_s1013,pair_085,85,4,4,False,False,False,True,3,sample_0088,1,pair_085_standalone_A_g1_r3_s1013,pair_085_standalone_B_g1_r3_s1013
mixed_or_uncertain,False,True,True,a Chinese blue-and-white porcelain plate,"a Chinese blue-and-white porcelain plate with cobalt-blue underglaze painting, showing Chinese landscape, lotus, and scrolling-cloud motifs",a Japanese Nabeshima porcelain plate,"a Japanese Nabeshima porcelain plate with underglaze-blue outlines and sparse overglaze color, showing asymmetrical flowers, textiles, and geometric border motifs",4,2,True,True,False,True,3032,pair_002_native_SS_g3_r2_s3032,pair_002,2,5,3,True,True,True,True,2,sample_0089,3,pair_002_standalone_A_g3_r2_s3032,pair_002_standalone_B_g3_r2_s3032
no_consensus_shift,False,False,False,a Russian matryoshka wooden doll,"a Russian matryoshka wooden doll with a turned wooden body painted in colors, showing a smiling figure in a floral headscarf and apron",a Japanese Tsugaru kokeshi wooden doll,"a Japanese Tsugaru kokeshi wooden doll with a lathe-turned cylindrical body and rounded head, showing painted rings, chrysanthemum motifs, and a simple face",3,2,True,True,True,True,3033,pair_098_native_SS_g3_r3_s3033,pair_098,98,4,4,False,True,True,True,3,sample_0090,3,pair_098_standalone_A_g3_r3_s3033,pair_098_standalone_B_g3_r3_s3033
mixed_or_uncertain,True,True,True,a Spanish Toledo damascened vase,"a Spanish Toledo damascened vase made of blackened steel inlaid with gold and silver, showing Moorish arabesques and geometric filigree patterns",a Korean ipsa metal-inlay vase,"a Korean ipsa metal-inlay vase made of dark patinated metal inlaid with silver wire, showing cranes, clouds, and sparse linear landscape motifs",2,2,True,True,False,True,3033,pair_046_native_SS_g3_r3_s3033,pair_046,46,2,3,True,False,True,True,3,sample_0091,3,pair_046_standalone_A_g3_r3_s3033,pair_046_standalone_B_g3_r3_s3033
mixed_or_uncertain,True,False,True,a Venetian Murano glass vase,"a Venetian Murano glass vase made from vividly colored blown glass with layered canes, showing curves, millefiori accents, and polished translucent depth",a Palestinian Hebron blown-glass vase,"a Palestinian Hebron blown-glass vase made from recycled glass in translucent turquoise and green, showing a irregular hand-blown body, bubbles, and applied glass trails",3,4,True,True,True,True,2021,pair_091_native_SS_g2_r1_s2021,pair_091,91,2,4,True,False,True,True,1,sample_0092,2,pair_091_standalone_A_g2_r1_s2021,pair_091_standalone_B_g2_r1_s2021
no_consensus_shift,False,False,False,a Chinese cloisonné vase,"a Chinese cloisonné vase with turquoise and cobalt-blue enamel cells separated by gilded metal wires, showing lotus, cloud, and auspicious motifs",a Georgian Minankari enamel vase,"a Georgian Minankari enamel vase with translucent jewel-toned enamel over engraved silver, showing compact flowers, birds, and scrolling vines outlined by metalwork",4,2,True,True,True,True,1011,pair_041_native_SS_g1_r1_s1011,pair_041,41,4,4,False,True,True,True,1,sample_0093,1,pair_041_standalone_A_g1_r1_s1011,pair_041_standalone_B_g1_r1_s1011
missing_rating,,,,an Indian Ajrakh block-printed cloth,"an Indian Ajrakh block-printed cloth with layered resist printing in indigo, madder red, black, and white, showing precisely repeated stars and interlocking geometry",a Chinese Nantong blue-calico cloth,"a Chinese Nantong blue-calico cloth with indigo resist dyeing on cotton, showing white flowers, birds, fish, and auspicious folk motifs against a deep-blue ground",,,,,,True,1013,pair_073_native_SS_g1_r3_s1013,pair_073,73,,,,,,False,3,sample_0094,1,pair_073_standalone_A_g1_r3_s1013,pair_073_standalone_B_g1_r3_s1013
missing_rating,,,,a Chinese blue-and-white porcelain vase,"a Chinese blue-and-white porcelain vase with cobalt-blue underglaze painting, showing Chinese landscape, lotus, and scrolling-cloud motifs",a Thai Bencharong porcelain vase,"a Thai Bencharong porcelain vase with polychrome overglaze enamel and gold outlines, showing repeating flame, deity, and floral motifs on a dark ground",,,,,,False,2023,pair_003_native_SS_g2_r3_s2023,pair_003,3,,,,,,False,3,sample_0095,2,pair_003_standalone_A_g2_r3_s2023,pair_003_standalone_B_g2_r3_s2023
missing_rating,,,,an Indian Bidriware box,"an Indian Bidriware box made of blackened zinc alloy inlaid with silver, showing poppy flowers, geometric lattices, and arabesques",an Egyptian Mamluk-style inlaid-brass box,"an Egyptian Mamluk-style inlaid-brass box made of brass inlaid with silver and copper, showing monumental calligraphy, interlaced medallions, and geometric borders",,,,,,False,3033,pair_048_native_SS_g3_r3_s3033,pair_048,48,,,,,,False,3,sample_0096,3,pair_048_standalone_A_g3_r3_s3033,pair_048_standalone_B_g3_r3_s3033
no_consensus_shift,False,False,False,a Japanese woven-bamboo basket,"a Japanese woven-bamboo basket made from split bamboo in a open weave, showing hexagonal plaiting, curved handles, and an asymmetrical sculptural profile",a Philippine nito-vine basket,"a Philippine nito-vine basket woven from dark nito vine over a lighter structural frame, showing tight black-and-tan spirals, diamonds, and rhythmic geometric bands",2,2,True,False,True,True,1012,pair_094_native_SS_g1_r2_s1012,pair_094,94,4,4,False,True,True,True,2,sample_0097,1,pair_094_standalone_A_g1_r2_s1012,pair_094_standalone_B_g1_r2_s1012
missing_rating,,,,an English Wedgwood jasperware vase,"an English Wedgwood jasperware vase with a matte blue stoneware body and white relief decoration, showing classical figures, laurel swags, and geometric borders",a Portuguese Caldas da Rainha ceramic vase,"a Portuguese Caldas da Rainha ceramic vase with brightly glazed sculptural earthenware, showing naturalistic leaves, fruit, insects, and textured relief surfaces",,,,,,False,1011,pair_027_native_SS_g1_r1_s1011,pair_027,27,,,,,,True,1,sample_0098,1,pair_027_standalone_A_g1_r1_s1011,pair_027_standalone_B_g1_r1_s1011
missing_rating,,,,a Japanese Imari porcelain jar,"a Japanese Imari porcelain jar with cobalt-blue underglaze and iron-red and gold overglaze decoration, showing floral panels and patterned reserves",a Korean Joseon iron-painted porcelain jar,"a Korean Joseon iron-painted porcelain jar with freely brushed iron-brown decoration on white porcelain, showing dragons, bamboo, or abbreviated floral motifs",,,,,,False,1013,pair_004_native_SS_g1_r3_s1013,pair_004,4,,,,,,True,3,sample_0099,1,pair_004_standalone_A_g1_r3_s1013,pair_004_standalone_B_g1_r3_s1013
mixed_or_uncertain,True,False,True,an Indonesian batik cloth,"an Indonesian batik cloth with wax-resist dyeing in indigo, brown, and cream, showing parang diagonals, kawung rosettes, and densely repeated floral motifs",a Nigerian adire cloth,"a Nigerian adire cloth with indigo resist-dyed cotton, showing white circles, grids, comb-like marks, and hand-drawn or stitched geometric patterns",2,3,True,False,True,True,3033,pair_071_native_SS_g3_r3_s3033,pair_071,71,4,4,True,True,True,True,3,sample_0100,3,pair_071_standalone_A_g3_r3_s3033,pair_071_standalone_B_g3_r3_s3033
missing_rating,,,,a Japanese woven-bamboo basket,"a Japanese woven-bamboo basket made from split bamboo in a open weave, showing hexagonal plaiting, curved handles, and an asymmetrical sculptural profile",a Philippine nito-vine basket,"a Philippine nito-vine basket woven from dark nito vine over a lighter structural frame, showing tight black-and-tan spirals, diamonds, and rhythmic geometric bands",,,,,,False,2021,pair_094_native_SS_g2_r1_s2021,pair_094,94,,,,,,False,1,sample_0101,2,pair_094_standalone_A_g2_r1_s2021,pair_094_standalone_B_g2_r1_s2021
knowledge_insufficiency,False,True,True,a Mexican Mata Ortiz pottery jar,"a Mexican Mata Ortiz pottery jar with a thin-walled polished clay body and black-and-red painting, showing interlocking geometric and Mimbres-inspired animal motifs",a Serbian Zlakusa pottery jar,"a Serbian Zlakusa pottery jar made from clay mixed with ground calcite, showing a unglazed surface, rounded cooking-vessel form, and sparse incised bands",3,2,True,True,False,True,1011,pair_025_native_SS_g1_r1_s1011,pair_025,25,4,3,True,True,False,True,1,sample_0102,1,pair_025_standalone_A_g1_r1_s1011,pair_025_standalone_B_g1_r1_s1011
missing_rating,,,,a Chinese cloisonné vase,"a Chinese cloisonné vase with turquoise and cobalt-blue enamel cells separated by gilded metal wires, showing lotus, cloud, and auspicious motifs",a Georgian Minankari enamel vase,"a Georgian Minankari enamel vase with translucent jewel-toned enamel over engraved silver, showing compact flowers, birds, and scrolling vines outlined by metalwork",,,,,,True,3032,pair_041_native_SS_g3_r2_s3032,pair_041,41,,,,,,False,2,sample_0103,3,pair_041_standalone_A_g3_r2_s3032,pair_041_standalone_B_g3_r2_s3032
no_consensus_shift,False,False,False,a German Meissen porcelain figurine,"a German Meissen porcelain figurine with modeled forms, painted in overglaze colors with gilded Rococo details",an Italian Capodimonte porcelain figurine,"an Italian Capodimonte porcelain figurine with modeled porcelain drapery and flowers, painted in pastel colors with theatrical Baroque gestures",4,3,True,True,True,True,2022,pair_006_native_SS_g2_r2_s2022,pair_006,6,5,5,False,True,True,True,2,sample_0104,2,pair_006_standalone_A_g2_r2_s2022,pair_006_standalone_B_g2_r2_s2022
missing_rating,,,,a Chinese blue-and-white porcelain plate,"a Chinese blue-and-white porcelain plate with cobalt-blue underglaze painting, showing Chinese landscape, lotus, and scrolling-cloud motifs",a Japanese Nabeshima porcelain plate,"a Japanese Nabeshima porcelain plate with underglaze-blue outlines and sparse overglaze color, showing asymmetrical flowers, textiles, and geometric border motifs",,,,,,False,2023,pair_002_native_SS_g2_r3_s2023,pair_002,2,,,,,,True,3,sample_0105,2,pair_002_standalone_A_g2_r3_s2023,pair_002_standalone_B_g2_r3_s2023
missing_rating,,,,a Chinese silk-brocade robe,"a Chinese silk-brocade robe woven with colored silk and gold thread, showing dragons, clouds, waves, and organized auspicious emblems",an Assamese muga-silk robe,"an Assamese muga-silk robe woven from naturally golden silk with red, green, and black supplementary motifs, showing stylized flowers and geometric borders",,,,,,True,2023,pair_066_native_SS_g2_r3_s2023,pair_066,66,,,,,,False,3,sample_0106,2,pair_066_standalone_A_g2_r3_s2023,pair_066_standalone_B_g2_r3_s2023
missing_rating,,,,a Russian brass samovar,"a Russian brass samovar with a polished urn-shaped body, side handles, and ornate spigot, showing engraved floral bands and architectural details",an Iranian Qajar brass samovar,"an Iranian Qajar brass samovar with a tall faceted brass body, curved handles, and engraved panels showing birds, flowers, and courtly motifs",,,,,,True,1011,pair_058_native_SS_g1_r1_s1011,pair_058,58,,,,,,False,1,sample_0107,1,pair_058_standalone_A_g1_r1_s1011,pair_058_standalone_B_g1_r1_s1011
missing_rating,,,,an Indonesian ikat textile panel,"an Indonesian ikat textile panel woven from resist-dyed threads with feathered edges, showing diamonds, ancestor figures, and rhythmic color bands",an Iban pua kumbu textile panel,"an Iban pua kumbu textile panel woven in warp ikat with deep red, black, and cream yarns, showing powerful hooked figures, spirit motifs, and mirrored geometric bands",,,,,,True,1013,pair_068_native_SS_g1_r3_s1013,pair_068,68,,,,,,False,3,sample_0108,1,pair_068_standalone_A_g1_r3_s1013,pair_068_standalone_B_g1_r3_s1013
missing_rating,,,,a Persian floral carpet,"a Persian floral carpet with a wool pile and central medallion, showing curving vines, palmettes, and flowers in deep red, blue, and ivory",a Turkmen Tekke carpet,"a Turkmen Tekke carpet with a deep red wool pile and repeated octagonal guls, showing compact black, white, and dark-blue tribal geometry",,,,,,False,2023,pair_081_native_SS_g2_r3_s2023,pair_081,81,,,,,,False,3,sample_0109,2,pair_081_standalone_A_g2_r3_s2023,pair_081_standalone_B_g2_r3_s2023
missing_rating,,,,a Chinese black-lacquer wooden bowl,"a Chinese black-lacquer wooden bowl with a deep-black lacquer surface and red or gold linear decoration, showing a thin balanced profile",a Burmese yun lacquerware bowl,"a Burmese yun lacquerware bowl with black lacquer incised and filled with red, green, and yellow pigments, showing zodiac figures and geometric bands",,,,,,True,2022,pair_037_native_SS_g2_r2_s2022,pair_037,37,,,,,,False,2,sample_0110,2,pair_037_standalone_A_g2_r2_s2022,pair_037_standalone_B_g2_r2_s2022
missing_rating,,,,an Indian Ajrakh block-printed cloth,"an Indian Ajrakh block-printed cloth with layered resist printing in indigo, madder red, black, and white, showing precisely repeated stars and interlocking geometry",a Chinese Nantong blue-calico cloth,"a Chinese Nantong blue-calico cloth with indigo resist dyeing on cotton, showing white flowers, birds, fish, and auspicious folk motifs against a deep-blue ground",,,,,,False,2022,pair_073_native_SS_g2_r2_s2022,pair_073,73,,,,,,True,2,sample_0111,2,pair_073_standalone_A_g2_r2_s2022,pair_073_standalone_B_g2_r2_s2022
missing_rating,,,,an Indian Bidriware box,"an Indian Bidriware box made of blackened zinc alloy inlaid with silver, showing poppy flowers, geometric lattices, and arabesques",an Egyptian Mamluk-style inlaid-brass box,"an Egyptian Mamluk-style inlaid-brass box made of brass inlaid with silver and copper, showing monumental calligraphy, interlaced medallions, and geometric borders",,,,,,True,2022,pair_048_native_SS_g2_r2_s2022,pair_048,48,,,,,,False,2,sample_0112,2,pair_048_standalone_A_g2_r2_s2022,pair_048_standalone_B_g2_r2_s2022
missing_rating,,,,a Chinese Dehua blanc-de-Chine porcelain figurine,"a Chinese Dehua blanc-de-Chine porcelain figurine with an ivory-white surface, modeled robes, and carved details without painted color",a Japanese Hirado porcelain figurine,"a Japanese Hirado porcelain figurine with delicate underglaze-blue accents, showing miniature modeling and textile details",,,,,,True,1013,pair_009_native_SS_g1_r3_s1013,pair_009,9,,,,,,False,3,sample_0113,1,pair_009_standalone_A_g1_r3_s1013,pair_009_standalone_B_g1_r3_s1013
missing_rating,,,,a Chinese lacquered folding screen,"a Chinese lacquered folding screen with deep black lacquer, gilded outlines, and carved or painted garden scenes showing pavilions, birds, and flowering trees",a Vietnamese sơn mài lacquer screen,"a Vietnamese sơn mài lacquer screen with layered black, red, and gold lacquer polished to depth, showing stylized village scenes, bamboo, and eggshell inlay",,,,,,False,1013,pair_040_native_SS_g1_r3_s1013,pair_040,40,,,,,,False,3,sample_0114,1,pair_040_standalone_A_g1_r3_s1013,pair_040_standalone_B_g1_r3_s1013
missing_rating,,,,an Indonesian batik cloth,"an Indonesian batik cloth with wax-resist dyeing in indigo, brown, and cream, showing parang diagonals, kawung rosettes, and densely repeated floral motifs",a Nigerian adire cloth,"a Nigerian adire cloth with indigo resist-dyed cotton, showing white circles, grids, comb-like marks, and hand-drawn or stitched geometric patterns",,,,,,False,1011,pair_071_native_SS_g1_r1_s1011,pair_071,71,,,,,,False,1,sample_0115,1,pair_071_standalone_A_g1_r1_s1011,pair_071_standalone_B_g1_r1_s1011
missing_rating,,,,a Moroccan geometric wool rug,"a Moroccan geometric wool rug with a hand-knotted or flat-woven wool surface, showing diamonds, zigzags, and irregular bands in earth colors",an Afghan Baluch wool rug,"an Afghan Baluch wool rug with a dark wool pile in deep red, brown, navy, and ivory, showing repeated prayer niches, hooked medallions, and compact tribal borders",,,,,,False,1011,pair_090_native_SS_g1_r1_s1011,pair_090,90,,,,,,False,1,sample_0116,1,pair_090_standalone_A_g1_r1_s1011,pair_090_standalone_B_g1_r1_s1011
missing_rating,,,,a Turkish flat-woven kilim,"a Turkish flat-woven kilim with interlocked wool wefts in red, blue, orange, and cream, showing hooked diamonds, ram horns, and stepped medallions",a Romanian Oltenian kilim,"a Romanian Oltenian kilim with a flat-woven wool surface in red, green, blue, and cream, showing stylized flowers, birds, and vertical bouquet arrangements",,,,,,True,3031,pair_085_native_SS_g3_r1_s3031,pair_085,85,,,,,,False,1,sample_0117,3,pair_085_standalone_A_g3_r1_s3031,pair_085_standalone_B_g3_r1_s3031
missing_rating,,,,an Inuit soapstone figurine,"an Inuit soapstone figurine carved from dark gray-green stone with rounded tactile surfaces, showing a compact animal or human figure with incised details",a Kenyan Kisii soapstone figurine,"a Kenyan Kisii soapstone figurine carved from pale soapstone and polished, showing an abstract intertwined human or animal form with rounded contours",,,,,,False,3031,pair_100_native_SS_g3_r1_s3031,pair_100,100,,,,,,False,1,sample_0118,3,pair_100_standalone_A_g3_r1_s3031,pair_100_standalone_B_g3_r1_s3031
no_consensus_shift,False,False,False,a Japanese Imari porcelain plate,"a Japanese Imari porcelain plate with cobalt-blue underglaze and iron-red and gold overglaze decoration, showing radial floral panels and patterned reserves",a Japanese Kutani porcelain plate,"a Japanese Kutani porcelain plate with polychrome overglaze enamels in green, yellow, red, purple, and blue, showing floral and landscape panels",4,2,True,True,False,True,3032,pair_005_native_SS_g3_r2_s3032,pair_005,5,5,4,False,True,True,True,2,sample_0119,3,pair_005_standalone_A_g3_r2_s3032,pair_005_standalone_B_g3_r2_s3032
missing_rating,,,,a Mexican Otomi embroidered blouse,"a Mexican Otomi embroidered blouse worked in flat satin stitch, showing mirrored birds, deer, flowers, and fantastical animals around the neckline and sleeves",a Guatemalan huipil blouse,"a Guatemalan huipil blouse woven and embroidered in colors, showing diamonds, birds, maize, and community-specific geometric bands",,,,,,False,1011,pair_075_native_SS_g1_r1_s1011,pair_075,75,,,,,,True,1,sample_0120,1,pair_075_standalone_A_g1_r1_s1011,pair_075_standalone_B_g1_r1_s1011
missing_rating,,,,an Indonesian batik cloth,"an Indonesian batik cloth with wax-resist dyeing in indigo, brown, and cream, showing parang diagonals, kawung rosettes, and densely repeated floral motifs",a Nigerian adire cloth,"a Nigerian adire cloth with indigo resist-dyed cotton, showing white circles, grids, comb-like marks, and hand-drawn or stitched geometric patterns",,,,,,True,2021,pair_071_native_SS_g2_r1_s2021,pair_071,71,,,,,,False,1,sample_0121,2,pair_071_standalone_A_g2_r1_s2021,pair_071_standalone_B_g2_r1_s2021
missing_rating,,,,a Persian floral carpet,"a Persian floral carpet with a wool pile and central medallion, showing curving vines, palmettes, and flowers in deep red, blue, and ivory",an Armenian Karabakh carpet,"an Armenian Karabakh carpet with a wool pile in red, blue, green, and cream, showing floral medallions and elongated geometric forms",,,,,,False,3032,pair_083_native_SS_g3_r2_s3032,pair_083,83,,,,,,False,2,sample_0122,3,pair_083_standalone_A_g3_r2_s3032,pair_083_standalone_B_g3_r2_s3032
missing_rating,,,,a Dutch blue-and-white Delftware vase,"a Dutch blue-and-white Delftware vase with opaque white tin glaze, painted in cobalt blue with canal-house, tulip, and ornamental border motifs",a Tunisian Qallaline faience vase,"a Tunisian Qallaline faience vase with tin glaze, painted in cobalt blue, green, ochre, and manganese with cypress, arch, and floral motifs",,,,,,False,3032,pair_013_native_SS_g3_r2_s3032,pair_013,13,,,,,,True,2,sample_0123,3,pair_013_standalone_A_g3_r2_s3032,pair_013_standalone_B_g3_r2_s3032
missing_rating,,,,an Acoma Pueblo pottery jar,"an Acoma Pueblo pottery jar with a pale clay body and black-and-red painting, showing -line rain, stepped-cloud, and interlocking geometric motifs",a Catawba burnished pottery jar,"a Catawba burnished pottery jar made of unglazed hand-coiled clay with a smoky brown surface, showing a polished finish and incised details",,,,,,False,2022,pair_024_native_SS_g2_r2_s2022,pair_024,24,,,,,,False,2,sample_0124,2,pair_024_standalone_A_g2_r2_s2022,pair_024_standalone_B_g2_r2_s2022
missing_rating,,,,a Japanese Tsugaru-nuri lacquerware box,"a Japanese Tsugaru-nuri lacquerware box with many polished lacquer layers forming mottled red, black, yellow, and green patterns across a geometric form",a Kashmiri papier-mâché lacquer box,"a Kashmiri papier-mâché lacquer box with a lacquered paper-pulp body painted in gold and jewel colors, showing chinar leaves, flowers, and arabesques",,,,,,True,3032,pair_039_native_SS_g3_r2_s3032,pair_039,39,,,,,,False,2,sample_0125,3,pair_039_standalone_A_g3_r2_s3032,pair_039_standalone_B_g3_r2_s3032
missing_rating,,,,an Indian Dhokra bronze figurine,"an Indian Dhokra bronze figurine made by lost-wax casting with an earthy bronze surface, showing elongated limbs, coiled-wire textures, and stylized tribal ornament",a Ghanaian Asante brass goldweight figurine,"a Ghanaian Asante brass goldweight figurine made by lost-wax casting in compact geometric form, showing a proverb-inspired human, animal, or tool motif with textured details",,,,,,False,1011,pair_055_native_SS_g1_r1_s1011,pair_055,55,,,,,,False,1,sample_0126,1,pair_055_standalone_A_g1_r1_s1011,pair_055_standalone_B_g1_r1_s1011
no_consensus_shift,False,False,False,an Indian Bidriware vase,"an Indian Bidriware vase made of blackened zinc alloy inlaid with silver, showing poppy flowers, geometric lattices, and arabesques",a Syrian Damascene inlaid-brass vase,"a Syrian Damascene inlaid-brass vase made of darkened brass inlaid with silver and copper, showing calligraphic bands, interlaced stars, and scrolling arabesques",3,3,True,True,True,True,2023,pair_047_native_SS_g2_r3_s2023,pair_047,47,4,4,False,True,True,True,3,sample_0127,2,pair_047_standalone_A_g2_r3_s2023,pair_047_standalone_B_g2_r3_s2023
missing_rating,,,,a Chinese carved cinnabar-lacquer box,"a Chinese carved cinnabar-lacquer box with thick vermilion lacquer carved in deep relief, showing peonies, dragons, and layered landscape scenes over geometric grounds",a Bhutanese lacquered wooden box,"a Bhutanese lacquered wooden box with a red or black lacquer surface, showing hand-painted lotus petals, cloud bands, and Buddhist auspicious motifs",,,,,,True,3031,pair_033_native_SS_g3_r1_s3031,pair_033,33,,,,,,False,1,sample_0128,3,pair_033_standalone_A_g3_r1_s3031,pair_033_standalone_B_g3_r1_s3031
missing_rating,,,,a Korean Goryeo celadon maebyeong vase,"a Korean Goryeo celadon maebyeong vase with a green celadon glaze and pale slip inlay, showing cranes, clouds, and chrysanthemum medallions",a Thai Sawankhalok celadon jar,"a Thai Sawankhalok celadon jar with an olive-green crackled glaze on a stoneware body, showing incised lotus petals and simple ring bands",,,,,,False,1013,pair_011_native_SS_g1_r3_s1013,pair_011,11,,,,,,False,3,sample_0129,1,pair_011_standalone_A_g1_r3_s1013,pair_011_standalone_B_g1_r3_s1013
missing_rating,,,,an Indian Patola double-ikat textile panel,"an Indian Patola double-ikat textile panel woven from precisely resist-dyed silk warp and weft, showing dancing figures, elephants, flowers, and geometric grids",a Timorese tais textile panel,"a Timorese tais textile panel woven in cotton warp ikat with red, black, yellow, and white bands, showing hooks, diamonds, and locally specific ancestral motifs",,,,,,False,2023,pair_070_native_SS_g2_r3_s2023,pair_070,70,,,,,,False,3,sample_0130,2,pair_070_standalone_A_g2_r3_s2023,pair_070_standalone_B_g2_r3_s2023
missing_rating,,,,an Italian Renaissance maiolica vase,"an Italian Renaissance maiolica vase with opaque white tin glaze, painted in cobalt blue, ochre yellow, copper green, and manganese purple with a figurative medallion and scrolling foliage",a Spanish Manises lusterware vase,"a Spanish Manises lusterware vase made of tin-glazed earthenware with coppery metallic luster, showing cobalt-blue vines, heraldic shields, and repeating leaf motifs",,,,,,True,3033,pair_015_native_SS_g3_r3_s3033,pair_015,15,,,,,,False,3,sample_0131,3,pair_015_standalone_A_g3_r3_s3033,pair_015_standalone_B_g3_r3_s3033
missing_rating,,,,a Mexican Otomi embroidered blouse,"a Mexican Otomi embroidered blouse worked in flat satin stitch, showing mirrored birds, deer, flowers, and fantastical animals around the neckline and sleeves",a Guatemalan huipil blouse,"a Guatemalan huipil blouse woven and embroidered in colors, showing diamonds, birds, maize, and community-specific geometric bands",,,,,,True,3033,pair_075_native_SS_g3_r3_s3033,pair_075,75,,,,,,False,3,sample_0132,3,pair_075_standalone_A_g3_r3_s3033,pair_075_standalone_B_g3_r3_s3033
missing_rating,,,,a Moroccan tooled-leather box,"a Moroccan tooled-leather box covered in brown leather with stamped and painted ornament, showing stars, arabesques, and scalloped geometric borders",a Tuareg tooled-leather box,"a Tuareg tooled-leather box covered in dark leather with incised and colored decoration, showing triangles, crosses, zigzags, and applied metal studs",,,,,,False,1011,pair_096_native_SS_g1_r1_s1011,pair_096,96,,,,,,False,1,sample_0133,1,pair_096_standalone_A_g1_r1_s1011,pair_096_standalone_B_g1_r1_s1011
missing_rating,,,,a Moroccan engraved-brass tray,"a Moroccan engraved-brass tray with a polished brass surface densely chased with radiating stars, arabesques, and scalloped geometric borders",a Persian qalamzani copper tray,"a Persian qalamzani copper tray with a darkened chased copper surface, showing hunting scenes, birds, flowers, and concentric arabesque bands",,,,,,True,1012,pair_051_native_SS_g1_r2_s1012,pair_051,51,,,,,,False,2,sample_0134,1,pair_051_standalone_A_g1_r2_s1012,pair_051_standalone_B_g1_r2_s1012
mixed_or_uncertain,False,True,True,a Japanese raden lacquerware lidded box,"a Japanese raden lacquerware lidded box with deep black lacquer and iridescent mother-of-pearl shell inlay forming bird, flower, and geometric motifs",a Mexican Olinalá lacquerware lidded box,"a Mexican Olinalá lacquerware lidded box made from linaloe wood, with red, ochre, green, blue, and white floral and animal decoration and incised rayado patterns",3,2,True,False,False,True,2022,pair_034_native_SS_g2_r2_s2022,pair_034,34,4,3,True,True,True,True,2,sample_0135,2,pair_034_standalone_A_g2_r2_s2022,pair_034_standalone_B_g2_r2_s2022
missing_rating,,,,a Venetian millefiori glass-bead necklace,"a Venetian millefiori glass-bead necklace made from multicolored glass canes sliced into flower-like beads, showing red, blue, yellow, white, and green mosaic patterns",a Ghanaian Krobo powder-glass-bead necklace,"a Ghanaian Krobo powder-glass-bead necklace made from molded recycled glass powder, showing opaque hand-painted stripes, dots, chevrons, and earth and jewel colors",,,,,,False,3031,pair_093_native_SS_g3_r1_s3031,pair_093,93,,,,,,True,1,sample_0136,3,pair_093_standalone_A_g3_r1_s3031,pair_093_standalone_B_g3_r1_s3031
missing_rating,,,,a Turkish flat-woven kilim,"a Turkish flat-woven kilim with interlocked wool wefts in red, blue, orange, and cream, showing hooked diamonds, ram horns, and stepped medallions",a Serbian Pirot kilim,"a Serbian Pirot kilim with a reversible flat weave and red, black, blue, and white geometry, showing turtles, hooks, and repeated protective motifs",,,,,,True,1011,pair_086_native_SS_g1_r1_s1011,pair_086,86,,,,,,False,1,sample_0137,1,pair_086_standalone_A_g1_r1_s1011,pair_086_standalone_B_g1_r1_s1011
missing_rating,,,,a Turkish flat-woven kilim,"a Turkish flat-woven kilim with interlocked wool wefts in red, blue, orange, and cream, showing hooked diamonds, ram horns, and stepped medallions",a Serbian Pirot kilim,"a Serbian Pirot kilim with a reversible flat weave and red, black, blue, and white geometry, showing turtles, hooks, and repeated protective motifs",,,,,,True,2021,pair_086_native_SS_g2_r1_s2021,pair_086,86,,,,,,False,1,sample_0138,2,pair_086_standalone_A_g2_r1_s2021,pair_086_standalone_B_g2_r1_s2021
missing_rating,,,,a Russian Khokhloma painted wooden bowl,"a Russian Khokhloma painted wooden bowl with a black and gold ground painted in red, showing curling berries, leaves, and sweeping floral stems",a Ryukyuan lacquerware bowl,"a Ryukyuan lacquerware bowl with a vermilion lacquer surface and delicate gold decoration, showing hibiscus, birds, and island landscape motifs",,,,,,False,1013,pair_038_native_SS_g1_r3_s1013,pair_038,38,,,,,,False,3,sample_0139,1,pair_038_standalone_A_g1_r3_s1013,pair_038_standalone_B_g1_r3_s1013
no_consensus_shift,False,False,False,a French Sèvres porcelain vase,"a French Sèvres porcelain vase with a bleu-céleste ground, gilded bronze-like ornament, and painted floral or courtly reserve panels",a Russian Imperial Porcelain cobalt-net vase,"a Russian Imperial Porcelain cobalt-net vase with cobalt-blue lattice, gold intersections, and radiating rosette motifs",3,3,True,True,True,True,1012,pair_007_native_SS_g1_r2_s1012,pair_007,7,4,5,False,True,True,True,2,sample_0140,1,pair_007_standalone_A_g1_r2_s1012,pair_007_standalone_B_g1_r2_s1012
no_consensus_shift,False,False,False,a Venetian Murano glass vase,"a Venetian Murano glass vase made from vividly colored blown glass with layered canes, showing curves, millefiori accents, and polished translucent depth",a Palestinian Hebron blown-glass vase,"a Palestinian Hebron blown-glass vase made from recycled glass in translucent turquoise and green, showing a irregular hand-blown body, bubbles, and applied glass trails",4,4,False,True,True,True,3033,pair_091_native_SS_g3_r3_s3033,pair_091,91,2,4,True,False,False,True,3,sample_0141,3,pair_091_standalone_A_g3_r3_s3033,pair_091_standalone_B_g3_r3_s3033
missing_rating,,,,a Japanese sashiko textile panel,"a Japanese sashiko textile panel stitched with white running thread on indigo cotton, showing repeating hemp-leaf, wave, and linked-diamond reinforcement patterns",a Romanian ie-embroidery textile panel,"a Romanian ie-embroidery textile panel worked in red, black, blue, and metallic thread, showing vertical floral bands, diamonds, and region-specific geometric motifs",,,,,,True,2021,pair_076_native_SS_g2_r1_s2021,pair_076,76,,,,,,False,1,sample_0142,2,pair_076_standalone_A_g2_r1_s2021,pair_076_standalone_B_g2_r1_s2021
missing_rating,,,,a Chinese blue-and-white porcelain vase,"a Chinese blue-and-white porcelain vase with cobalt-blue underglaze painting, showing Chinese landscape, lotus, and scrolling-cloud motifs",a Thai Bencharong porcelain vase,"a Thai Bencharong porcelain vase with polychrome overglaze enamel and gold outlines, showing repeating flame, deity, and floral motifs on a dark ground",,,,,,False,1013,pair_003_native_SS_g1_r3_s1013,pair_003,3,,,,,,False,3,sample_0143,1,pair_003_standalone_A_g1_r3_s1013,pair_003_standalone_B_g1_r3_s1013
shift_location_disagreement,False,False,True,an Indian Bidriware box,"an Indian Bidriware box made of blackened zinc alloy inlaid with silver, showing poppy flowers, geometric lattices, and arabesques",an Egyptian Mamluk-style inlaid-brass box,"an Egyptian Mamluk-style inlaid-brass box made of brass inlaid with silver and copper, showing monumental calligraphy, interlaced medallions, and geometric borders",3,3,True,True,False,True,3031,pair_048_native_SS_g3_r1_s3031,pair_048,48,3,4,True,True,True,True,1,sample_0144,3,pair_048_standalone_A_g3_r1_s3031,pair_048_standalone_B_g3_r1_s3031
no_consensus_shift,False,False,False,an English Wedgwood jasperware vase,"an English Wedgwood jasperware vase with a matte blue stoneware body and white relief decoration, showing classical figures, laurel swags, and geometric borders",a Portuguese Caldas da Rainha ceramic vase,"a Portuguese Caldas da Rainha ceramic vase with brightly glazed sculptural earthenware, showing naturalistic leaves, fruit, insects, and textured relief surfaces",4,2,True,True,True,True,2023,pair_027_native_SS_g2_r3_s2023,pair_027,27,5,5,False,True,True,True,3,sample_0145,2,pair_027_standalone_A_g2_r3_s2023,pair_027_standalone_B_g2_r3_s2023
missing_rating,,,,an English Wedgwood jasperware vase,"an English Wedgwood jasperware vase with a matte blue stoneware body and white relief decoration, showing classical figures, laurel swags, and geometric borders",a Portuguese Caldas da Rainha ceramic vase,"a Portuguese Caldas da Rainha ceramic vase with brightly glazed sculptural earthenware, showing naturalistic leaves, fruit, insects, and textured relief surfaces",,,,,,True,3033,pair_027_native_SS_g3_r3_s3033,pair_027,27,,,,,,False,3,sample_0146,3,pair_027_standalone_A_g3_r3_s3033,pair_027_standalone_B_g3_r3_s3033
missing_rating,,,,a Chinese blue-and-white porcelain vase,"a Chinese blue-and-white porcelain vase with cobalt-blue underglaze painting, showing Chinese landscape, lotus, and scrolling-cloud motifs",a Thai Bencharong porcelain vase,"a Thai Bencharong porcelain vase with polychrome overglaze enamel and gold outlines, showing repeating flame, deity, and floral motifs on a dark ground",,,,,,True,1012,pair_003_native_SS_g1_r2_s1012,pair_003,3,,,,,,False,2,sample_0147,1,pair_003_standalone_A_g1_r2_s1012,pair_003_standalone_B_g1_r2_s1012
missing_rating,,,,a Chinese celadon ceramic bowl,"a Chinese celadon ceramic bowl with translucent blue-green glaze, showing carved lotus petals beneath the glaze",a Vietnamese Lý–Trần celadon ceramic bowl,"a Vietnamese Lý–Trần celadon ceramic bowl with a pale jade-green glaze and lightly crackled surface, showing carved lotus petals and combed floral decoration",,,,,,False,3032,pair_010_native_SS_g3_r2_s3032,pair_010,10,,,,,,False,2,sample_0148,3,pair_010_standalone_A_g3_r2_s3032,pair_010_standalone_B_g3_r2_s3032
mixed_or_uncertain,True,False,True,a Hungarian Matyó embroidery panel,"a Hungarian Matyó embroidery panel worked in red, pink, blue, yellow, and green thread, showing densely packed roses and curling floral sprays",a Slovak Detva embroidery panel,"a Slovak Detva embroidery panel worked in chain stitch and satin stitch, showing compact geometric flowers, hearts, and rhythmic folk borders",1,1,True,False,False,True,2022,pair_077_native_SS_g2_r2_s2022,pair_077,77,4,5,True,True,True,True,2,sample_0149,2,pair_077_standalone_A_g2_r2_s2022,pair_077_standalone_B_g2_r2_s2022
missing_rating,,,,a Chinese cloisonné box,"a Chinese cloisonné box with turquoise and cobalt-blue enamel cells separated by gilded metal wires, showing lotus, cloud, and auspicious motifs",a Korean chilbo enamel box,"a Korean chilbo enamel box with colored enamel over a metal base, showing simplified plum blossoms, cranes, and geometric motifs in compact panels",,,,,,True,1011,pair_042_native_SS_g1_r1_s1011,pair_042,42,,,,,,False,1,sample_0150,1,pair_042_standalone_A_g1_r1_s1011,pair_042_standalone_B_g1_r1_s1011
no_consensus_shift,False,False,False,a Moroccan Beni Ourain wool rug,"a Moroccan Beni Ourain wool rug with a thick cream wool pile and sparse dark-brown lines, showing large asymmetrical diamonds and open geometric spacing",a Ukrainian Hutsul lizhnyk wool rug,"a Ukrainian Hutsul lizhnyk wool rug with a shaggy woven wool surface in gray, cream, brown, and muted color, showing stepped diamonds and rhythmic zigzag bands",4,5,False,True,False,True,2023,pair_084_native_SS_g2_r3_s2023,pair_084,84,3,2,True,True,True,True,3,sample_0151,2,pair_084_standalone_A_g2_r3_s2023,pair_084_standalone_B_g2_r3_s2023
missing_rating,,,,a Mexican Talavera de Puebla plate,"a Mexican Talavera de Puebla plate with opaque white tin glaze, decorated with cobalt-blue, yellow, green, and orange painted floral and geometric bands",a Romanian Horezu pottery plate,"a Romanian Horezu pottery plate made of glazed earthenware with combed slip decoration, showing brown, green, blue, and ochre spirals, rosettes, and the Horezu rooster",,,,,,True,2021,pair_016_native_SS_g2_r1_s2021,pair_016,16,,,,,,False,1,sample_0152,2,pair_016_standalone_A_g2_r1_s2021,pair_016_standalone_B_g2_r1_s2021
no_consensus_shift,False,False,False,a Moroccan tooled-leather box,"a Moroccan tooled-leather box covered in brown leather with stamped and painted ornament, showing stars, arabesques, and scalloped geometric borders",a Tuareg tooled-leather box,"a Tuareg tooled-leather box covered in dark leather with incised and colored decoration, showing triangles, crosses, zigzags, and applied metal studs",3,2,True,True,True,True,1012,pair_096_native_SS_g1_r2_s1012,pair_096,96,5,5,False,True,True,True,2,sample_0153,1,pair_096_standalone_A_g1_r2_s1012,pair_096_standalone_B_g1_r2_s1012
mixed_or_uncertain,False,True,True,a Moroccan engraved-brass tray,"a Moroccan engraved-brass tray with a polished brass surface densely chased with radiating stars, arabesques, and scalloped geometric borders",a Persian qalamzani copper tray,"a Persian qalamzani copper tray with a darkened chased copper surface, showing hunting scenes, birds, flowers, and concentric arabesque bands",3,2,True,True,False,True,3033,pair_051_native_SS_g3_r3_s3033,pair_051,51,4,3,True,True,True,True,3,sample_0154,3,pair_051_standalone_A_g3_r3_s3033,pair_051_standalone_B_g3_r3_s3033
missing_rating,,,,a Persian floral carpet,"a Persian floral carpet with a wool pile and central medallion, showing curving vines, palmettes, and flowers in deep red, blue, and ivory",a Turkmen Tekke carpet,"a Turkmen Tekke carpet with a deep red wool pile and repeated octagonal guls, showing compact black, white, and dark-blue tribal geometry",,,,,,False,1013,pair_081_native_SS_g1_r3_s1013,pair_081,81,,,,,,True,3,sample_0155,1,pair_081_standalone_A_g1_r3_s1013,pair_081_standalone_B_g1_r3_s1013
missing_rating,,,,a Bohemian cut-glass vase,"a Bohemian cut-glass vase made from clear or ruby-overlaid crystal with deep wheel-cut facets, showing stars, fans, and sharply sparkling geometric panels",a Czech Železný Brod art-glass vase,"a Czech Železný Brod art-glass vase made from hand-shaped colored glass with clean modern curves, showing layered transparent tones, internal bubbles, and sculptural forms",,,,,,True,1012,pair_092_native_SS_g1_r2_s1012,pair_092,92,,,,,,False,2,sample_0156,1,pair_092_standalone_A_g1_r2_s1012,pair_092_standalone_B_g1_r2_s1012
no_consensus_shift,False,False,False,a Chinese famille-rose porcelain vase,"a Chinese famille-rose porcelain vase with opaque pink, green, yellow, and turquoise overglaze enamels, showing peonies, birds, and auspicious garden scenes",a Hungarian Herend porcelain vase,"a Hungarian Herend porcelain vase with polychrome enamel painting and gilded rims, showing stylized butterflies, flowers, and scale-like fishnet patterns",5,1,True,True,False,True,2022,pair_008_native_SS_g2_r2_s2022,pair_008,8,5,5,False,True,True,True,2,sample_0157,2,pair_008_standalone_A_g2_r2_s2022,pair_008_standalone_B_g2_r2_s2022
missing_rating,,,,a Mexican Taxco silver bowl,"a Mexican Taxco silver bowl with a polished hand-hammered silver surface and modern curves, showing geometric or pre-Columbian-inspired accents",an Indonesian Kotagede silver bowl,"an Indonesian Kotagede silver bowl with a oxidized silver surface worked in repoussé and filigree, showing lotus scrolls, vines, and stippled grounds",,,,,,True,2021,pair_054_native_SS_g2_r1_s2021,pair_054,54,,,,,,False,1,sample_0158,2,pair_054_standalone_A_g2_r1_s2021,pair_054_standalone_B_g2_r1_s2021
missing_rating,,,,a Chinese Longquan celadon vase,"a Chinese Longquan celadon vase with a thick translucent sea-green glaze over a balanced stoneware form, showing carved lotus petals and defined ridges",a Thai Si Satchanalai celadon vase,"a Thai Si Satchanalai celadon vase with an olive-green crackled glaze over gray stoneware, showing incised lotus petals, ring bands, and a high-shouldered profile",,,,,,False,1013,pair_030_native_SS_g1_r3_s1013,pair_030,30,,,,,,False,3,sample_0159,1,pair_030_standalone_A_g1_r3_s1013,pair_030_standalone_B_g1_r3_s1013
missing_rating,,,,a Chinese carved-jade pendant,"a Chinese carved-jade pendant made from polished pale green or white jade, showing pierced clouds, dragons, or floral scrolls in low relief",a Māori pounamu hei tiki pendant,"a Māori pounamu hei tiki pendant carved from translucent greenstone in a compact ancestral figure, showing an inclined head, large eyes, and curved limbs",,,,,,True,2022,pair_099_native_SS_g2_r2_s2022,pair_099,99,,,,,,False,2,sample_0160,2,pair_099_standalone_A_g2_r2_s2022,pair_099_standalone_B_g2_r2_s2022
composition_mechanism_failure,False,True,True,a Persian floral carpet,"a Persian floral carpet with a wool pile and central medallion, showing curving vines, palmettes, and flowers in deep red, blue, and ivory",a Tibetan khaden carpet,"a Tibetan khaden carpet with a compact wool pile in red, blue, yellow, and cream, showing snow lions, lotus flowers, clouds, or checkerboard motifs",4,2,True,True,True,True,2022,pair_089_native_SS_g2_r2_s2022,pair_089,89,4,4,True,True,True,True,2,sample_0161,2,pair_089_standalone_A_g2_r2_s2022,pair_089_standalone_B_g2_r2_s2022
missing_rating,,,,a Chinese lacquered folding screen,"a Chinese lacquered folding screen with deep black lacquer, gilded outlines, and carved or painted garden scenes showing pavilions, birds, and flowering trees",a Vietnamese sơn mài lacquer screen,"a Vietnamese sơn mài lacquer screen with layered black, red, and gold lacquer polished to depth, showing stylized village scenes, bamboo, and eggshell inlay",,,,,,True,1011,pair_040_native_SS_g1_r1_s1011,pair_040,40,,,,,,False,1,sample_0162,1,pair_040_standalone_A_g1_r1_s1011,pair_040_standalone_B_g1_r1_s1011
missing_rating,,,,a Japanese brocade obi sash,"a Japanese brocade obi sash woven in silk and metallic thread, showing large chrysanthemums, cranes, fans, and rhythmic geometric grounds",a Korean gold-thread brocade sash,"a Korean gold-thread brocade sash woven in colored silk with metallic thread, showing compact clouds, peonies, phoenixes, and repeating geometric borders",,,,,,True,1012,pair_067_native_SS_g1_r2_s1012,pair_067,67,,,,,,False,2,sample_0163,1,pair_067_standalone_A_g1_r2_s1012,pair_067_standalone_B_g1_r2_s1012
missing_rating,,,,a Bohemian cut-glass vase,"a Bohemian cut-glass vase made from clear or ruby-overlaid crystal with deep wheel-cut facets, showing stars, fans, and sharply sparkling geometric panels",a Czech Železný Brod art-glass vase,"a Czech Železný Brod art-glass vase made from hand-shaped colored glass with clean modern curves, showing layered transparent tones, internal bubbles, and sculptural forms",,,,,,True,2021,pair_092_native_SS_g2_r1_s2021,pair_092,92,,,,,,False,1,sample_0164,2,pair_092_standalone_A_g2_r1_s2021,pair_092_standalone_B_g2_r1_s2021
missing_rating,,,,a Chinese carved cinnabar-lacquer box,"a Chinese carved cinnabar-lacquer box with thick vermilion lacquer carved in deep relief, showing peonies, dragons, and layered landscape scenes over geometric grounds",a Bhutanese lacquered wooden box,"a Bhutanese lacquered wooden box with a red or black lacquer surface, showing hand-painted lotus petals, cloud bands, and Buddhist auspicious motifs",,,,,,False,2023,pair_033_native_SS_g2_r3_s2023,pair_033,33,,,,,,True,3,sample_0165,2,pair_033_standalone_A_g2_r3_s2023,pair_033_standalone_B_g2_r3_s2023
missing_rating,,,,a Moroccan tooled-leather box,"a Moroccan tooled-leather box covered in brown leather with stamped and painted ornament, showing stars, arabesques, and scalloped geometric borders",a Tuareg tooled-leather box,"a Tuareg tooled-leather box covered in dark leather with incised and colored decoration, showing triangles, crosses, zigzags, and applied metal studs",,,,,,False,3031,pair_096_native_SS_g3_r1_s3031,pair_096,96,,,,,,True,1,sample_0166,3,pair_096_standalone_A_g3_r1_s3031,pair_096_standalone_B_g3_r1_s3031
missing_rating,,,,a Japanese shippō cloisonné enamel box,"a Japanese shippō cloisonné enamel box with colored enamel cells divided by silver wires, showing chrysanthemums, butterflies, and graded pictorial grounds",a Russian Rostov finift painted-enamel box,"a Russian Rostov finift painted-enamel box with miniature enamel painting on a white metal-mounted plaque, showing delicate flowers, saints, or pastoral scenes in pastel colors",,,,,,True,3033,pair_044_native_SS_g3_r3_s3033,pair_044,44,,,,,,False,3,sample_0167,3,pair_044_standalone_A_g3_r3_s3033,pair_044_standalone_B_g3_r3_s3033
missing_rating,,,,a Japanese shippō cloisonné enamel box,"a Japanese shippō cloisonné enamel box with colored enamel cells divided by silver wires, showing chrysanthemums, butterflies, and graded pictorial grounds",a Russian Rostov finift painted-enamel box,"a Russian Rostov finift painted-enamel box with miniature enamel painting on a white metal-mounted plaque, showing delicate flowers, saints, or pastoral scenes in pastel colors",,,,,,True,2023,pair_044_native_SS_g2_r3_s2023,pair_044,44,,,,,,False,3,sample_0168,2,pair_044_standalone_A_g2_r3_s2023,pair_044_standalone_B_g2_r3_s2023
missing_rating,,,,a Chinese black-lacquer wooden bowl,"a Chinese black-lacquer wooden bowl with a deep-black lacquer surface and red or gold linear decoration, showing a thin balanced profile",a Burmese yun lacquerware bowl,"a Burmese yun lacquerware bowl with black lacquer incised and filled with red, green, and yellow pigments, showing zodiac figures and geometric bands",,,,,,True,2021,pair_037_native_SS_g2_r1_s2021,pair_037,37,,,,,,False,1,sample_0169,2,pair_037_standalone_A_g2_r1_s2021,pair_037_standalone_B_g2_r1_s2021
missing_rating,,,,a Japanese raden lacquerware lidded box,"a Japanese raden lacquerware lidded box with deep black lacquer and iridescent mother-of-pearl shell inlay forming bird, flower, and geometric motifs",a Mexican Olinalá lacquerware lidded box,"a Mexican Olinalá lacquerware lidded box made from linaloe wood, with red, ochre, green, blue, and white floral and animal decoration and incised rayado patterns",,,,,,True,1012,pair_034_native_SS_g1_r2_s1012,pair_034,34,,,,,,False,2,sample_0170,1,pair_034_standalone_A_g1_r2_s1012,pair_034_standalone_B_g1_r2_s1012
mixed_or_uncertain,True,False,True,an Ottoman İznik ceramic plate,"an Ottoman İznik ceramic plate with a white fritware body, cobalt blue, turquoise, emerald green, and raised bole-red painting, showing tulips, carnations, and saz leaves",an Armenian Kütahya ceramic plate,"an Armenian Kütahya ceramic plate with a white glazed body and blue, green, yellow, and red painting, showing rosettes, crosses, birds, and floral borders",2,3,True,False,False,True,2021,pair_017_native_SS_g2_r1_s2021,pair_017,17,0,5,True,True,True,True,1,sample_0171,2,pair_017_standalone_A_g2_r1_s2021,pair_017_standalone_B_g2_r1_s2021
mixed_or_uncertain,False,True,True,a Chinese blue-and-white porcelain vase,"a Chinese blue-and-white porcelain vase with cobalt-blue underglaze painting, showing Chinese landscape, lotus, and scrolling-cloud motifs",a Thai Bencharong porcelain vase,"a Thai Bencharong porcelain vase with polychrome overglaze enamel and gold outlines, showing repeating flame, deity, and floral motifs on a dark ground",4,2,True,True,False,True,2021,pair_003_native_SS_g2_r1_s2021,pair_003,3,4,3,True,True,True,True,1,sample_0172,2,pair_003_standalone_A_g2_r1_s2021,pair_003_standalone_B_g2_r1_s2021
missing_rating,,,,an Italian tooled-leather wall panel,"an Italian tooled-leather wall panel made from embossed and gilded leather, showing scrolling acanthus leaves, heraldic forms, and brown-and-gold relief",a Spanish Córdoba guadamecí leather panel,"a Spanish Córdoba guadamecí leather panel made from silvered, painted, and embossed leather, showing Renaissance arabesques, flowers, and richly colored metallic relief",,,,,,False,2022,pair_097_native_SS_g2_r2_s2022,pair_097,97,,,,,,True,2,sample_0173,2,pair_097_standalone_A_g2_r2_s2022,pair_097_standalone_B_g2_r2_s2022
no_consensus_shift,False,False,False,a Japanese woven-bamboo basket,"a Japanese woven-bamboo basket made from split bamboo in a open weave, showing hexagonal plaiting, curved handles, and an asymmetrical sculptural profile",a Philippine nito-vine basket,"a Philippine nito-vine basket woven from dark nito vine over a lighter structural frame, showing tight black-and-tan spirals, diamonds, and rhythmic geometric bands",3,3,True,False,False,True,3031,pair_094_native_SS_g3_r1_s3031,pair_094,94,3,3,False,False,False,True,1,sample_0174,3,pair_094_standalone_A_g3_r1_s3031,pair_094_standalone_B_g3_r1_s3031
missing_rating,,,,a Hungarian Matyó embroidery panel,"a Hungarian Matyó embroidery panel worked in red, pink, blue, yellow, and green thread, showing densely packed roses and curling floral sprays",a Slovak Detva embroidery panel,"a Slovak Detva embroidery panel worked in chain stitch and satin stitch, showing compact geometric flowers, hearts, and rhythmic folk borders",,,,,,True,3032,pair_077_native_SS_g3_r2_s3032,pair_077,77,,,,,,False,2,sample_0175,3,pair_077_standalone_A_g3_r2_s3032,pair_077_standalone_B_g3_r2_s3032
no_consensus_shift,False,False,False,a Bohemian cut-glass vase,"a Bohemian cut-glass vase made from clear or ruby-overlaid crystal with deep wheel-cut facets, showing stars, fans, and sharply sparkling geometric panels",a Czech Železný Brod art-glass vase,"a Czech Železný Brod art-glass vase made from hand-shaped colored glass with clean modern curves, showing layered transparent tones, internal bubbles, and sculptural forms",4,3,True,True,True,True,3033,pair_092_native_SS_g3_r3_s3033,pair_092,92,4,4,False,True,True,True,3,sample_0176,3,pair_092_standalone_A_g3_r3_s3033,pair_092_standalone_B_g3_r3_s3033
mixed_or_uncertain,False,True,True,a Chinese silk-brocade robe,"a Chinese silk-brocade robe woven with colored silk and gold thread, showing dragons, clouds, waves, and organized auspicious emblems",an Assamese muga-silk robe,"an Assamese muga-silk robe woven from naturally golden silk with red, green, and black supplementary motifs, showing stylized flowers and geometric borders",3,2,True,False,False,True,1013,pair_066_native_SS_g1_r3_s1013,pair_066,66,5,2,True,True,True,True,3,sample_0177,1,pair_066_standalone_A_g1_r3_s1013,pair_066_standalone_B_g1_r3_s1013
missing_rating,,,,a Chinese bronze ritual bowl,"a Chinese bronze ritual bowl with a dark patinated bronze surface and cast relief, showing taotie-like masks, leiwen spirals, and symmetrical handles",a Korean bangjja bronze bowl,"a Korean bangjja bronze bowl made of hand-hammered bronze with a golden surface, showing a clean resonant form, hammer marks, and minimal ornament",,,,,,True,3031,pair_060_native_SS_g3_r1_s3031,pair_060,60,,,,,,False,1,sample_0178,3,pair_060_standalone_A_g3_r1_s3031,pair_060_standalone_B_g3_r1_s3031
missing_rating,,,,a Moroccan tooled-leather box,"a Moroccan tooled-leather box covered in brown leather with stamped and painted ornament, showing stars, arabesques, and scalloped geometric borders",a Tuareg tooled-leather box,"a Tuareg tooled-leather box covered in dark leather with incised and colored decoration, showing triangles, crosses, zigzags, and applied metal studs",,,,,,True,2023,pair_096_native_SS_g2_r3_s2023,pair_096,96,,,,,,False,3,sample_0179,2,pair_096_standalone_A_g2_r3_s2023,pair_096_standalone_B_g2_r3_s2023
missing_rating,,,,a Japanese raden lacquerware tray,"a Japanese raden lacquerware tray with deep black lacquer and iridescent mother-of-pearl shell inlay forming bird, flower, and geometric motifs",a Korean najeonchilgi lacquerware tray,"a Korean najeonchilgi lacquerware tray with black lacquer and mother-of-pearl inlay, showing chrysanthemum scrolls, cranes, and repeated geometric borders",,,,,,True,1013,pair_035_native_SS_g1_r3_s1013,pair_035,35,,,,,,False,3,sample_0180,1,pair_035_standalone_A_g1_r3_s1013,pair_035_standalone_B_g1_r3_s1013
missing_rating,,,,a Persian floral carpet,"a Persian floral carpet with a wool pile and central medallion, showing curving vines, palmettes, and flowers in deep red, blue, and ivory",a Tibetan khaden carpet,"a Tibetan khaden carpet with a compact wool pile in red, blue, yellow, and cream, showing snow lions, lotus flowers, clouds, or checkerboard motifs",,,,,,True,3031,pair_089_native_SS_g3_r1_s3031,pair_089,89,,,,,,False,1,sample_0181,3,pair_089_standalone_A_g3_r1_s3031,pair_089_standalone_B_g3_r1_s3031
missing_rating,,,,a Mexican Otomi embroidery panel,"a Mexican Otomi embroidery panel worked in flat satin stitch on pale cotton, showing mirrored birds, deer, flowers, and fantastical animals",a Palestinian tatreez embroidery panel,"a Palestinian tatreez embroidery panel worked in red and multicolored cross-stitch, showing cypress trees, stars, feathers, and region-specific geometric motifs",,,,,,True,1013,pair_074_native_SS_g1_r3_s1013,pair_074,74,,,,,,False,3,sample_0182,1,pair_074_standalone_A_g1_r3_s1013,pair_074_standalone_B_g1_r3_s1013
knowledge_insufficiency,True,True,True,a Spanish Toledo damascened vase,"a Spanish Toledo damascened vase made of blackened steel inlaid with gold and silver, showing Moorish arabesques and geometric filigree patterns",a Korean ipsa metal-inlay vase,"a Korean ipsa metal-inlay vase made of dark patinated metal inlaid with silver wire, showing cranes, clouds, and sparse linear landscape motifs",1,1,True,False,False,True,2021,pair_046_native_SS_g2_r1_s2021,pair_046,46,2,3,True,False,False,True,1,sample_0183,2,pair_046_standalone_A_g2_r1_s2021,pair_046_standalone_B_g2_r1_s2021
missing_rating,,,,a Persian floral carpet,"a Persian floral carpet with a wool pile and central medallion, showing curving vines, palmettes, and flowers in deep red, blue, and ivory",an Armenian Karabakh carpet,"an Armenian Karabakh carpet with a wool pile in red, blue, green, and cream, showing floral medallions and elongated geometric forms",,,,,,True,2022,pair_083_native_SS_g2_r2_s2022,pair_083,83,,,,,,False,2,sample_0184,2,pair_083_standalone_A_g2_r2_s2022,pair_083_standalone_B_g2_r2_s2022
missing_rating,,,,a Moroccan geometric wool rug,"a Moroccan geometric wool rug with a hand-knotted or flat-woven wool surface, showing diamonds, zigzags, and irregular bands in earth colors",an Afghan Baluch wool rug,"an Afghan Baluch wool rug with a dark wool pile in deep red, brown, navy, and ivory, showing repeated prayer niches, hooked medallions, and compact tribal borders",,,,,,False,2022,pair_090_native_SS_g2_r2_s2022,pair_090,90,,,,,,False,2,sample_0185,2,pair_090_standalone_A_g2_r2_s2022,pair_090_standalone_B_g2_r2_s2022
no_consensus_shift,False,False,False,a Navajo wool rug,"a Navajo wool rug with a woven flat surface and red, black, gray, and cream geometry, showing stepped diamonds and serrated bands",a Kyrgyz shyrdak felt rug,"a Kyrgyz shyrdak felt rug made from cut and inlaid wool felt in contrasting colors, showing mirrored horn motifs, scrolling forms, and outlined geometry",4,2,True,True,False,True,3032,pair_088_native_SS_g3_r2_s3032,pair_088,88,5,5,False,True,True,True,2,sample_0186,3,pair_088_standalone_A_g3_r2_s3032,pair_088_standalone_B_g3_r2_s3032
missing_rating,,,,a Chinese cloisonné enamel plate,"a Chinese cloisonné enamel plate with turquoise and cobalt-blue enamel cells separated by gilded metal wires, showing lotus, cloud, and auspicious motifs",a French Limoges painted-enamel plate,"a French Limoges painted-enamel plate with opaque and translucent enamel painted over copper, showing Renaissance figures, grisaille shading, and jewel-toned borders",,,,,,True,1012,pair_049_native_SS_g1_r2_s1012,pair_049,49,,,,,,False,2,sample_0187,1,pair_049_standalone_A_g1_r2_s1012,pair_049_standalone_B_g1_r2_s1012
missing_rating,,,,a Scottish tartan wool blanket,"a Scottish tartan wool blanket woven in colored wool with intersecting horizontal and vertical stripes, forming a balanced repeating clan-associated check pattern",a Swedish rya wool rug,"a Swedish rya wool rug with a long wool pile and woven backing, showing geometric diamonds, stripes, and abstract color fields",,,,,,True,2021,pair_087_native_SS_g2_r1_s2021,pair_087,87,,,,,,False,1,sample_0188,2,pair_087_standalone_A_g2_r1_s2021,pair_087_standalone_B_g2_r1_s2021
missing_rating,,,,a Japanese maki-e lacquerware tray,"a Japanese maki-e lacquerware tray with deep black lacquer sprinkled with gold and silver powder, showing cranes, pine branches, and landscape motifs",a Burmese shwe zawa lacquerware tray,"a Burmese shwe zawa lacquerware tray with a black lacquer ground and engraved gold-leaf decoration, showing courtly figures, mythical animals, and filled borders",,,,,,True,2023,pair_032_native_SS_g2_r3_s2023,pair_032,32,,,,,,False,3,sample_0189,2,pair_032_standalone_A_g2_r3_s2023,pair_032_standalone_B_g2_r3_s2023
missing_rating,,,,a Japanese raden lacquerware tray,"a Japanese raden lacquerware tray with deep black lacquer and iridescent mother-of-pearl shell inlay forming bird, flower, and geometric motifs",a Korean najeonchilgi lacquerware tray,"a Korean najeonchilgi lacquerware tray with black lacquer and mother-of-pearl inlay, showing chrysanthemum scrolls, cranes, and repeated geometric borders",,,,,,True,2021,pair_035_native_SS_g2_r1_s2021,pair_035,35,,,,,,False,1,sample_0190,2,pair_035_standalone_A_g2_r1_s2021,pair_035_standalone_B_g2_r1_s2021
missing_rating,,,,an Acoma Pueblo pottery jar,"an Acoma Pueblo pottery jar with a pale clay body and black-and-red painting, showing -line rain, stepped-cloud, and interlocking geometric motifs",a Catawba burnished pottery jar,"a Catawba burnished pottery jar made of unglazed hand-coiled clay with a smoky brown surface, showing a polished finish and incised details",,,,,,True,1011,pair_024_native_SS_g1_r1_s1011,pair_024,24,,,,,,False,1,sample_0191,1,pair_024_standalone_A_g1_r1_s1011,pair_024_standalone_B_g1_r1_s1011
missing_rating,,,,a Turkish flat-woven kilim,"a Turkish flat-woven kilim with interlocked wool wefts in red, blue, orange, and cream, showing hooked diamonds, ram horns, and stepped medallions",a Romanian Oltenian kilim,"a Romanian Oltenian kilim with a flat-woven wool surface in red, green, blue, and cream, showing stylized flowers, birds, and vertical bouquet arrangements",,,,,,False,3033,pair_085_native_SS_g3_r3_s3033,pair_085,85,,,,,,True,3,sample_0192,3,pair_085_standalone_A_g3_r3_s3033,pair_085_standalone_B_g3_r3_s3033
knowledge_insufficiency,True,False,True,a Chinese sancai glazed ceramic jar,"a Chinese sancai glazed ceramic jar with amber, green, and cream lead glazes over a rounded earthenware body, showing drips and molded relief bands",a Peruvian Chulucanas pottery jar,"a Peruvian Chulucanas pottery jar with a burnished clay surface in black, cream, and brown, showing negative-painted geometric bands and abstract figures",2,4,True,False,True,True,1013,pair_022_native_SS_g1_r3_s1013,pair_022,22,2,5,True,False,True,True,3,sample_0193,1,pair_022_standalone_A_g1_r3_s1013,pair_022_standalone_B_g1_r3_s1013
missing_rating,,,,a Chinese carved-jade pendant,"a Chinese carved-jade pendant made from polished pale green or white jade, showing pierced clouds, dragons, or floral scrolls in low relief",a Māori pounamu hei tiki pendant,"a Māori pounamu hei tiki pendant carved from translucent greenstone in a compact ancestral figure, showing an inclined head, large eyes, and curved limbs",,,,,,False,3031,pair_099_native_SS_g3_r1_s3031,pair_099,99,,,,,,False,1,sample_0194,3,pair_099_standalone_A_g3_r1_s3031,pair_099_standalone_B_g3_r1_s3031
missing_rating,,,,an Indian Banarasi brocade sari,"an Indian Banarasi brocade sari woven in rich silk with gold zari, showing floral buta, scrolling vines, and elaborate architectural borders",a Bhutanese kushuthara silk kira,"a Bhutanese kushuthara silk kira woven in silk with supplementary-weft patterning, showing geometric flowers, diamonds, and horizontal bands",,,,,,False,2021,pair_063_native_SS_g2_r1_s2021,pair_063,63,,,,,,False,1,sample_0195,2,pair_063_standalone_A_g2_r1_s2021,pair_063_standalone_B_g2_r1_s2021
composition_mechanism_failure,True,True,True,a Chinese silk-brocade robe,"a Chinese silk-brocade robe woven with colored silk and gold thread, showing dragons, clouds, waves, and organized auspicious emblems",an Assamese muga-silk robe,"an Assamese muga-silk robe woven from naturally golden silk with red, green, and black supplementary motifs, showing stylized flowers and geometric borders",3,2,True,True,True,True,3033,pair_066_native_SS_g3_r3_s3033,pair_066,66,3,4,True,True,True,True,3,sample_0196,3,pair_066_standalone_A_g3_r3_s3033,pair_066_standalone_B_g3_r3_s3033
missing_rating,,,,a Persian minakari enamel plate,"a Persian minakari enamel plate with blue, turquoise, red, and white enamel over copper, showing floral arabesques and central medallions",a Georgian Minankari enamel plate,"a Georgian Minankari enamel plate with translucent jewel-toned enamel over engraved silver, showing compact flowers, birds, and scrolling vines outlined by metalwork",,,,,,True,1013,pair_050_native_SS_g1_r3_s1013,pair_050,50,,,,,,False,3,sample_0197,1,pair_050_standalone_A_g1_r3_s1013,pair_050_standalone_B_g1_r3_s1013
missing_rating,,,,a Japanese silk kimono,"a Japanese silk kimono with a lustrous woven ground and dyed or embroidered decoration, showing cranes, cherry blossoms, water, and seasonal motifs",a Cambodian hol silk robe,"a Cambodian hol silk robe made from weft-ikat silk with feathered pattern edges, showing repeating lozenges, flowers, and temple-inspired motifs",,,,,,True,2023,pair_062_native_SS_g2_r3_s2023,pair_062,62,,,,,,False,3,sample_0198,2,pair_062_standalone_A_g2_r3_s2023,pair_062_standalone_B_g2_r3_s2023
missing_rating,,,,a Japanese Imari porcelain plate,"a Japanese Imari porcelain plate with cobalt-blue underglaze and iron-red and gold overglaze decoration, showing radial floral panels and patterned reserves",a Japanese Kutani porcelain plate,"a Japanese Kutani porcelain plate with polychrome overglaze enamels in green, yellow, red, purple, and blue, showing floral and landscape panels",,,,,,False,1012,pair_005_native_SS_g1_r2_s1012,pair_005,5,,,,,,False,2,sample_0199,1,pair_005_standalone_A_g1_r2_s1012,pair_005_standalone_B_g1_r2_s1012
missing_rating,,,,an Acoma Pueblo pottery jar,"an Acoma Pueblo pottery jar with a pale clay body and black-and-red painting, showing -line rain, stepped-cloud, and interlocking geometric motifs",a Catawba burnished pottery jar,"a Catawba burnished pottery jar made of unglazed hand-coiled clay with a smoky brown surface, showing a polished finish and incised details",,,,,,True,3033,pair_024_native_SS_g3_r3_s3033,pair_024,24,,,,,,False,3,sample_0200,3,pair_024_standalone_A_g3_r3_s3033,pair_024_standalone_B_g3_r3_s3033
missing_rating,,,,a Benin bronze relief plaque,"a Benin bronze relief plaque made of cast brass with high-relief court figures, showing patterned robes, coral regalia, and a hierarchical composition",a Nepalese repoussé copper plaque,"a Nepalese repoussé copper plaque made of hammered copper worked from the reverse, showing a Buddhist deity, lotus throne, and flame-like halo with gilded details",,,,,,False,3031,pair_056_native_SS_g3_r1_s3031,pair_056,56,,,,,,False,1,sample_0201,3,pair_056_standalone_A_g3_r1_s3031,pair_056_standalone_B_g3_r1_s3031
missing_rating,,,,an Indian Ajrakh block-printed cloth,"an Indian Ajrakh block-printed cloth with layered resist printing in indigo, madder red, black, and white, showing precisely repeated stars and interlocking geometry",a Chinese Nantong blue-calico cloth,"a Chinese Nantong blue-calico cloth with indigo resist dyeing on cotton, showing white flowers, birds, fish, and auspicious folk motifs against a deep-blue ground",,,,,,False,1012,pair_073_native_SS_g1_r2_s1012,pair_073,73,,,,,,False,2,sample_0202,1,pair_073_standalone_A_g1_r2_s1012,pair_073_standalone_B_g1_r2_s1012
missing_rating,,,,an Italian Renaissance maiolica plate,"an Italian Renaissance maiolica plate with opaque white tin glaze, painted in cobalt blue, ochre yellow, copper green, and manganese purple with a figurative medallion and scrolling foliage",a French Nevers faience plate,"a French Nevers faience plate with white tin glaze, painted in deep blue, yellow, and manganese with heraldic, pastoral, and symmetrical floral motifs",,,,,,False,3031,pair_014_native_SS_g3_r1_s3031,pair_014,14,,,,,,False,1,sample_0203,3,pair_014_standalone_A_g3_r1_s3031,pair_014_standalone_B_g3_r1_s3031
no_consensus_shift,False,False,False,a Japanese Imari porcelain jar,"a Japanese Imari porcelain jar with cobalt-blue underglaze and iron-red and gold overglaze decoration, showing floral panels and patterned reserves",a Korean Joseon iron-painted porcelain jar,"a Korean Joseon iron-painted porcelain jar with freely brushed iron-brown decoration on white porcelain, showing dragons, bamboo, or abbreviated floral motifs",3,2,True,True,False,True,1012,pair_004_native_SS_g1_r2_s1012,pair_004,4,5,5,False,True,True,True,2,sample_0204,1,pair_004_standalone_A_g1_r2_s1012,pair_004_standalone_B_g1_r2_s1012
mixed_or_uncertain,True,True,True,a Chinese silk-brocade robe,"a Chinese silk-brocade robe woven with colored silk and gold thread, showing dragons, clouds, waves, and organized auspicious emblems",an Assamese muga-silk robe,"an Assamese muga-silk robe woven from naturally golden silk with red, green, and black supplementary motifs, showing stylized flowers and geometric borders",3,2,True,False,False,True,2021,pair_066_native_SS_g2_r1_s2021,pair_066,66,3,3,True,True,True,True,1,sample_0205,2,pair_066_standalone_A_g2_r1_s2021,pair_066_standalone_B_g2_r1_s2021
missing_rating,,,,a Japanese Tsugaru-nuri lacquerware box,"a Japanese Tsugaru-nuri lacquerware box with many polished lacquer layers forming mottled red, black, yellow, and green patterns across a geometric form",a Kashmiri papier-mâché lacquer box,"a Kashmiri papier-mâché lacquer box with a lacquered paper-pulp body painted in gold and jewel colors, showing chinar leaves, flowers, and arabesques",,,,,,False,2021,pair_039_native_SS_g2_r1_s2021,pair_039,39,,,,,,False,1,sample_0206,2,pair_039_standalone_A_g2_r1_s2021,pair_039_standalone_B_g2_r1_s2021
missing_rating,,,,an English Wedgwood jasperware vase,"an English Wedgwood jasperware vase with a matte blue stoneware body and white relief decoration, showing classical figures, laurel swags, and geometric borders",a Portuguese Caldas da Rainha ceramic vase,"a Portuguese Caldas da Rainha ceramic vase with brightly glazed sculptural earthenware, showing naturalistic leaves, fruit, insects, and textured relief surfaces",,,,,,True,1012,pair_027_native_SS_g1_r2_s1012,pair_027,27,,,,,,False,2,sample_0207,1,pair_027_standalone_A_g1_r2_s1012,pair_027_standalone_B_g1_r2_s1012
missing_rating,,,,an Indian Banarasi brocade textile panel,"an Indian Banarasi brocade textile panel woven in rich silk with gold zari, showing floral buta, scrolling vines, and elaborate architectural borders",a Turkmen keteni silk textile panel,"a Turkmen keteni silk textile panel woven in narrow bands of red, yellow, green, and purple silk, showing stripes and geometric accents",,,,,,False,3031,pair_064_native_SS_g3_r1_s3031,pair_064,64,,,,,,True,1,sample_0208,3,pair_064_standalone_A_g3_r1_s3031,pair_064_standalone_B_g3_r1_s3031
missing_rating,,,,a Moroccan Beni Ourain wool rug,"a Moroccan Beni Ourain wool rug with a thick cream wool pile and sparse dark-brown lines, showing large asymmetrical diamonds and open geometric spacing",a Ukrainian Hutsul lizhnyk wool rug,"a Ukrainian Hutsul lizhnyk wool rug with a shaggy woven wool surface in gray, cream, brown, and muted color, showing stepped diamonds and rhythmic zigzag bands",,,,,,False,3031,pair_084_native_SS_g3_r1_s3031,pair_084,84,,,,,,False,1,sample_0209,3,pair_084_standalone_A_g3_r1_s3031,pair_084_standalone_B_g3_r1_s3031
missing_rating,,,,a Ghanaian kente cloth,"a Ghanaian kente cloth woven in narrow strips of silk or rayon, showing alternating geometric blocks in gold, green, red, blue, and black",a Bhutanese yathra wool textile,"a Bhutanese yathra wool textile woven in thick colored wool with supplementary-weft motifs, showing repeating diamonds, flowers, and horizontal geometric bands",,,,,,True,1012,pair_080_native_SS_g1_r2_s1012,pair_080,80,,,,,,False,2,sample_0210,1,pair_080_standalone_A_g1_r2_s1012,pair_080_standalone_B_g1_r2_s1012
missing_rating,,,,a Mexican Otomi embroidery panel,"a Mexican Otomi embroidery panel worked in flat satin stitch on pale cotton, showing mirrored birds, deer, flowers, and fantastical animals",a Palestinian tatreez embroidery panel,"a Palestinian tatreez embroidery panel worked in red and multicolored cross-stitch, showing cypress trees, stars, feathers, and region-specific geometric motifs",,,,,,False,2023,pair_074_native_SS_g2_r3_s2023,pair_074,74,,,,,,True,3,sample_0211,2,pair_074_standalone_A_g2_r3_s2023,pair_074_standalone_B_g2_r3_s2023
missing_rating,,,,a Japanese cast-iron tetsubin teapot,"a Japanese cast-iron tetsubin teapot with a dark textured iron body, arched handle, and relief decoration showing hailstone, pine, or geometric motifs",an Azerbaijani engraved-copper teapot,"an Azerbaijani engraved-copper teapot with a hammered copper body, curved spout, and incised floral medallions, boteh motifs, and geometric borders",,,,,,True,2022,pair_057_native_SS_g2_r2_s2022,pair_057,57,,,,,,False,2,sample_0212,2,pair_057_standalone_A_g2_r2_s2022,pair_057_standalone_B_g2_r2_s2022
missing_rating,,,,a Chinese blue-and-white porcelain vase,"a Chinese blue-and-white porcelain vase with cobalt-blue underglaze painting, showing Chinese landscape, lotus, and scrolling-cloud motifs",a Vietnamese Bát Tràng blue-and-white ceramic vase,"a Vietnamese Bát Tràng blue-and-white ceramic vase with cobalt-blue hand-painted decoration on pale glaze, showing stylized lotus, fish, and scrolling foliage",,,,,,False,2023,pair_001_native_SS_g2_r3_s2023,pair_001,1,,,,,,True,3,sample_0213,2,pair_001_standalone_A_g2_r3_s2023,pair_001_standalone_B_g2_r3_s2023
mixed_or_uncertain,True,True,True,a Moroccan engraved-brass tray,"a Moroccan engraved-brass tray with a polished brass surface densely chased with radiating stars, arabesques, and scalloped geometric borders",a Persian qalamzani copper tray,"a Persian qalamzani copper tray with a darkened chased copper surface, showing hunting scenes, birds, flowers, and concentric arabesque bands",2,2,True,True,False,True,2023,pair_051_native_SS_g2_r3_s2023,pair_051,51,3,3,True,True,True,True,3,sample_0214,2,pair_051_standalone_A_g2_r3_s2023,pair_051_standalone_B_g2_r3_s2023
missing_rating,,,,an Acoma Pueblo pottery jar,"an Acoma Pueblo pottery jar with a pale clay body and black-and-red painting, showing -line rain, stepped-cloud, and interlocking geometric motifs",a Catawba burnished pottery jar,"a Catawba burnished pottery jar made of unglazed hand-coiled clay with a smoky brown surface, showing a polished finish and incised details",,,,,,True,1012,pair_024_native_SS_g1_r2_s1012,pair_024,24,,,,,,False,2,sample_0215,1,pair_024_standalone_A_g1_r2_s1012,pair_024_standalone_B_g1_r2_s1012
missing_rating,,,,a Chinese cloisonné enamel plate,"a Chinese cloisonné enamel plate with turquoise and cobalt-blue enamel cells separated by gilded metal wires, showing lotus, cloud, and auspicious motifs",a French Limoges painted-enamel plate,"a French Limoges painted-enamel plate with opaque and translucent enamel painted over copper, showing Renaissance figures, grisaille shading, and jewel-toned borders",,,,,,True,2022,pair_049_native_SS_g2_r2_s2022,pair_049,49,,,,,,False,2,sample_0216,2,pair_049_standalone_A_g2_r2_s2022,pair_049_standalone_B_g2_r2_s2022
missing_rating,,,,a Benin bronze relief plaque,"a Benin bronze relief plaque made of cast brass with high-relief court figures, showing patterned robes, coral regalia, and a hierarchical composition",a Nepalese repoussé copper plaque,"a Nepalese repoussé copper plaque made of hammered copper worked from the reverse, showing a Buddhist deity, lotus throne, and flame-like halo with gilded details",,,,,,False,2021,pair_056_native_SS_g2_r1_s2021,pair_056,56,,,,,,True,1,sample_0217,2,pair_056_standalone_A_g2_r1_s2021,pair_056_standalone_B_g2_r1_s2021
missing_rating,,,,a Chinese famille-rose porcelain vase,"a Chinese famille-rose porcelain vase with opaque pink, green, yellow, and turquoise overglaze enamels, showing peonies, birds, and auspicious garden scenes",a Hungarian Herend porcelain vase,"a Hungarian Herend porcelain vase with polychrome enamel painting and gilded rims, showing stylized butterflies, flowers, and scale-like fishnet patterns",,,,,,True,1011,pair_008_native_SS_g1_r1_s1011,pair_008,8,,,,,,False,1,sample_0218,1,pair_008_standalone_A_g1_r1_s1011,pair_008_standalone_B_g1_r1_s1011
no_consensus_shift,False,False,False,an Italian Renaissance maiolica plate,"an Italian Renaissance maiolica plate with opaque white tin glaze, painted in cobalt blue, ochre yellow, copper green, and manganese purple with a figurative medallion and scrolling foliage",a French Nevers faience plate,"a French Nevers faience plate with white tin glaze, painted in deep blue, yellow, and manganese with heraldic, pastoral, and symmetrical floral motifs",2,1,True,True,True,True,1013,pair_014_native_SS_g1_r3_s1013,pair_014,14,4,4,False,True,True,True,3,sample_0219,1,pair_014_standalone_A_g1_r3_s1013,pair_014_standalone_B_g1_r3_s1013
missing_rating,,,,a Japanese woven-bamboo basket,"a Japanese woven-bamboo basket made from split bamboo in a open weave, showing hexagonal plaiting, curved handles, and an asymmetrical sculptural profile",a Philippine nito-vine basket,"a Philippine nito-vine basket woven from dark nito vine over a lighter structural frame, showing tight black-and-tan spirals, diamonds, and rhythmic geometric bands",,,,,,True,1011,pair_094_native_SS_g1_r1_s1011,pair_094,94,,,,,,False,1,sample_0220,1,pair_094_standalone_A_g1_r1_s1011,pair_094_standalone_B_g1_r1_s1011
knowledge_insufficiency,False,True,True,an Italian tooled-leather wall panel,"an Italian tooled-leather wall panel made from embossed and gilded leather, showing scrolling acanthus leaves, heraldic forms, and brown-and-gold relief",a Spanish Córdoba guadamecí leather panel,"a Spanish Córdoba guadamecí leather panel made from silvered, painted, and embossed leather, showing Renaissance arabesques, flowers, and richly colored metallic relief",4,2,True,True,False,True,1012,pair_097_native_SS_g1_r2_s1012,pair_097,97,4,0,True,False,False,True,2,sample_0221,1,pair_097_standalone_A_g1_r2_s1012,pair_097_standalone_B_g1_r2_s1012
missing_rating,,,,an Indonesian ikat textile panel,"an Indonesian ikat textile panel woven from resist-dyed threads with feathered edges, showing diamonds, ancestor figures, and rhythmic color bands",an Iban pua kumbu textile panel,"an Iban pua kumbu textile panel woven in warp ikat with deep red, black, and cream yarns, showing powerful hooked figures, spirit motifs, and mirrored geometric bands",,,,,,True,3033,pair_068_native_SS_g3_r3_s3033,pair_068,68,,,,,,False,3,sample_0222,3,pair_068_standalone_A_g3_r3_s3033,pair_068_standalone_B_g3_r3_s3033
missing_rating,,,,a Hungarian Matyó embroidery panel,"a Hungarian Matyó embroidery panel worked in red, pink, blue, yellow, and green thread, showing densely packed roses and curling floral sprays",a Slovak Detva embroidery panel,"a Slovak Detva embroidery panel worked in chain stitch and satin stitch, showing compact geometric flowers, hearts, and rhythmic folk borders",,,,,,False,2021,pair_077_native_SS_g2_r1_s2021,pair_077,77,,,,,,False,1,sample_0223,2,pair_077_standalone_A_g2_r1_s2021,pair_077_standalone_B_g2_r1_s2021
missing_rating,,,,an Indian Dhokra bronze figurine,"an Indian Dhokra bronze figurine made by lost-wax casting with an earthy bronze surface, showing elongated limbs, coiled-wire textures, and stylized tribal ornament",a Ghanaian Asante brass goldweight figurine,"a Ghanaian Asante brass goldweight figurine made by lost-wax casting in compact geometric form, showing a proverb-inspired human, animal, or tool motif with textured details",,,,,,True,3031,pair_055_native_SS_g3_r1_s3031,pair_055,55,,,,,,False,1,sample_0224,3,pair_055_standalone_A_g3_r1_s3031,pair_055_standalone_B_g3_r1_s3031
missing_rating,,,,a Chinese Jun ware ceramic bowl,"a Chinese Jun ware ceramic bowl with a thick opalescent blue glaze and irregular purple splashes, showing a simple rounded form and pooled color",a Japanese Hagi ware tea bowl,"a Japanese Hagi ware tea bowl with a porous stoneware body and milky white crackled glaze, showing a irregular foot and ash-toned surface",,,,,,True,3033,pair_028_native_SS_g3_r3_s3033,pair_028,28,,,,,,False,3,sample_0225,3,pair_028_standalone_A_g3_r3_s3033,pair_028_standalone_B_g3_r3_s3033
missing_rating,,,,a Japanese Raku tea bowl,"a Japanese Raku tea bowl with a hand-shaped low-fired body and irregular black glaze, showing a warped rim and tactile matte-to-gloss surface",a Japanese Onta ware bowl,"a Japanese Onta ware bowl made of stoneware with slip-trailed and combed decoration, showing rhythmic white, brown, and ochre bands made by wheel techniques",,,,,,True,1013,pair_019_native_SS_g1_r3_s1013,pair_019,19,,,,,,False,3,sample_0226,1,pair_019_standalone_A_g1_r3_s1013,pair_019_standalone_B_g1_r3_s1013
no_consensus_shift,False,False,False,an ancient Greek black-figure ceramic amphora,"an ancient Greek black-figure ceramic amphora with black silhouettes on red clay, showing mythological figures arranged in horizontal narrative registers",an ancient Cypriot bichrome ceramic amphora,"an ancient Cypriot bichrome ceramic amphora with red and black painted lines on a pale clay body, showing concentric circles, birds, and compact geometric panels",4,2,True,True,False,True,2023,pair_023_native_SS_g2_r3_s2023,pair_023,23,5,5,False,True,True,True,3,sample_0227,2,pair_023_standalone_A_g2_r3_s2023,pair_023_standalone_B_g2_r3_s2023
no_consensus_shift,False,False,False,a Chinese black-lacquer wooden bowl,"a Chinese black-lacquer wooden bowl with a deep-black lacquer surface and red or gold linear decoration, showing a thin balanced profile",a Burmese yun lacquerware bowl,"a Burmese yun lacquerware bowl with black lacquer incised and filled with red, green, and yellow pigments, showing zodiac figures and geometric bands",4,2,True,True,False,True,2023,pair_037_native_SS_g2_r3_s2023,pair_037,37,5,5,False,True,True,True,3,sample_0228,2,pair_037_standalone_A_g2_r3_s2023,pair_037_standalone_B_g2_r3_s2023
missing_rating,,,,a Japanese brocade obi sash,"a Japanese brocade obi sash woven in silk and metallic thread, showing large chrysanthemums, cranes, fans, and rhythmic geometric grounds",a Korean gold-thread brocade sash,"a Korean gold-thread brocade sash woven in colored silk with metallic thread, showing compact clouds, peonies, phoenixes, and repeating geometric borders",,,,,,True,2022,pair_067_native_SS_g2_r2_s2022,pair_067,67,,,,,,False,2,sample_0229,2,pair_067_standalone_A_g2_r2_s2022,pair_067_standalone_B_g2_r2_s2022
missing_rating,,,,a Japanese raden lacquerware tray,"a Japanese raden lacquerware tray with deep black lacquer and iridescent mother-of-pearl shell inlay forming bird, flower, and geometric motifs",a Korean najeonchilgi lacquerware tray,"a Korean najeonchilgi lacquerware tray with black lacquer and mother-of-pearl inlay, showing chrysanthemum scrolls, cranes, and repeated geometric borders",,,,,,False,3033,pair_035_native_SS_g3_r3_s3033,pair_035,35,,,,,,True,3,sample_0230,3,pair_035_standalone_A_g3_r3_s3033,pair_035_standalone_B_g3_r3_s3033
missing_rating,,,,a Moroccan Fes ceramic bowl,"a Moroccan Fes ceramic bowl with a white glazed body painted in cobalt blue, green, and yellow, showing organized star, arabesque, and palmette motifs",an Algerian Kabyle pottery bowl,"an Algerian Kabyle pottery bowl made of hand-built earthenware with red, black, and white painted decoration, showing triangles, chevrons, and protective geometric signs",,,,,,True,1013,pair_018_native_SS_g1_r3_s1013,pair_018,18,,,,,,False,3,sample_0231,1,pair_018_standalone_A_g1_r3_s1013,pair_018_standalone_B_g1_r3_s1013
missing_rating,,,,a Venetian millefiori glass-bead necklace,"a Venetian millefiori glass-bead necklace made from multicolored glass canes sliced into flower-like beads, showing red, blue, yellow, white, and green mosaic patterns",a Ghanaian Krobo powder-glass-bead necklace,"a Ghanaian Krobo powder-glass-bead necklace made from molded recycled glass powder, showing opaque hand-painted stripes, dots, chevrons, and earth and jewel colors",,,,,,False,1013,pair_093_native_SS_g1_r3_s1013,pair_093,93,,,,,,True,3,sample_0232,1,pair_093_standalone_A_g1_r3_s1013,pair_093_standalone_B_g1_r3_s1013
missing_rating,,,,a Japanese maki-e lacquerware vase,"a Japanese maki-e lacquerware vase with deep black lacquer sprinkled with gold and silver powder, showing cranes, pine branches, and landscape motifs",a Vietnamese sơn mài lacquerware vase,"a Vietnamese sơn mài lacquerware vase with layered black, red, and gold lacquer polished to depth, showing stylized bamboo, village, and eggshell-inlay motifs",,,,,,True,1012,pair_036_native_SS_g1_r2_s1012,pair_036,36,,,,,,False,2,sample_0233,1,pair_036_standalone_A_g1_r2_s1012,pair_036_standalone_B_g1_r2_s1012
no_consensus_shift,False,False,False,a Chinese carved-jade pendant,"a Chinese carved-jade pendant made from polished pale green or white jade, showing pierced clouds, dragons, or floral scrolls in low relief",a Māori pounamu hei tiki pendant,"a Māori pounamu hei tiki pendant carved from translucent greenstone in a compact ancestral figure, showing an inclined head, large eyes, and curved limbs",2,2,True,True,False,True,2021,pair_099_native_SS_g2_r1_s2021,pair_099,99,5,5,False,True,True,True,1,sample_0234,2,pair_099_standalone_A_g2_r1_s2021,pair_099_standalone_B_g2_r1_s2021
missing_rating,,,,a Chinese black-lacquer wooden bowl,"a Chinese black-lacquer wooden bowl with a deep-black lacquer surface and red or gold linear decoration, showing a thin balanced profile",a Burmese yun lacquerware bowl,"a Burmese yun lacquerware bowl with black lacquer incised and filled with red, green, and yellow pigments, showing zodiac figures and geometric bands",,,,,,True,3032,pair_037_native_SS_g3_r2_s3032,pair_037,37,,,,,,False,2,sample_0235,3,pair_037_standalone_A_g3_r2_s3032,pair_037_standalone_B_g3_r2_s3032
missing_rating,,,,a Japanese silk kimono,"a Japanese silk kimono with a lustrous woven ground and dyed or embroidered decoration, showing cranes, cherry blossoms, water, and seasonal motifs",a Cambodian hol silk robe,"a Cambodian hol silk robe made from weft-ikat silk with feathered pattern edges, showing repeating lozenges, flowers, and temple-inspired motifs",,,,,,False,1011,pair_062_native_SS_g1_r1_s1011,pair_062,62,,,,,,False,1,sample_0236,1,pair_062_standalone_A_g1_r1_s1011,pair_062_standalone_B_g1_r1_s1011
missing_rating,,,,a Dutch blue-and-white Delftware vase,"a Dutch blue-and-white Delftware vase with opaque white tin glaze, painted in cobalt blue with canal-house, tulip, and ornamental border motifs",a Tunisian Qallaline faience vase,"a Tunisian Qallaline faience vase with tin glaze, painted in cobalt blue, green, ochre, and manganese with cypress, arch, and floral motifs",,,,,,True,1013,pair_013_native_SS_g1_r3_s1013,pair_013,13,,,,,,False,3,sample_0237,1,pair_013_standalone_A_g1_r3_s1013,pair_013_standalone_B_g1_r3_s1013
missing_rating,,,,an Indonesian batik textile panel,"an Indonesian batik textile panel with wax-resist dyeing in indigo, brown, and cream, showing parang diagonals, kawung rosettes, and densely repeated floral motifs",a Japanese katazome textile panel,"a Japanese katazome textile panel with stencil-resist dyeing on cotton in indigo and white, showing waves, chrysanthemums, birds, and repeating geometric motifs",,,,,,True,3032,pair_072_native_SS_g3_r2_s3032,pair_072,72,,,,,,False,2,sample_0238,3,pair_072_standalone_A_g3_r2_s3032,pair_072_standalone_B_g3_r2_s3032
missing_rating,,,,an Indonesian batik cloth,"an Indonesian batik cloth with wax-resist dyeing in indigo, brown, and cream, showing parang diagonals, kawung rosettes, and densely repeated floral motifs",a Nigerian adire cloth,"a Nigerian adire cloth with indigo resist-dyed cotton, showing white circles, grids, comb-like marks, and hand-drawn or stitched geometric patterns",,,,,,True,1013,pair_071_native_SS_g1_r3_s1013,pair_071,71,,,,,,False,3,sample_0239,1,pair_071_standalone_A_g1_r3_s1013,pair_071_standalone_B_g1_r3_s1013
missing_rating,,,,a Ghanaian kente cloth,"a Ghanaian kente cloth woven in narrow strips of silk or rayon, showing alternating geometric blocks in gold, green, red, blue, and black",a Bhutanese yathra wool textile,"a Bhutanese yathra wool textile woven in thick colored wool with supplementary-weft motifs, showing repeating diamonds, flowers, and horizontal geometric bands",,,,,,False,1011,pair_080_native_SS_g1_r1_s1011,pair_080,80,,,,,,True,1,sample_0240,1,pair_080_standalone_A_g1_r1_s1011,pair_080_standalone_B_g1_r1_s1011
missing_rating,,,,a Spanish Toledo damascened box,"a Spanish Toledo damascened box made of blackened steel inlaid with gold and silver, showing Moorish arabesques and geometric filigree patterns",a Japanese nunome-zōgan metal-inlay box,"a Japanese nunome-zōgan metal-inlay box made of dark iron overlaid with gold and silver textile-like inlay, showing waves, flowers, and geometric bands",,,,,,False,2022,pair_045_native_SS_g2_r2_s2022,pair_045,45,,,,,,False,2,sample_0241,2,pair_045_standalone_A_g2_r2_s2022,pair_045_standalone_B_g2_r2_s2022
shift_location_disagreement,False,False,True,a Chinese sancai glazed ceramic jar,"a Chinese sancai glazed ceramic jar with amber, green, and cream lead glazes over a rounded earthenware body, showing drips and molded relief bands",a Peruvian Chulucanas pottery jar,"a Peruvian Chulucanas pottery jar with a burnished clay surface in black, cream, and brown, showing negative-painted geometric bands and abstract figures",3,2,True,False,True,True,2022,pair_022_native_SS_g2_r2_s2022,pair_022,22,2,5,True,False,True,True,2,sample_0242,2,pair_022_standalone_A_g2_r2_s2022,pair_022_standalone_B_g2_r2_s2022
missing_rating,,,,an Italian Renaissance maiolica vase,"an Italian Renaissance maiolica vase with opaque white tin glaze, painted in cobalt blue, ochre yellow, copper green, and manganese purple with a figurative medallion and scrolling foliage",a Spanish Manises lusterware vase,"a Spanish Manises lusterware vase made of tin-glazed earthenware with coppery metallic luster, showing cobalt-blue vines, heraldic shields, and repeating leaf motifs",,,,,,False,3032,pair_015_native_SS_g3_r2_s3032,pair_015,15,,,,,,False,2,sample_0243,3,pair_015_standalone_A_g3_r2_s3032,pair_015_standalone_B_g3_r2_s3032
shift_location_disagreement,False,False,True,a French Sèvres porcelain vase,"a French Sèvres porcelain vase with a bleu-céleste ground, gilded bronze-like ornament, and painted floral or courtly reserve panels",a Russian Imperial Porcelain cobalt-net vase,"a Russian Imperial Porcelain cobalt-net vase with cobalt-blue lattice, gold intersections, and radiating rosette motifs",4,3,True,True,True,True,2022,pair_007_native_SS_g2_r2_s2022,pair_007,7,4,5,True,True,True,True,2,sample_0244,2,pair_007_standalone_A_g2_r2_s2022,pair_007_standalone_B_g2_r2_s2022
missing_rating,,,,a German Meissen porcelain figurine,"a German Meissen porcelain figurine with modeled forms, painted in overglaze colors with gilded Rococo details",an Italian Capodimonte porcelain figurine,"an Italian Capodimonte porcelain figurine with modeled porcelain drapery and flowers, painted in pastel colors with theatrical Baroque gestures",,,,,,True,3033,pair_006_native_SS_g3_r3_s3033,pair_006,6,,,,,,False,3,sample_0245,3,pair_006_standalone_A_g3_r3_s3033,pair_006_standalone_B_g3_r3_s3033
missing_rating,,,,an Indian Patola double-ikat textile panel,"an Indian Patola double-ikat textile panel woven from precisely resist-dyed silk warp and weft, showing dancing figures, elephants, flowers, and geometric grids",a Timorese tais textile panel,"a Timorese tais textile panel woven in cotton warp ikat with red, black, yellow, and white bands, showing hooks, diamonds, and locally specific ancestral motifs",,,,,,False,2022,pair_070_native_SS_g2_r2_s2022,pair_070,70,,,,,,False,2,sample_0246,2,pair_070_standalone_A_g2_r2_s2022,pair_070_standalone_B_g2_r2_s2022
missing_rating,,,,an Italian tooled-leather wall panel,"an Italian tooled-leather wall panel made from embossed and gilded leather, showing scrolling acanthus leaves, heraldic forms, and brown-and-gold relief",a Spanish Córdoba guadamecí leather panel,"a Spanish Córdoba guadamecí leather panel made from silvered, painted, and embossed leather, showing Renaissance arabesques, flowers, and richly colored metallic relief",,,,,,False,2021,pair_097_native_SS_g2_r1_s2021,pair_097,97,,,,,,True,1,sample_0247,2,pair_097_standalone_A_g2_r1_s2021,pair_097_standalone_B_g2_r1_s2021
missing_rating,,,,an ancient Greek black-figure ceramic amphora,"an ancient Greek black-figure ceramic amphora with black silhouettes on red clay, showing mythological figures arranged in horizontal narrative registers",an ancient Cypriot bichrome ceramic amphora,"an ancient Cypriot bichrome ceramic amphora with red and black painted lines on a pale clay body, showing concentric circles, birds, and compact geometric panels",,,,,,True,1011,pair_023_native_SS_g1_r1_s1011,pair_023,23,,,,,,False,1,sample_0248,1,pair_023_standalone_A_g1_r1_s1011,pair_023_standalone_B_g1_r1_s1011
no_consensus_shift,False,False,False,a Japanese cast-iron tetsubin teapot,"a Japanese cast-iron tetsubin teapot with a dark textured iron body, arched handle, and relief decoration showing hailstone, pine, or geometric motifs",an Azerbaijani engraved-copper teapot,"an Azerbaijani engraved-copper teapot with a hammered copper body, curved spout, and incised floral medallions, boteh motifs, and geometric borders",4,3,True,True,True,True,2023,pair_057_native_SS_g2_r3_s2023,pair_057,57,5,5,False,True,True,True,3,sample_0249,2,pair_057_standalone_A_g2_r3_s2023,pair_057_standalone_B_g2_r3_s2023
missing_rating,,,,an Inuit soapstone figurine,"an Inuit soapstone figurine carved from dark gray-green stone with rounded tactile surfaces, showing a compact animal or human figure with incised details",a Kenyan Kisii soapstone figurine,"a Kenyan Kisii soapstone figurine carved from pale soapstone and polished, showing an abstract intertwined human or animal form with rounded contours",,,,,,True,3033,pair_100_native_SS_g3_r3_s3033,pair_100,100,,,,,,False,3,sample_0250,3,pair_100_standalone_A_g3_r3_s3033,pair_100_standalone_B_g3_r3_s3033
knowledge_insufficiency,True,False,True,a Mexican Otomi embroidered blouse,"a Mexican Otomi embroidered blouse worked in flat satin stitch, showing mirrored birds, deer, flowers, and fantastical animals around the neckline and sleeves",a Guatemalan huipil blouse,"a Guatemalan huipil blouse woven and embroidered in colors, showing diamonds, birds, maize, and community-specific geometric bands",2,4,True,False,True,True,3032,pair_075_native_SS_g3_r2_s3032,pair_075,75,2,5,True,False,True,True,2,sample_0251,3,pair_075_standalone_A_g3_r2_s3032,pair_075_standalone_B_g3_r2_s3032
composition_mechanism_failure,True,False,True,an Ottoman tinned-copper ewer,"an Ottoman tinned-copper ewer with a reflective silver-toned tinned surface, tall curved spout, and chased tulip, cypress, and arabesque decoration",a Bosnian engraved-copper coffee ewer,"a Bosnian engraved-copper coffee ewer with a copper body, long curved spout, and hand-hammered rosette, star, and interlaced geometric motifs",3,4,True,True,True,True,1012,pair_052_native_SS_g1_r2_s1012,pair_052,52,3,4,True,True,True,True,2,sample_0252,1,pair_052_standalone_A_g1_r2_s1012,pair_052_standalone_B_g1_r2_s1012
missing_rating,,,,a Chinese Jun ware ceramic bowl,"a Chinese Jun ware ceramic bowl with a thick opalescent blue glaze and irregular purple splashes, showing a simple rounded form and pooled color",a Japanese Hagi ware tea bowl,"a Japanese Hagi ware tea bowl with a porous stoneware body and milky white crackled glaze, showing a irregular foot and ash-toned surface",,,,,,False,2023,pair_028_native_SS_g2_r3_s2023,pair_028,28,,,,,,False,3,sample_0253,2,pair_028_standalone_A_g2_r3_s2023,pair_028_standalone_B_g2_r3_s2023
missing_rating,,,,a Persian minakari enamel plate,"a Persian minakari enamel plate with blue, turquoise, red, and white enamel over copper, showing floral arabesques and central medallions",a Georgian Minankari enamel plate,"a Georgian Minankari enamel plate with translucent jewel-toned enamel over engraved silver, showing compact flowers, birds, and scrolling vines outlined by metalwork",,,,,,True,2023,pair_050_native_SS_g2_r3_s2023,pair_050,50,,,,,,False,3,sample_0254,2,pair_050_standalone_A_g2_r3_s2023,pair_050_standalone_B_g2_r3_s2023
knowledge_insufficiency,True,False,True,a Chinese celadon ceramic bowl,"a Chinese celadon ceramic bowl with translucent blue-green glaze, showing carved lotus petals beneath the glaze",a Vietnamese Lý–Trần celadon ceramic bowl,"a Vietnamese Lý–Trần celadon ceramic bowl with a pale jade-green glaze and lightly crackled surface, showing carved lotus petals and combed floral decoration",2,2,True,False,False,True,1011,pair_010_native_SS_g1_r1_s1011,pair_010,10,3,4,True,False,True,True,1,sample_0255,1,pair_010_standalone_A_g1_r1_s1011,pair_010_standalone_B_g1_r1_s1011
missing_rating,,,,a Japanese cast-iron tetsubin teapot,"a Japanese cast-iron tetsubin teapot with a dark textured iron body, arched handle, and relief decoration showing hailstone, pine, or geometric motifs",an Azerbaijani engraved-copper teapot,"an Azerbaijani engraved-copper teapot with a hammered copper body, curved spout, and incised floral medallions, boteh motifs, and geometric borders",,,,,,True,1012,pair_057_native_SS_g1_r2_s1012,pair_057,57,,,,,,False,2,sample_0256,1,pair_057_standalone_A_g1_r2_s1012,pair_057_standalone_B_g1_r2_s1012
missing_rating,,,,a Japanese Raku tea bowl,"a Japanese Raku tea bowl with a hand-shaped low-fired body and irregular black glaze, showing a warped rim and tactile matte-to-gloss surface",a Japanese Onta ware bowl,"a Japanese Onta ware bowl made of stoneware with slip-trailed and combed decoration, showing rhythmic white, brown, and ochre bands made by wheel techniques",,,,,,False,2021,pair_019_native_SS_g2_r1_s2021,pair_019,19,,,,,,False,1,sample_0257,2,pair_019_standalone_A_g2_r1_s2021,pair_019_standalone_B_g2_r1_s2021
missing_rating,,,,a Japanese maki-e lacquerware box,"a Japanese maki-e lacquerware box with deep black lacquer sprinkled with gold and silver powder, showing cranes, pine branches, and landscape motifs",a Thai lai rod nam lacquerware box,"a Thai lai rod nam lacquerware box with black lacquer covered by gold-leaf resist decoration, showing flame, deity, and scrolling vegetal patterns",,,,,,True,2023,pair_031_native_SS_g2_r3_s2023,pair_031,31,,,,,,False,3,sample_0258,2,pair_031_standalone_A_g2_r3_s2023,pair_031_standalone_B_g2_r3_s2023
missing_rating,,,,an Indian kantha quilt,"an Indian kantha quilt made from layered cotton joined by running stitches, showing rippling lines, lotus flowers, animals, and narrative folk scenes",a Korean bojagi patchwork wrapping cloth,"a Korean bojagi patchwork wrapping cloth assembled from translucent or opaque fabric rectangles, showing asymmetrical geometric seams and jewel-toned color blocks",,,,,,True,2022,pair_078_native_SS_g2_r2_s2022,pair_078,78,,,,,,False,2,sample_0259,2,pair_078_standalone_A_g2_r2_s2022,pair_078_standalone_B_g2_r2_s2022
missing_rating,,,,a Chinese cloisonné vase,"a Chinese cloisonné vase with turquoise and cobalt-blue enamel cells separated by gilded metal wires, showing lotus, cloud, and auspicious motifs",a Georgian Minankari enamel vase,"a Georgian Minankari enamel vase with translucent jewel-toned enamel over engraved silver, showing compact flowers, birds, and scrolling vines outlined by metalwork",,,,,,False,1012,pair_041_native_SS_g1_r2_s1012,pair_041,41,,,,,,True,2,sample_0260,1,pair_041_standalone_A_g1_r2_s1012,pair_041_standalone_B_g1_r2_s1012
missing_rating,,,,a Japanese Imari porcelain jar,"a Japanese Imari porcelain jar with cobalt-blue underglaze and iron-red and gold overglaze decoration, showing floral panels and patterned reserves",a Korean Joseon iron-painted porcelain jar,"a Korean Joseon iron-painted porcelain jar with freely brushed iron-brown decoration on white porcelain, showing dragons, bamboo, or abbreviated floral motifs",,,,,,True,1011,pair_004_native_SS_g1_r1_s1011,pair_004,4,,,,,,False,1,sample_0261,1,pair_004_standalone_A_g1_r1_s1011,pair_004_standalone_B_g1_r1_s1011
missing_rating,,,,a Japanese silk kimono,"a Japanese silk kimono with a lustrous woven ground and dyed or embroidered decoration, showing cranes, cherry blossoms, water, and seasonal motifs",a Cambodian hol silk robe,"a Cambodian hol silk robe made from weft-ikat silk with feathered pattern edges, showing repeating lozenges, flowers, and temple-inspired motifs",,,,,,True,1012,pair_062_native_SS_g1_r2_s1012,pair_062,62,,,,,,False,2,sample_0262,1,pair_062_standalone_A_g1_r2_s1012,pair_062_standalone_B_g1_r2_s1012
mixed_or_uncertain,False,True,True,a Japanese maki-e lacquerware box,"a Japanese maki-e lacquerware box with deep black lacquer sprinkled with gold and silver powder, showing cranes, pine branches, and landscape motifs",a Thai lai rod nam lacquerware box,"a Thai lai rod nam lacquerware box with black lacquer covered by gold-leaf resist decoration, showing flame, deity, and scrolling vegetal patterns",3,2,True,False,False,True,1013,pair_031_native_SS_g1_r3_s1013,pair_031,31,2,4,True,False,True,True,3,sample_0263,1,pair_031_standalone_A_g1_r3_s1013,pair_031_standalone_B_g1_r3_s1013
no_consensus_shift,False,False,False,a Dutch blue-and-white Delftware plate,"a Dutch blue-and-white Delftware plate with opaque white tin glaze, painted in cobalt blue with canal-house, tulip, and ornamental border motifs",a Slovak Modra faience plate,"a Slovak Modra faience plate made of pale glazed earthenware, painted in cobalt blue, green, yellow, and manganese with stylized birds and folk flowers",4,2,True,True,False,True,1013,pair_012_native_SS_g1_r3_s1013,pair_012,12,5,5,False,True,True,True,3,sample_0264,1,pair_012_standalone_A_g1_r3_s1013,pair_012_standalone_B_g1_r3_s1013
composition_mechanism_failure,True,False,True,a Chinese blue-and-white porcelain vase,"a Chinese blue-and-white porcelain vase with cobalt-blue underglaze painting, showing Chinese landscape, lotus, and scrolling-cloud motifs",a Vietnamese Bát Tràng blue-and-white ceramic vase,"a Vietnamese Bát Tràng blue-and-white ceramic vase with cobalt-blue hand-painted decoration on pale glaze, showing stylized lotus, fish, and scrolling foliage",3,2,True,True,False,True,1011,pair_001_native_SS_g1_r1_s1011,pair_001,1,3,4,True,True,True,True,1,sample_0265,1,pair_001_standalone_A_g1_r1_s1011,pair_001_standalone_B_g1_r1_s1011
missing_rating,,,,a Spanish Toledo damascened vase,"a Spanish Toledo damascened vase made of blackened steel inlaid with gold and silver, showing Moorish arabesques and geometric filigree patterns",a Korean ipsa metal-inlay vase,"a Korean ipsa metal-inlay vase made of dark patinated metal inlaid with silver wire, showing cranes, clouds, and sparse linear landscape motifs",,,,,,False,1011,pair_046_native_SS_g1_r1_s1011,pair_046,46,,,,,,True,1,sample_0266,1,pair_046_standalone_A_g1_r1_s1011,pair_046_standalone_B_g1_r1_s1011
mixed_or_uncertain,True,True,True,a Japanese sashiko textile panel,"a Japanese sashiko textile panel stitched with white running thread on indigo cotton, showing repeating hemp-leaf, wave, and linked-diamond reinforcement patterns",a Romanian ie-embroidery textile panel,"a Romanian ie-embroidery textile panel worked in red, black, blue, and metallic thread, showing vertical floral bands, diamonds, and region-specific geometric motifs",2,1,True,True,True,True,3032,pair_076_native_SS_g3_r2_s3032,pair_076,76,1,2,True,False,True,True,2,sample_0267,3,pair_076_standalone_A_g3_r2_s3032,pair_076_standalone_B_g3_r2_s3032
missing_rating,,,,a Chinese cloisonné vase,"a Chinese cloisonné vase with turquoise and cobalt-blue enamel cells separated by gilded metal wires, showing lotus, cloud, and auspicious motifs",a Georgian Minankari enamel vase,"a Georgian Minankari enamel vase with translucent jewel-toned enamel over engraved silver, showing compact flowers, birds, and scrolling vines outlined by metalwork",,,,,,True,3031,pair_041_native_SS_g3_r1_s3031,pair_041,41,,,,,,False,1,sample_0268,3,pair_041_standalone_A_g3_r1_s3031,pair_041_standalone_B_g3_r1_s3031
missing_rating,,,,a Persian floral carpet,"a Persian floral carpet with a wool pile and central medallion, showing curving vines, palmettes, and flowers in deep red, blue, and ivory",a Tibetan khaden carpet,"a Tibetan khaden carpet with a compact wool pile in red, blue, yellow, and cream, showing snow lions, lotus flowers, clouds, or checkerboard motifs",,,,,,True,1011,pair_089_native_SS_g1_r1_s1011,pair_089,89,,,,,,False,1,sample_0269,1,pair_089_standalone_A_g1_r1_s1011,pair_089_standalone_B_g1_r1_s1011
missing_rating,,,,a Japanese Raku tea bowl,"a Japanese Raku tea bowl with a hand-shaped low-fired body and irregular black glaze, showing a warped rim and tactile matte-to-gloss surface",a Korean buncheong tea bowl,"a Korean buncheong tea bowl made of gray stoneware brushed with white slip, showing stamped, incised, or freely painted decoration beneath a translucent glaze",,,,,,True,2021,pair_021_native_SS_g2_r1_s2021,pair_021,21,,,,,,False,1,sample_0270,2,pair_021_standalone_A_g2_r1_s2021,pair_021_standalone_B_g2_r1_s2021
missing_rating,,,,a Japanese silk kimono,"a Japanese silk kimono with a lustrous woven ground and dyed or embroidered decoration, showing cranes, cherry blossoms, water, and seasonal motifs",a Cambodian hol silk robe,"a Cambodian hol silk robe made from weft-ikat silk with feathered pattern edges, showing repeating lozenges, flowers, and temple-inspired motifs",,,,,,True,2022,pair_062_native_SS_g2_r2_s2022,pair_062,62,,,,,,False,2,sample_0271,2,pair_062_standalone_A_g2_r2_s2022,pair_062_standalone_B_g2_r2_s2022
missing_rating,,,,a Chinese sancai glazed ceramic jar,"a Chinese sancai glazed ceramic jar with amber, green, and cream lead glazes over a rounded earthenware body, showing drips and molded relief bands",a Peruvian Chulucanas pottery jar,"a Peruvian Chulucanas pottery jar with a burnished clay surface in black, cream, and brown, showing negative-painted geometric bands and abstract figures",,,,,,True,1012,pair_022_native_SS_g1_r2_s1012,pair_022,22,,,,,,False,2,sample_0272,1,pair_022_standalone_A_g1_r2_s1012,pair_022_standalone_B_g1_r2_s1012
no_consensus_shift,False,False,False,a Chinese celadon ceramic bowl,"a Chinese celadon ceramic bowl with translucent blue-green glaze, showing carved lotus petals beneath the glaze",a Vietnamese Lý–Trần celadon ceramic bowl,"a Vietnamese Lý–Trần celadon ceramic bowl with a pale jade-green glaze and lightly crackled surface, showing carved lotus petals and combed floral decoration",3,2,True,True,True,True,3031,pair_010_native_SS_g3_r1_s3031,pair_010,10,4,5,False,True,True,True,1,sample_0273,3,pair_010_standalone_A_g3_r1_s3031,pair_010_standalone_B_g3_r1_s3031
missing_rating,,,,an Ottoman tinned-copper ewer,"an Ottoman tinned-copper ewer with a reflective silver-toned tinned surface, tall curved spout, and chased tulip, cypress, and arabesque decoration",a Bosnian engraved-copper coffee ewer,"a Bosnian engraved-copper coffee ewer with a copper body, long curved spout, and hand-hammered rosette, star, and interlaced geometric motifs",,,,,,False,1011,pair_052_native_SS_g1_r1_s1011,pair_052,52,,,,,,True,1,sample_0274,1,pair_052_standalone_A_g1_r1_s1011,pair_052_standalone_B_g1_r1_s1011
missing_rating,,,,a Venetian millefiori glass-bead necklace,"a Venetian millefiori glass-bead necklace made from multicolored glass canes sliced into flower-like beads, showing red, blue, yellow, white, and green mosaic patterns",a Ghanaian Krobo powder-glass-bead necklace,"a Ghanaian Krobo powder-glass-bead necklace made from molded recycled glass powder, showing opaque hand-painted stripes, dots, chevrons, and earth and jewel colors",,,,,,True,1011,pair_093_native_SS_g1_r1_s1011,pair_093,93,,,,,,False,1,sample_0275,1,pair_093_standalone_A_g1_r1_s1011,pair_093_standalone_B_g1_r1_s1011
missing_rating,,,,an Indian Patola double-ikat textile panel,"an Indian Patola double-ikat textile panel woven from precisely resist-dyed silk warp and weft, showing dancing figures, elephants, flowers, and geometric grids",a Timorese tais textile panel,"a Timorese tais textile panel woven in cotton warp ikat with red, black, yellow, and white bands, showing hooks, diamonds, and locally specific ancestral motifs",,,,,,False,1012,pair_070_native_SS_g1_r2_s1012,pair_070,70,,,,,,False,2,sample_0276,1,pair_070_standalone_A_g1_r2_s1012,pair_070_standalone_B_g1_r2_s1012
no_consensus_shift,False,False,False,an Inuit soapstone figurine,"an Inuit soapstone figurine carved from dark gray-green stone with rounded tactile surfaces, showing a compact animal or human figure with incised details",a Kenyan Kisii soapstone figurine,"a Kenyan Kisii soapstone figurine carved from pale soapstone and polished, showing an abstract intertwined human or animal form with rounded contours",3,2,True,True,False,True,1013,pair_100_native_SS_g1_r3_s1013,pair_100,100,5,5,False,True,True,True,3,sample_0277,1,pair_100_standalone_A_g1_r3_s1013,pair_100_standalone_B_g1_r3_s1013
missing_rating,,,,a Japanese raden lacquerware lidded box,"a Japanese raden lacquerware lidded box with deep black lacquer and iridescent mother-of-pearl shell inlay forming bird, flower, and geometric motifs",a Mexican Olinalá lacquerware lidded box,"a Mexican Olinalá lacquerware lidded box made from linaloe wood, with red, ochre, green, blue, and white floral and animal decoration and incised rayado patterns",,,,,,True,2023,pair_034_native_SS_g2_r3_s2023,pair_034,34,,,,,,False,3,sample_0278,2,pair_034_standalone_A_g2_r3_s2023,pair_034_standalone_B_g2_r3_s2023
missing_rating,,,,a Chinese blue-and-white porcelain plate,"a Chinese blue-and-white porcelain plate with cobalt-blue underglaze painting, showing Chinese landscape, lotus, and scrolling-cloud motifs",a Japanese Nabeshima porcelain plate,"a Japanese Nabeshima porcelain plate with underglaze-blue outlines and sparse overglaze color, showing asymmetrical flowers, textiles, and geometric border motifs",,,,,,True,1012,pair_002_native_SS_g1_r2_s1012,pair_002,2,,,,,,False,2,sample_0279,1,pair_002_standalone_A_g1_r2_s1012,pair_002_standalone_B_g1_r2_s1012
missing_rating,,,,an Indian Banarasi brocade sari,"an Indian Banarasi brocade sari woven in rich silk with gold zari, showing floral buta, scrolling vines, and elaborate architectural borders",a Bhutanese kushuthara silk kira,"a Bhutanese kushuthara silk kira woven in silk with supplementary-weft patterning, showing geometric flowers, diamonds, and horizontal bands",,,,,,False,3032,pair_063_native_SS_g3_r2_s3032,pair_063,63,,,,,,True,2,sample_0280,3,pair_063_standalone_A_g3_r2_s3032,pair_063_standalone_B_g3_r2_s3032
knowledge_insufficiency,True,True,True,a Japanese raden lacquerware tray,"a Japanese raden lacquerware tray with deep black lacquer and iridescent mother-of-pearl shell inlay forming bird, flower, and geometric motifs",a Korean najeonchilgi lacquerware tray,"a Korean najeonchilgi lacquerware tray with black lacquer and mother-of-pearl inlay, showing chrysanthemum scrolls, cranes, and repeated geometric borders",1,0,True,False,False,True,2023,pair_035_native_SS_g2_r3_s2023,pair_035,35,0,0,True,False,False,True,3,sample_0281,2,pair_035_standalone_A_g2_r3_s2023,pair_035_standalone_B_g2_r3_s2023
knowledge_insufficiency,False,True,True,a Chinese blue-and-white porcelain plate,"a Chinese blue-and-white porcelain plate with cobalt-blue underglaze painting, showing Chinese landscape, lotus, and scrolling-cloud motifs",a Japanese Nabeshima porcelain plate,"a Japanese Nabeshima porcelain plate with underglaze-blue outlines and sparse overglaze color, showing asymmetrical flowers, textiles, and geometric border motifs",4,2,True,True,False,True,1013,pair_002_native_SS_g1_r3_s1013,pair_002,2,5,3,True,True,False,True,3,sample_0282,1,pair_002_standalone_A_g1_r3_s1013,pair_002_standalone_B_g1_r3_s1013
missing_rating,,,,a German Meissen porcelain figurine,"a German Meissen porcelain figurine with modeled forms, painted in overglaze colors with gilded Rococo details",an Italian Capodimonte porcelain figurine,"an Italian Capodimonte porcelain figurine with modeled porcelain drapery and flowers, painted in pastel colors with theatrical Baroque gestures",,,,,,False,3031,pair_006_native_SS_g3_r1_s3031,pair_006,6,,,,,,False,1,sample_0283,3,pair_006_standalone_A_g3_r1_s3031,pair_006_standalone_B_g3_r1_s3031
missing_rating,,,,a Tibetan silver ritual box,"a Tibetan silver ritual box with repoussé silver, turquoise settings, and gilded details, showing lotus petals, cloud scrolls, and Buddhist auspicious symbols",a Balkan silver-filigree reliquary box,"a Balkan silver-filigree reliquary box with twisted silver wire and granulated bosses, showing crosses, rosettes, and compact geometric latticework",,,,,,False,1011,pair_059_native_SS_g1_r1_s1011,pair_059,59,,,,,,False,1,sample_0284,1,pair_059_standalone_A_g1_r1_s1011,pair_059_standalone_B_g1_r1_s1011
missing_rating,,,,a Moroccan geometric wool rug,"a Moroccan geometric wool rug with a hand-knotted or flat-woven wool surface, showing diamonds, zigzags, and irregular bands in earth colors",an Afghan Baluch wool rug,"an Afghan Baluch wool rug with a dark wool pile in deep red, brown, navy, and ivory, showing repeated prayer niches, hooked medallions, and compact tribal borders",,,,,,True,3031,pair_090_native_SS_g3_r1_s3031,pair_090,90,,,,,,False,1,sample_0285,3,pair_090_standalone_A_g3_r1_s3031,pair_090_standalone_B_g3_r1_s3031
missing_rating,,,,a Venetian Murano glass vase,"a Venetian Murano glass vase made from vividly colored blown glass with layered canes, showing curves, millefiori accents, and polished translucent depth",a Palestinian Hebron blown-glass vase,"a Palestinian Hebron blown-glass vase made from recycled glass in translucent turquoise and green, showing a irregular hand-blown body, bubbles, and applied glass trails",,,,,,True,1012,pair_091_native_SS_g1_r2_s1012,pair_091,91,,,,,,False,2,sample_0286,1,pair_091_standalone_A_g1_r2_s1012,pair_091_standalone_B_g1_r2_s1012
missing_rating,,,,a Russian Fabergé-style guilloché enamel box,"a Russian Fabergé-style guilloché enamel box with translucent enamel over machine-engraved radiating patterns, showing pastel color fields, gold mounts, and jeweled accents",an Indian Jaipur meenakari enamel box,"an Indian Jaipur meenakari enamel box with opaque red, green, blue, and white enamel on gilded metal, showing peacocks, flowers, and scrolling foliage",,,,,,False,1011,pair_043_native_SS_g1_r1_s1011,pair_043,43,,,,,,False,1,sample_0287,1,pair_043_standalone_A_g1_r1_s1011,pair_043_standalone_B_g1_r1_s1011
missing_rating,,,,a Chinese silk-brocade robe,"a Chinese silk-brocade robe woven with colored silk and gold thread, showing dragons, clouds, waves, and organized auspicious emblems",an Assamese muga-silk robe,"an Assamese muga-silk robe woven from naturally golden silk with red, green, and black supplementary motifs, showing stylized flowers and geometric borders",,,,,,False,1011,pair_066_native_SS_g1_r1_s1011,pair_066,66,,,,,,True,1,sample_0288,1,pair_066_standalone_A_g1_r1_s1011,pair_066_standalone_B_g1_r1_s1011
missing_rating,,,,a Russian brass samovar,"a Russian brass samovar with a polished urn-shaped body, side handles, and ornate spigot, showing engraved floral bands and architectural details",an Iranian Qajar brass samovar,"an Iranian Qajar brass samovar with a tall faceted brass body, curved handles, and engraved panels showing birds, flowers, and courtly motifs",,,,,,True,2021,pair_058_native_SS_g2_r1_s2021,pair_058,58,,,,,,False,1,sample_0289,2,pair_058_standalone_A_g2_r1_s2021,pair_058_standalone_B_g2_r1_s2021
missing_rating,,,,a Bohemian cut-glass vase,"a Bohemian cut-glass vase made from clear or ruby-overlaid crystal with deep wheel-cut facets, showing stars, fans, and sharply sparkling geometric panels",a Czech Železný Brod art-glass vase,"a Czech Železný Brod art-glass vase made from hand-shaped colored glass with clean modern curves, showing layered transparent tones, internal bubbles, and sculptural forms",,,,,,True,3032,pair_092_native_SS_g3_r2_s3032,pair_092,92,,,,,,False,2,sample_0290,3,pair_092_standalone_A_g3_r2_s3032,pair_092_standalone_B_g3_r2_s3032
missing_rating,,,,a Persian silver-filigree box,"a Persian silver-filigree box with delicate silver wire scrollwork forming an airy surface, showing repeated palmettes, rosettes, and geometric borders",a Yemeni silver-filigree box,"a Yemeni silver-filigree box with twisted silver wire, granulation, and applied bosses, showing compact geometric and amuletic patterns",,,,,,False,1011,pair_053_native_SS_g1_r1_s1011,pair_053,53,,,,,,False,1,sample_0291,1,pair_053_standalone_A_g1_r1_s1011,pair_053_standalone_B_g1_r1_s1011
missing_rating,,,,a Mexican Taxco silver bowl,"a Mexican Taxco silver bowl with a polished hand-hammered silver surface and modern curves, showing geometric or pre-Columbian-inspired accents",an Indonesian Kotagede silver bowl,"an Indonesian Kotagede silver bowl with a oxidized silver surface worked in repoussé and filigree, showing lotus scrolls, vines, and stippled grounds",,,,,,False,2022,pair_054_native_SS_g2_r2_s2022,pair_054,54,,,,,,True,2,sample_0292,2,pair_054_standalone_A_g2_r2_s2022,pair_054_standalone_B_g2_r2_s2022
knowledge_insufficiency,True,False,True,a Japanese raden lacquerware lidded box,"a Japanese raden lacquerware lidded box with deep black lacquer and iridescent mother-of-pearl shell inlay forming bird, flower, and geometric motifs",a Mexican Olinalá lacquerware lidded box,"a Mexican Olinalá lacquerware lidded box made from linaloe wood, with red, ochre, green, blue, and white floral and animal decoration and incised rayado patterns",2,2,True,False,False,True,3032,pair_034_native_SS_g3_r2_s3032,pair_034,34,4,4,True,False,True,True,2,sample_0293,3,pair_034_standalone_A_g3_r2_s3032,pair_034_standalone_B_g3_r2_s3032
missing_rating,,,,a Persian silver-filigree box,"a Persian silver-filigree box with delicate silver wire scrollwork forming an airy surface, showing repeated palmettes, rosettes, and geometric borders",a Yemeni silver-filigree box,"a Yemeni silver-filigree box with twisted silver wire, granulation, and applied bosses, showing compact geometric and amuletic patterns",,,,,,True,2022,pair_053_native_SS_g2_r2_s2022,pair_053,53,,,,,,False,2,sample_0294,2,pair_053_standalone_A_g2_r2_s2022,pair_053_standalone_B_g2_r2_s2022
missing_rating,,,,a Chinese Dehua blanc-de-Chine porcelain figurine,"a Chinese Dehua blanc-de-Chine porcelain figurine with an ivory-white surface, modeled robes, and carved details without painted color",a Japanese Hirado porcelain figurine,"a Japanese Hirado porcelain figurine with delicate underglaze-blue accents, showing miniature modeling and textile details",,,,,,True,3031,pair_009_native_SS_g3_r1_s3031,pair_009,9,,,,,,False,1,sample_0295,3,pair_009_standalone_A_g3_r1_s3031,pair_009_standalone_B_g3_r1_s3031
missing_rating,,,,a Moroccan geometric wool rug,"a Moroccan geometric wool rug with a hand-knotted or flat-woven wool surface, showing diamonds, zigzags, and irregular bands in earth colors",an Afghan Baluch wool rug,"an Afghan Baluch wool rug with a dark wool pile in deep red, brown, navy, and ivory, showing repeated prayer niches, hooked medallions, and compact tribal borders",,,,,,True,1013,pair_090_native_SS_g1_r3_s1013,pair_090,90,,,,,,False,3,sample_0296,1,pair_090_standalone_A_g1_r3_s1013,pair_090_standalone_B_g1_r3_s1013
no_consensus_shift,False,False,False,a Japanese cast-iron tetsubin teapot,"a Japanese cast-iron tetsubin teapot with a dark textured iron body, arched handle, and relief decoration showing hailstone, pine, or geometric motifs",an Azerbaijani engraved-copper teapot,"an Azerbaijani engraved-copper teapot with a hammered copper body, curved spout, and incised floral medallions, boteh motifs, and geometric borders",3,3,True,True,True,True,3031,pair_057_native_SS_g3_r1_s3031,pair_057,57,4,4,False,True,True,True,1,sample_0297,3,pair_057_standalone_A_g3_r1_s3031,pair_057_standalone_B_g3_r1_s3031
missing_rating,,,,a Chinese silk-embroidery panel,"a Chinese silk-embroidery panel worked in multicolored silk thread, showing peonies, birds, butterflies, and long-and-short stitch shading",a Vietnamese silk-embroidery panel,"a Vietnamese silk-embroidery panel worked in colored silk thread with delicate tonal blending, showing village landscapes, lotus ponds, and graceful birds",,,,,,False,3033,pair_065_native_SS_g3_r3_s3033,pair_065,65,,,,,,False,3,sample_0298,3,pair_065_standalone_A_g3_r3_s3033,pair_065_standalone_B_g3_r3_s3033
knowledge_insufficiency,True,True,True,a Polish Bolesławiec stoneware jug,"a Polish Bolesławiec stoneware jug with a cream glazed body stamped in cobalt blue, showing repeated dots, peacock-eye rosettes, and circular folk patterns",a Bulgarian Troyan pottery jug,"a Bulgarian Troyan pottery jug with a dark glazed earthenware body and feathered slip decoration, showing brown, green, yellow, and cream wave patterns",2,2,True,False,False,True,3032,pair_020_native_SS_g3_r2_s3032,pair_020,20,1,1,True,False,False,True,2,sample_0299,3,pair_020_standalone_A_g3_r2_s3032,pair_020_standalone_B_g3_r2_s3032
missing_rating,,,,an Indian Bidriware box,"an Indian Bidriware box made of blackened zinc alloy inlaid with silver, showing poppy flowers, geometric lattices, and arabesques",an Egyptian Mamluk-style inlaid-brass box,"an Egyptian Mamluk-style inlaid-brass box made of brass inlaid with silver and copper, showing monumental calligraphy, interlaced medallions, and geometric borders",,,,,,False,2023,pair_048_native_SS_g2_r3_s2023,pair_048,48,,,,,,True,3,sample_0300,2,pair_048_standalone_A_g2_r3_s2023,pair_048_standalone_B_g2_r3_s2023
missing_rating,,,,a Mexican Mata Ortiz pottery jar,"a Mexican Mata Ortiz pottery jar with a thin-walled polished clay body and black-and-red painting, showing interlocking geometric and Mimbres-inspired animal motifs",a Serbian Zlakusa pottery jar,"a Serbian Zlakusa pottery jar made from clay mixed with ground calcite, showing a unglazed surface, rounded cooking-vessel form, and sparse incised bands",,,,,,True,3033,pair_025_native_SS_g3_r3_s3033,pair_025,25,,,,,,False,3,sample_0301,3,pair_025_standalone_A_g3_r3_s3033,pair_025_standalone_B_g3_r3_s3033
missing_rating,,,,a Venetian millefiori glass-bead necklace,"a Venetian millefiori glass-bead necklace made from multicolored glass canes sliced into flower-like beads, showing red, blue, yellow, white, and green mosaic patterns",a Ghanaian Krobo powder-glass-bead necklace,"a Ghanaian Krobo powder-glass-bead necklace made from molded recycled glass powder, showing opaque hand-painted stripes, dots, chevrons, and earth and jewel colors",,,,,,False,2021,pair_093_native_SS_g2_r1_s2021,pair_093,93,,,,,,True,1,sample_0302,2,pair_093_standalone_A_g2_r1_s2021,pair_093_standalone_B_g2_r1_s2021
missing_rating,,,,a Turkish flat-woven kilim,"a Turkish flat-woven kilim with interlocked wool wefts in red, blue, orange, and cream, showing hooked diamonds, ram horns, and stepped medallions",a Serbian Pirot kilim,"a Serbian Pirot kilim with a reversible flat weave and red, black, blue, and white geometry, showing turtles, hooks, and repeated protective motifs",,,,,,True,3033,pair_086_native_SS_g3_r3_s3033,pair_086,86,,,,,,False,3,sample_0303,3,pair_086_standalone_A_g3_r3_s3033,pair_086_standalone_B_g3_r3_s3033
missing_rating,,,,an Indian Banarasi brocade textile panel,"an Indian Banarasi brocade textile panel woven in rich silk with gold zari, showing floral buta, scrolling vines, and elaborate architectural borders",a Turkmen keteni silk textile panel,"a Turkmen keteni silk textile panel woven in narrow bands of red, yellow, green, and purple silk, showing stripes and geometric accents",,,,,,True,3033,pair_064_native_SS_g3_r3_s3033,pair_064,64,,,,,,False,3,sample_0304,3,pair_064_standalone_A_g3_r3_s3033,pair_064_standalone_B_g3_r3_s3033
knowledge_insufficiency,False,True,True,a Chinese black-lacquer wooden bowl,"a Chinese black-lacquer wooden bowl with a deep-black lacquer surface and red or gold linear decoration, showing a thin balanced profile",a Burmese yun lacquerware bowl,"a Burmese yun lacquerware bowl with black lacquer incised and filled with red, green, and yellow pigments, showing zodiac figures and geometric bands",3,2,True,True,False,True,1013,pair_037_native_SS_g1_r3_s1013,pair_037,37,4,3,True,True,False,True,3,sample_0305,1,pair_037_standalone_A_g1_r3_s1013,pair_037_standalone_B_g1_r3_s1013
composition_mechanism_failure,False,True,True,a Scottish tartan wool blanket,"a Scottish tartan wool blanket woven in colored wool with intersecting horizontal and vertical stripes, forming a balanced repeating clan-associated check pattern",a Swedish rya wool rug,"a Swedish rya wool rug with a long wool pile and woven backing, showing geometric diamonds, stripes, and abstract color fields",4,3,True,True,True,True,2022,pair_087_native_SS_g2_r2_s2022,pair_087,87,4,3,True,True,True,True,2,sample_0306,2,pair_087_standalone_A_g2_r2_s2022,pair_087_standalone_B_g2_r2_s2022
missing_rating,,,,a French Sèvres porcelain vase,"a French Sèvres porcelain vase with a bleu-céleste ground, gilded bronze-like ornament, and painted floral or courtly reserve panels",a Russian Imperial Porcelain cobalt-net vase,"a Russian Imperial Porcelain cobalt-net vase with cobalt-blue lattice, gold intersections, and radiating rosette motifs",,,,,,True,2021,pair_007_native_SS_g2_r1_s2021,pair_007,7,,,,,,False,1,sample_0307,2,pair_007_standalone_A_g2_r1_s2021,pair_007_standalone_B_g2_r1_s2021
missing_rating,,,,a Persian minakari enamel plate,"a Persian minakari enamel plate with blue, turquoise, red, and white enamel over copper, showing floral arabesques and central medallions",a Georgian Minankari enamel plate,"a Georgian Minankari enamel plate with translucent jewel-toned enamel over engraved silver, showing compact flowers, birds, and scrolling vines outlined by metalwork",,,,,,False,2021,pair_050_native_SS_g2_r1_s2021,pair_050,50,,,,,,True,1,sample_0308,2,pair_050_standalone_A_g2_r1_s2021,pair_050_standalone_B_g2_r1_s2021
mixed_or_uncertain,False,True,True,a Mexican Talavera de Puebla plate,"a Mexican Talavera de Puebla plate with opaque white tin glaze, decorated with cobalt-blue, yellow, green, and orange painted floral and geometric bands",a Romanian Horezu pottery plate,"a Romanian Horezu pottery plate made of glazed earthenware with combed slip decoration, showing brown, green, blue, and ochre spirals, rosettes, and the Horezu rooster",4,2,True,True,False,True,3031,pair_016_native_SS_g3_r1_s3031,pair_016,16,5,0,True,True,True,True,1,sample_0309,3,pair_016_standalone_A_g3_r1_s3031,pair_016_standalone_B_g3_r1_s3031
missing_rating,,,,a Japanese maki-e lacquerware vase,"a Japanese maki-e lacquerware vase with deep black lacquer sprinkled with gold and silver powder, showing cranes, pine branches, and landscape motifs",a Vietnamese sơn mài lacquerware vase,"a Vietnamese sơn mài lacquerware vase with layered black, red, and gold lacquer polished to depth, showing stylized bamboo, village, and eggshell-inlay motifs",,,,,,False,3031,pair_036_native_SS_g3_r1_s3031,pair_036,36,,,,,,False,1,sample_0310,3,pair_036_standalone_A_g3_r1_s3031,pair_036_standalone_B_g3_r1_s3031
missing_rating,,,,a Turkish flat-woven kilim,"a Turkish flat-woven kilim with interlocked wool wefts in red, blue, orange, and cream, showing hooked diamonds, ram horns, and stepped medallions",a Serbian Pirot kilim,"a Serbian Pirot kilim with a reversible flat weave and red, black, blue, and white geometry, showing turtles, hooks, and repeated protective motifs",,,,,,True,2023,pair_086_native_SS_g2_r3_s2023,pair_086,86,,,,,,False,3,sample_0311,2,pair_086_standalone_A_g2_r3_s2023,pair_086_standalone_B_g2_r3_s2023
no_consensus_shift,False,False,False,a Turkish flat-woven kilim,"a Turkish flat-woven kilim with interlocked wool wefts in red, blue, orange, and cream, showing hooked diamonds, ram horns, and stepped medallions",a Serbian Pirot kilim,"a Serbian Pirot kilim with a reversible flat weave and red, black, blue, and white geometry, showing turtles, hooks, and repeated protective motifs",4,2,True,False,False,True,1012,pair_086_native_SS_g1_r2_s1012,pair_086,86,5,5,False,True,True,True,2,sample_0312,1,pair_086_standalone_A_g1_r2_s1012,pair_086_standalone_B_g1_r2_s1012
missing_rating,,,,a Chinese blue-and-white porcelain vase,"a Chinese blue-and-white porcelain vase with cobalt-blue underglaze painting, showing Chinese landscape, lotus, and scrolling-cloud motifs",a Vietnamese Bát Tràng blue-and-white ceramic vase,"a Vietnamese Bát Tràng blue-and-white ceramic vase with cobalt-blue hand-painted decoration on pale glaze, showing stylized lotus, fish, and scrolling foliage",,,,,,True,1013,pair_001_native_SS_g1_r3_s1013,pair_001,1,,,,,,False,3,sample_0313,1,pair_001_standalone_A_g1_r3_s1013,pair_001_standalone_B_g1_r3_s1013
missing_rating,,,,a Chinese Longquan celadon vase,"a Chinese Longquan celadon vase with a thick translucent sea-green glaze over a balanced stoneware form, showing carved lotus petals and defined ridges",a Thai Si Satchanalai celadon vase,"a Thai Si Satchanalai celadon vase with an olive-green crackled glaze over gray stoneware, showing incised lotus petals, ring bands, and a high-shouldered profile",,,,,,True,2023,pair_030_native_SS_g2_r3_s2023,pair_030,30,,,,,,False,3,sample_0314,2,pair_030_standalone_A_g2_r3_s2023,pair_030_standalone_B_g2_r3_s2023
no_consensus_shift,False,False,False,a Moroccan Beni Ourain wool rug,"a Moroccan Beni Ourain wool rug with a thick cream wool pile and sparse dark-brown lines, showing large asymmetrical diamonds and open geometric spacing",a Ukrainian Hutsul lizhnyk wool rug,"a Ukrainian Hutsul lizhnyk wool rug with a shaggy woven wool surface in gray, cream, brown, and muted color, showing stepped diamonds and rhythmic zigzag bands",4,2,True,True,False,True,2021,pair_084_native_SS_g2_r1_s2021,pair_084,84,5,4,False,True,True,True,1,sample_0315,2,pair_084_standalone_A_g2_r1_s2021,pair_084_standalone_B_g2_r1_s2021
missing_rating,,,,a Japanese Imari porcelain jar,"a Japanese Imari porcelain jar with cobalt-blue underglaze and iron-red and gold overglaze decoration, showing floral panels and patterned reserves",a Korean Joseon iron-painted porcelain jar,"a Korean Joseon iron-painted porcelain jar with freely brushed iron-brown decoration on white porcelain, showing dragons, bamboo, or abbreviated floral motifs",,,,,,True,3033,pair_004_native_SS_g3_r3_s3033,pair_004,4,,,,,,False,3,sample_0316,3,pair_004_standalone_A_g3_r3_s3033,pair_004_standalone_B_g3_r3_s3033
missing_rating,,,,a Chinese famille-rose porcelain vase,"a Chinese famille-rose porcelain vase with opaque pink, green, yellow, and turquoise overglaze enamels, showing peonies, birds, and auspicious garden scenes",a Hungarian Herend porcelain vase,"a Hungarian Herend porcelain vase with polychrome enamel painting and gilded rims, showing stylized butterflies, flowers, and scale-like fishnet patterns",,,,,,True,3033,pair_008_native_SS_g3_r3_s3033,pair_008,8,,,,,,False,3,sample_0317,3,pair_008_standalone_A_g3_r3_s3033,pair_008_standalone_B_g3_r3_s3033
composition_mechanism_failure,False,True,True,a Japanese shippō cloisonné enamel box,"a Japanese shippō cloisonné enamel box with colored enamel cells divided by silver wires, showing chrysanthemums, butterflies, and graded pictorial grounds",a Russian Rostov finift painted-enamel box,"a Russian Rostov finift painted-enamel box with miniature enamel painting on a white metal-mounted plaque, showing delicate flowers, saints, or pastoral scenes in pastel colors",4,2,True,True,True,True,1011,pair_044_native_SS_g1_r1_s1011,pair_044,44,3,2,True,False,True,True,1,sample_0318,1,pair_044_standalone_A_g1_r1_s1011,pair_044_standalone_B_g1_r1_s1011
missing_rating,,,,a Tibetan silver ritual box,"a Tibetan silver ritual box with repoussé silver, turquoise settings, and gilded details, showing lotus petals, cloud scrolls, and Buddhist auspicious symbols",a Balkan silver-filigree reliquary box,"a Balkan silver-filigree reliquary box with twisted silver wire and granulated bosses, showing crosses, rosettes, and compact geometric latticework",,,,,,True,3032,pair_059_native_SS_g3_r2_s3032,pair_059,59,,,,,,False,2,sample_0319,3,pair_059_standalone_A_g3_r2_s3032,pair_059_standalone_B_g3_r2_s3032
missing_rating,,,,an Ottoman İznik ceramic plate,"an Ottoman İznik ceramic plate with a white fritware body, cobalt blue, turquoise, emerald green, and raised bole-red painting, showing tulips, carnations, and saz leaves",an Armenian Kütahya ceramic plate,"an Armenian Kütahya ceramic plate with a white glazed body and blue, green, yellow, and red painting, showing rosettes, crosses, birds, and floral borders",,,,,,True,1013,pair_017_native_SS_g1_r3_s1013,pair_017,17,,,,,,False,3,sample_0320,1,pair_017_standalone_A_g1_r3_s1013,pair_017_standalone_B_g1_r3_s1013
missing_rating,,,,a Chinese sancai glazed ceramic jar,"a Chinese sancai glazed ceramic jar with amber, green, and cream lead glazes over a rounded earthenware body, showing drips and molded relief bands",a Peruvian Chulucanas pottery jar,"a Peruvian Chulucanas pottery jar with a burnished clay surface in black, cream, and brown, showing negative-painted geometric bands and abstract figures",,,,,,True,3031,pair_022_native_SS_g3_r1_s3031,pair_022,22,,,,,,False,1,sample_0321,3,pair_022_standalone_A_g3_r1_s3031,pair_022_standalone_B_g3_r1_s3031
missing_rating,,,,a Chinese cloisonné enamel plate,"a Chinese cloisonné enamel plate with turquoise and cobalt-blue enamel cells separated by gilded metal wires, showing lotus, cloud, and auspicious motifs",a French Limoges painted-enamel plate,"a French Limoges painted-enamel plate with opaque and translucent enamel painted over copper, showing Renaissance figures, grisaille shading, and jewel-toned borders",,,,,,True,1011,pair_049_native_SS_g1_r1_s1011,pair_049,49,,,,,,False,1,sample_0322,1,pair_049_standalone_A_g1_r1_s1011,pair_049_standalone_B_g1_r1_s1011
missing_rating,,,,a Chinese cloisonné box,"a Chinese cloisonné box with turquoise and cobalt-blue enamel cells separated by gilded metal wires, showing lotus, cloud, and auspicious motifs",a Korean chilbo enamel box,"a Korean chilbo enamel box with colored enamel over a metal base, showing simplified plum blossoms, cranes, and geometric motifs in compact panels",,,,,,False,3033,pair_042_native_SS_g3_r3_s3033,pair_042,42,,,,,,False,3,sample_0323,3,pair_042_standalone_A_g3_r3_s3033,pair_042_standalone_B_g3_r3_s3033
no_consensus_shift,False,False,False,a Chinese silk-embroidery panel,"a Chinese silk-embroidery panel worked in multicolored silk thread, showing peonies, birds, butterflies, and long-and-short stitch shading",a Vietnamese silk-embroidery panel,"a Vietnamese silk-embroidery panel worked in colored silk thread with delicate tonal blending, showing village landscapes, lotus ponds, and graceful birds",2,2,True,True,False,True,1013,pair_065_native_SS_g1_r3_s1013,pair_065,65,4,4,False,True,True,True,3,sample_0324,1,pair_065_standalone_A_g1_r3_s1013,pair_065_standalone_B_g1_r3_s1013
missing_rating,,,,a Persian floral carpet,"a Persian floral carpet with a wool pile and central medallion, showing curving vines, palmettes, and flowers in deep red, blue, and ivory",an Armenian Karabakh carpet,"an Armenian Karabakh carpet with a wool pile in red, blue, green, and cream, showing floral medallions and elongated geometric forms",,,,,,False,1013,pair_083_native_SS_g1_r3_s1013,pair_083,83,,,,,,True,3,sample_0325,1,pair_083_standalone_A_g1_r3_s1013,pair_083_standalone_B_g1_r3_s1013
missing_rating,,,,a Moroccan geometric wool rug,"a Moroccan geometric wool rug with a hand-knotted or flat-woven wool surface, showing diamonds, zigzags, and irregular bands in earth colors",an Afghan Baluch wool rug,"an Afghan Baluch wool rug with a dark wool pile in deep red, brown, navy, and ivory, showing repeated prayer niches, hooked medallions, and compact tribal borders",,,,,,True,1012,pair_090_native_SS_g1_r2_s1012,pair_090,90,,,,,,False,2,sample_0326,1,pair_090_standalone_A_g1_r2_s1012,pair_090_standalone_B_g1_r2_s1012
missing_rating,,,,a Chinese carved cinnabar-lacquer box,"a Chinese carved cinnabar-lacquer box with thick vermilion lacquer carved in deep relief, showing peonies, dragons, and layered landscape scenes over geometric grounds",a Bhutanese lacquered wooden box,"a Bhutanese lacquered wooden box with a red or black lacquer surface, showing hand-painted lotus petals, cloud bands, and Buddhist auspicious motifs",,,,,,True,2021,pair_033_native_SS_g2_r1_s2021,pair_033,33,,,,,,False,1,sample_0327,2,pair_033_standalone_A_g2_r1_s2021,pair_033_standalone_B_g2_r1_s2021
missing_rating,,,,an Indonesian batik cloth,"an Indonesian batik cloth with wax-resist dyeing in indigo, brown, and cream, showing parang diagonals, kawung rosettes, and densely repeated floral motifs",a Nigerian adire cloth,"a Nigerian adire cloth with indigo resist-dyed cotton, showing white circles, grids, comb-like marks, and hand-drawn or stitched geometric patterns",,,,,,False,2023,pair_071_native_SS_g2_r3_s2023,pair_071,71,,,,,,True,3,sample_0328,2,pair_071_standalone_A_g2_r3_s2023,pair_071_standalone_B_g2_r3_s2023
missing_rating,,,,an Indonesian ikat textile panel,"an Indonesian ikat textile panel woven from resist-dyed threads with feathered edges, showing diamonds, ancestor figures, and rhythmic color bands",a Sumbanese hinggi textile panel,"a Sumbanese hinggi textile panel woven in warp ikat with indigo, rust red, and cream, showing horses, roosters, skull trees, and large heraldic figures",,,,,,True,1013,pair_069_native_SS_g1_r3_s1013,pair_069,69,,,,,,False,3,sample_0329,1,pair_069_standalone_A_g1_r3_s1013,pair_069_standalone_B_g1_r3_s1013
missing_rating,,,,a Japanese maki-e lacquerware box,"a Japanese maki-e lacquerware box with deep black lacquer sprinkled with gold and silver powder, showing cranes, pine branches, and landscape motifs",a Thai lai rod nam lacquerware box,"a Thai lai rod nam lacquerware box with black lacquer covered by gold-leaf resist decoration, showing flame, deity, and scrolling vegetal patterns",,,,,,False,2021,pair_031_native_SS_g2_r1_s2021,pair_031,31,,,,,,True,1,sample_0330,2,pair_031_standalone_A_g2_r1_s2021,pair_031_standalone_B_g2_r1_s2021
missing_rating,,,,a Japanese shippō cloisonné enamel box,"a Japanese shippō cloisonné enamel box with colored enamel cells divided by silver wires, showing chrysanthemums, butterflies, and graded pictorial grounds",a Russian Rostov finift painted-enamel box,"a Russian Rostov finift painted-enamel box with miniature enamel painting on a white metal-mounted plaque, showing delicate flowers, saints, or pastoral scenes in pastel colors",,,,,,True,1012,pair_044_native_SS_g1_r2_s1012,pair_044,44,,,,,,False,2,sample_0331,1,pair_044_standalone_A_g1_r2_s1012,pair_044_standalone_B_g1_r2_s1012
no_consensus_shift,False,False,False,a Russian matryoshka wooden doll,"a Russian matryoshka wooden doll with a turned wooden body painted in colors, showing a smiling figure in a floral headscarf and apron",a Japanese Tsugaru kokeshi wooden doll,"a Japanese Tsugaru kokeshi wooden doll with a lathe-turned cylindrical body and rounded head, showing painted rings, chrysanthemum motifs, and a simple face",5,3,False,True,False,True,1011,pair_098_native_SS_g1_r1_s1011,pair_098,98,5,5,False,True,True,True,1,sample_0332,1,pair_098_standalone_A_g1_r1_s1011,pair_098_standalone_B_g1_r1_s1011
missing_rating,,,,a Russian Khokhloma painted wooden bowl,"a Russian Khokhloma painted wooden bowl with a black and gold ground painted in red, showing curling berries, leaves, and sweeping floral stems",a Ryukyuan lacquerware bowl,"a Ryukyuan lacquerware bowl with a vermilion lacquer surface and delicate gold decoration, showing hibiscus, birds, and island landscape motifs",,,,,,False,3033,pair_038_native_SS_g3_r3_s3033,pair_038,38,,,,,,False,3,sample_0333,3,pair_038_standalone_A_g3_r3_s3033,pair_038_standalone_B_g3_r3_s3033
missing_rating,,,,an Indian Ajrakh block-printed cloth,"an Indian Ajrakh block-printed cloth with layered resist printing in indigo, madder red, black, and white, showing precisely repeated stars and interlocking geometry",a Chinese Nantong blue-calico cloth,"a Chinese Nantong blue-calico cloth with indigo resist dyeing on cotton, showing white flowers, birds, fish, and auspicious folk motifs against a deep-blue ground",,,,,,True,2021,pair_073_native_SS_g2_r1_s2021,pair_073,73,,,,,,False,1,sample_0334,2,pair_073_standalone_A_g2_r1_s2021,pair_073_standalone_B_g2_r1_s2021
missing_rating,,,,a Mexican Mata Ortiz pottery jar,"a Mexican Mata Ortiz pottery jar with a thin-walled polished clay body and black-and-red painting, showing interlocking geometric and Mimbres-inspired animal motifs",a Serbian Zlakusa pottery jar,"a Serbian Zlakusa pottery jar made from clay mixed with ground calcite, showing a unglazed surface, rounded cooking-vessel form, and sparse incised bands",,,,,,True,2021,pair_025_native_SS_g2_r1_s2021,pair_025,25,,,,,,False,1,sample_0335,2,pair_025_standalone_A_g2_r1_s2021,pair_025_standalone_B_g2_r1_s2021
missing_rating,,,,an Indian Patola double-ikat textile panel,"an Indian Patola double-ikat textile panel woven from precisely resist-dyed silk warp and weft, showing dancing figures, elephants, flowers, and geometric grids",a Timorese tais textile panel,"a Timorese tais textile panel woven in cotton warp ikat with red, black, yellow, and white bands, showing hooks, diamonds, and locally specific ancestral motifs",,,,,,False,3031,pair_070_native_SS_g3_r1_s3031,pair_070,70,,,,,,False,1,sample_0336,3,pair_070_standalone_A_g3_r1_s3031,pair_070_standalone_B_g3_r1_s3031
missing_rating,,,,a Chinese Dehua blanc-de-Chine porcelain figurine,"a Chinese Dehua blanc-de-Chine porcelain figurine with an ivory-white surface, modeled robes, and carved details without painted color",a Japanese Hirado porcelain figurine,"a Japanese Hirado porcelain figurine with delicate underglaze-blue accents, showing miniature modeling and textile details",,,,,,True,2022,pair_009_native_SS_g2_r2_s2022,pair_009,9,,,,,,False,2,sample_0337,2,pair_009_standalone_A_g2_r2_s2022,pair_009_standalone_B_g2_r2_s2022
missing_rating,,,,a Chinese lacquered folding screen,"a Chinese lacquered folding screen with deep black lacquer, gilded outlines, and carved or painted garden scenes showing pavilions, birds, and flowering trees",a Vietnamese sơn mài lacquer screen,"a Vietnamese sơn mài lacquer screen with layered black, red, and gold lacquer polished to depth, showing stylized village scenes, bamboo, and eggshell inlay",,,,,,False,2023,pair_040_native_SS_g2_r3_s2023,pair_040,40,,,,,,False,3,sample_0338,2,pair_040_standalone_A_g2_r3_s2023,pair_040_standalone_B_g2_r3_s2023
missing_rating,,,,a Japanese silk kimono,"a Japanese silk kimono with a lustrous woven ground and dyed or embroidered decoration, showing cranes, cherry blossoms, water, and seasonal motifs",a Lao sinh silk skirt,"a Lao sinh silk skirt with supplementary-weft silk bands and patterned borders, showing diamonds, serpents, temple forms, and jewel colors",,,,,,True,3033,pair_061_native_SS_g3_r3_s3033,pair_061,61,,,,,,False,3,sample_0339,3,pair_061_standalone_A_g3_r3_s3033,pair_061_standalone_B_g3_r3_s3033
missing_rating,,,,a Chinese cloisonné enamel plate,"a Chinese cloisonné enamel plate with turquoise and cobalt-blue enamel cells separated by gilded metal wires, showing lotus, cloud, and auspicious motifs",a French Limoges painted-enamel plate,"a French Limoges painted-enamel plate with opaque and translucent enamel painted over copper, showing Renaissance figures, grisaille shading, and jewel-toned borders",,,,,,True,2021,pair_049_native_SS_g2_r1_s2021,pair_049,49,,,,,,False,1,sample_0340,2,pair_049_standalone_A_g2_r1_s2021,pair_049_standalone_B_g2_r1_s2021
no_consensus_shift,False,False,False,an Indian Patola double-ikat textile panel,"an Indian Patola double-ikat textile panel woven from precisely resist-dyed silk warp and weft, showing dancing figures, elephants, flowers, and geometric grids",a Timorese tais textile panel,"a Timorese tais textile panel woven in cotton warp ikat with red, black, yellow, and white bands, showing hooks, diamonds, and locally specific ancestral motifs",3,3,True,False,False,True,3033,pair_070_native_SS_g3_r3_s3033,pair_070,70,5,5,False,True,True,True,3,sample_0341,3,pair_070_standalone_A_g3_r3_s3033,pair_070_standalone_B_g3_r3_s3033
missing_rating,,,,a Korean Goryeo celadon maebyeong vase,"a Korean Goryeo celadon maebyeong vase with a green celadon glaze and pale slip inlay, showing cranes, clouds, and chrysanthemum medallions",a Thai Sawankhalok celadon jar,"a Thai Sawankhalok celadon jar with an olive-green crackled glaze on a stoneware body, showing incised lotus petals and simple ring bands",,,,,,False,2022,pair_011_native_SS_g2_r2_s2022,pair_011,11,,,,,,False,2,sample_0342,2,pair_011_standalone_A_g2_r2_s2022,pair_011_standalone_B_g2_r2_s2022
knowledge_insufficiency,True,True,True,a Chinese Jun ware ceramic bowl,"a Chinese Jun ware ceramic bowl with a thick opalescent blue glaze and irregular purple splashes, showing a simple rounded form and pooled color",a Japanese Hagi ware tea bowl,"a Japanese Hagi ware tea bowl with a porous stoneware body and milky white crackled glaze, showing a irregular foot and ash-toned surface",2,2,True,False,False,True,3032,pair_028_native_SS_g3_r2_s3032,pair_028,28,2,3,True,False,False,True,2,sample_0343,3,pair_028_standalone_A_g3_r2_s3032,pair_028_standalone_B_g3_r2_s3032
no_consensus_shift,False,False,False,a Japanese woven-bamboo basket,"a Japanese woven-bamboo basket made from split bamboo in a open weave, showing hexagonal plaiting, curved handles, and an asymmetrical sculptural profile",a Philippine nito-vine basket,"a Philippine nito-vine basket woven from dark nito vine over a lighter structural frame, showing tight black-and-tan spirals, diamonds, and rhythmic geometric bands",3,3,True,False,False,True,1013,pair_094_native_SS_g1_r3_s1013,pair_094,94,4,4,False,True,True,True,3,sample_0344,1,pair_094_standalone_A_g1_r3_s1013,pair_094_standalone_B_g1_r3_s1013
knowledge_insufficiency,True,True,True,a Chinese Jun ware ceramic bowl,"a Chinese Jun ware ceramic bowl with a thick opalescent blue glaze and irregular purple splashes, showing a simple rounded form and pooled color",a Japanese Hagi ware tea bowl,"a Japanese Hagi ware tea bowl with a porous stoneware body and milky white crackled glaze, showing a irregular foot and ash-toned surface",0,0,True,False,False,True,1012,pair_028_native_SS_g1_r2_s1012,pair_028,28,2,2,True,False,False,True,2,sample_0345,1,pair_028_standalone_A_g1_r2_s1012,pair_028_standalone_B_g1_r2_s1012
no_consensus_shift,False,False,False,a Persian floral carpet,"a Persian floral carpet with a wool pile and central medallion, showing curving vines, palmettes, and flowers in deep red, blue, and ivory",an Armenian Karabakh carpet,"an Armenian Karabakh carpet with a wool pile in red, blue, green, and cream, showing floral medallions and elongated geometric forms",4,2,True,True,True,True,3031,pair_083_native_SS_g3_r1_s3031,pair_083,83,5,5,False,True,True,True,1,sample_0346,3,pair_083_standalone_A_g3_r1_s3031,pair_083_standalone_B_g3_r1_s3031
knowledge_insufficiency,True,False,True,a Japanese sashiko textile panel,"a Japanese sashiko textile panel stitched with white running thread on indigo cotton, showing repeating hemp-leaf, wave, and linked-diamond reinforcement patterns",a Romanian ie-embroidery textile panel,"a Romanian ie-embroidery textile panel worked in red, black, blue, and metallic thread, showing vertical floral bands, diamonds, and region-specific geometric motifs",2,2,True,False,True,True,1011,pair_076_native_SS_g1_r1_s1011,pair_076,76,3,5,True,False,True,True,1,sample_0347,1,pair_076_standalone_A_g1_r1_s1011,pair_076_standalone_B_g1_r1_s1011
no_consensus_shift,False,False,False,a Scottish tartan wool blanket,"a Scottish tartan wool blanket woven in colored wool with intersecting horizontal and vertical stripes, forming a balanced repeating clan-associated check pattern",a Swedish rya wool rug,"a Swedish rya wool rug with a long wool pile and woven backing, showing geometric diamonds, stripes, and abstract color fields",4,3,True,True,True,True,3032,pair_087_native_SS_g3_r2_s3032,pair_087,87,5,5,False,True,True,True,2,sample_0348,3,pair_087_standalone_A_g3_r2_s3032,pair_087_standalone_B_g3_r2_s3032
missing_rating,,,,an Indian Patola double-ikat textile panel,"an Indian Patola double-ikat textile panel woven from precisely resist-dyed silk warp and weft, showing dancing figures, elephants, flowers, and geometric grids",a Timorese tais textile panel,"a Timorese tais textile panel woven in cotton warp ikat with red, black, yellow, and white bands, showing hooks, diamonds, and locally specific ancestral motifs",,,,,,True,1013,pair_070_native_SS_g1_r3_s1013,pair_070,70,,,,,,False,3,sample_0349,1,pair_070_standalone_A_g1_r3_s1013,pair_070_standalone_B_g1_r3_s1013
missing_rating,,,,a Japanese Raku tea bowl,"a Japanese Raku tea bowl with a hand-shaped low-fired body and irregular black glaze, showing a warped rim and tactile matte-to-gloss surface",a Japanese Onta ware bowl,"a Japanese Onta ware bowl made of stoneware with slip-trailed and combed decoration, showing rhythmic white, brown, and ochre bands made by wheel techniques",,,,,,False,1011,pair_019_native_SS_g1_r1_s1011,pair_019,19,,,,,,False,1,sample_0350,1,pair_019_standalone_A_g1_r1_s1011,pair_019_standalone_B_g1_r1_s1011
no_consensus_shift,False,False,False,a Persian minakari enamel plate,"a Persian minakari enamel plate with blue, turquoise, red, and white enamel over copper, showing floral arabesques and central medallions",a Georgian Minankari enamel plate,"a Georgian Minankari enamel plate with translucent jewel-toned enamel over engraved silver, showing compact flowers, birds, and scrolling vines outlined by metalwork",4,2,True,True,False,True,3033,pair_050_native_SS_g3_r3_s3033,pair_050,50,4,4,False,True,True,True,3,sample_0351,3,pair_050_standalone_A_g3_r3_s3033,pair_050_standalone_B_g3_r3_s3033
missing_rating,,,,a Venetian Murano glass vase,"a Venetian Murano glass vase made from vividly colored blown glass with layered canes, showing curves, millefiori accents, and polished translucent depth",a Palestinian Hebron blown-glass vase,"a Palestinian Hebron blown-glass vase made from recycled glass in translucent turquoise and green, showing a irregular hand-blown body, bubbles, and applied glass trails",,,,,,True,1011,pair_091_native_SS_g1_r1_s1011,pair_091,91,,,,,,False,1,sample_0352,1,pair_091_standalone_A_g1_r1_s1011,pair_091_standalone_B_g1_r1_s1011
composition_mechanism_failure,True,True,True,a Japanese silk kimono,"a Japanese silk kimono with a lustrous woven ground and dyed or embroidered decoration, showing cranes, cherry blossoms, water, and seasonal motifs",a Lao sinh silk skirt,"a Lao sinh silk skirt with supplementary-weft silk bands and patterned borders, showing diamonds, serpents, temple forms, and jewel colors",3,2,True,True,True,True,2021,pair_061_native_SS_g2_r1_s2021,pair_061,61,3,2,True,True,True,True,1,sample_0353,2,pair_061_standalone_A_g2_r1_s2021,pair_061_standalone_B_g2_r1_s2021
missing_rating,,,,a Japanese maki-e lacquerware vase,"a Japanese maki-e lacquerware vase with deep black lacquer sprinkled with gold and silver powder, showing cranes, pine branches, and landscape motifs",a Vietnamese sơn mài lacquerware vase,"a Vietnamese sơn mài lacquerware vase with layered black, red, and gold lacquer polished to depth, showing stylized bamboo, village, and eggshell-inlay motifs",,,,,,False,3032,pair_036_native_SS_g3_r2_s3032,pair_036,36,,,,,,False,2,sample_0354,3,pair_036_standalone_A_g3_r2_s3032,pair_036_standalone_B_g3_r2_s3032
knowledge_insufficiency,True,True,True,a Japanese Bizen stoneware vase,"a Japanese Bizen stoneware vase with an unglazed reddish-brown body marked by natural ash deposits and flame flashes, showing an austere asymmetrical form",a French Puisaye stoneware vase,"a French Puisaye stoneware vase with a dark salt-glazed stoneware body and earthy brown-to-gray surface, showing incised bands and robust hand-thrown proportions",3,3,True,False,False,True,3033,pair_029_native_SS_g3_r3_s3033,pair_029,29,2,3,True,False,False,True,3,sample_0355,3,pair_029_standalone_A_g3_r3_s3033,pair_029_standalone_B_g3_r3_s3033
knowledge_insufficiency,True,True,True,a Polish Bolesławiec stoneware jug,"a Polish Bolesławiec stoneware jug with a cream glazed body stamped in cobalt blue, showing repeated dots, peacock-eye rosettes, and circular folk patterns",a Bulgarian Troyan pottery jug,"a Bulgarian Troyan pottery jug with a dark glazed earthenware body and feathered slip decoration, showing brown, green, yellow, and cream wave patterns",2,2,True,False,False,True,2021,pair_020_native_SS_g2_r1_s2021,pair_020,20,2,2,True,False,False,True,1,sample_0356,2,pair_020_standalone_A_g2_r1_s2021,pair_020_standalone_B_g2_r1_s2021
missing_rating,,,,a Persian floral carpet,"a Persian floral carpet with a wool pile and central medallion, showing curving vines, palmettes, and flowers in deep red, blue, and ivory",an Azerbaijani Kuba carpet,"an Azerbaijani Kuba carpet with a knotted wool pile, showing angular medallions, stylized animals, and blue, red, and ivory geometric borders",,,,,,True,3031,pair_082_native_SS_g3_r1_s3031,pair_082,82,,,,,,False,1,sample_0357,3,pair_082_standalone_A_g3_r1_s3031,pair_082_standalone_B_g3_r1_s3031
no_consensus_shift,False,False,False,a Navajo coiled basket,"a Navajo coiled basket woven from plant fibers in a shallow circular form, showing a central opening and radiating red, black, and natural spiral motifs",a Panamanian Wounaan chunga basket,"a Panamanian Wounaan chunga basket coiled from palm fiber, showing exceptionally tight weaving and animal, plant, or geometric motifs in black and colors",2,3,True,True,True,True,3032,pair_095_native_SS_g3_r2_s3032,pair_095,95,4,4,False,True,True,True,2,sample_0358,3,pair_095_standalone_A_g3_r2_s3032,pair_095_standalone_B_g3_r2_s3032
knowledge_insufficiency,True,False,True,a Chinese sancai glazed ceramic jar,"a Chinese sancai glazed ceramic jar with amber, green, and cream lead glazes over a rounded earthenware body, showing drips and molded relief bands",a Peruvian Chulucanas pottery jar,"a Peruvian Chulucanas pottery jar with a burnished clay surface in black, cream, and brown, showing negative-painted geometric bands and abstract figures",2,2,True,False,True,True,3033,pair_022_native_SS_g3_r3_s3033,pair_022,22,2,4,True,False,True,True,3,sample_0359,3,pair_022_standalone_A_g3_r3_s3033,pair_022_standalone_B_g3_r3_s3033
missing_rating,,,,a Japanese silk kimono,"a Japanese silk kimono with a lustrous woven ground and dyed or embroidered decoration, showing cranes, cherry blossoms, water, and seasonal motifs",a Lao sinh silk skirt,"a Lao sinh silk skirt with supplementary-weft silk bands and patterned borders, showing diamonds, serpents, temple forms, and jewel colors",,,,,,True,1013,pair_061_native_SS_g1_r3_s1013,pair_061,61,,,,,,False,3,sample_0360,1,pair_061_standalone_A_g1_r3_s1013,pair_061_standalone_B_g1_r3_s1013
mixed_or_uncertain,False,True,True,a Dutch blue-and-white Delftware plate,"a Dutch blue-and-white Delftware plate with opaque white tin glaze, painted in cobalt blue with canal-house, tulip, and ornamental border motifs",a Slovak Modra faience plate,"a Slovak Modra faience plate made of pale glazed earthenware, painted in cobalt blue, green, yellow, and manganese with stylized birds and folk flowers",4,2,True,True,False,True,3032,pair_012_native_SS_g3_r2_s3032,pair_012,12,5,3,True,True,True,True,2,sample_0361,3,pair_012_standalone_A_g3_r2_s3032,pair_012_standalone_B_g3_r2_s3032
missing_rating,,,,a Ghanaian kente cloth,"a Ghanaian kente cloth woven in narrow strips of silk or rayon, showing alternating geometric blocks in gold, green, red, blue, and black",a Bhutanese yathra wool textile,"a Bhutanese yathra wool textile woven in thick colored wool with supplementary-weft motifs, showing repeating diamonds, flowers, and horizontal geometric bands",,,,,,False,2023,pair_080_native_SS_g2_r3_s2023,pair_080,80,,,,,,False,3,sample_0362,2,pair_080_standalone_A_g2_r3_s2023,pair_080_standalone_B_g2_r3_s2023
missing_rating,,,,a Korean Goryeo celadon maebyeong vase,"a Korean Goryeo celadon maebyeong vase with a green celadon glaze and pale slip inlay, showing cranes, clouds, and chrysanthemum medallions",a Thai Sawankhalok celadon jar,"a Thai Sawankhalok celadon jar with an olive-green crackled glaze on a stoneware body, showing incised lotus petals and simple ring bands",,,,,,False,3031,pair_011_native_SS_g3_r1_s3031,pair_011,11,,,,,,False,1,sample_0363,3,pair_011_standalone_A_g3_r1_s3031,pair_011_standalone_B_g3_r1_s3031
missing_rating,,,,a Navajo wool rug,"a Navajo wool rug with a woven flat surface and red, black, gray, and cream geometry, showing stepped diamonds and serrated bands",a Kyrgyz shyrdak felt rug,"a Kyrgyz shyrdak felt rug made from cut and inlaid wool felt in contrasting colors, showing mirrored horn motifs, scrolling forms, and outlined geometry",,,,,,False,2021,pair_088_native_SS_g2_r1_s2021,pair_088,88,,,,,,True,1,sample_0364,2,pair_088_standalone_A_g2_r1_s2021,pair_088_standalone_B_g2_r1_s2021
missing_rating,,,,a Persian silver-filigree box,"a Persian silver-filigree box with delicate silver wire scrollwork forming an airy surface, showing repeated palmettes, rosettes, and geometric borders",a Yemeni silver-filigree box,"a Yemeni silver-filigree box with twisted silver wire, granulation, and applied bosses, showing compact geometric and amuletic patterns",,,,,,False,2021,pair_053_native_SS_g2_r1_s2021,pair_053,53,,,,,,True,1,sample_0365,2,pair_053_standalone_A_g2_r1_s2021,pair_053_standalone_B_g2_r1_s2021
no_consensus_shift,False,False,False,a Russian matryoshka wooden doll,"a Russian matryoshka wooden doll with a turned wooden body painted in colors, showing a smiling figure in a floral headscarf and apron",a Japanese Tsugaru kokeshi wooden doll,"a Japanese Tsugaru kokeshi wooden doll with a lathe-turned cylindrical body and rounded head, showing painted rings, chrysanthemum motifs, and a simple face",4,2,True,True,False,True,3032,pair_098_native_SS_g3_r2_s3032,pair_098,98,4,4,False,True,True,True,2,sample_0366,3,pair_098_standalone_A_g3_r2_s3032,pair_098_standalone_B_g3_r2_s3032
missing_rating,,,,a Chinese cloisonné box,"a Chinese cloisonné box with turquoise and cobalt-blue enamel cells separated by gilded metal wires, showing lotus, cloud, and auspicious motifs",a Korean chilbo enamel box,"a Korean chilbo enamel box with colored enamel over a metal base, showing simplified plum blossoms, cranes, and geometric motifs in compact panels",,,,,,False,2021,pair_042_native_SS_g2_r1_s2021,pair_042,42,,,,,,False,1,sample_0367,2,pair_042_standalone_A_g2_r1_s2021,pair_042_standalone_B_g2_r1_s2021
mixed_or_uncertain,True,True,True,an Italian Renaissance maiolica vase,"an Italian Renaissance maiolica vase with opaque white tin glaze, painted in cobalt blue, ochre yellow, copper green, and manganese purple with a figurative medallion and scrolling foliage",a Spanish Manises lusterware vase,"a Spanish Manises lusterware vase made of tin-glazed earthenware with coppery metallic luster, showing cobalt-blue vines, heraldic shields, and repeating leaf motifs",2,2,True,True,False,True,1013,pair_015_native_SS_g1_r3_s1013,pair_015,15,2,3,True,True,True,True,3,sample_0368,1,pair_015_standalone_A_g1_r3_s1013,pair_015_standalone_B_g1_r3_s1013
knowledge_insufficiency,True,True,True,a Polish Bolesławiec stoneware jug,"a Polish Bolesławiec stoneware jug with a cream glazed body stamped in cobalt blue, showing repeated dots, peacock-eye rosettes, and circular folk patterns",a Bulgarian Troyan pottery jug,"a Bulgarian Troyan pottery jug with a dark glazed earthenware body and feathered slip decoration, showing brown, green, yellow, and cream wave patterns",2,2,True,False,False,True,2022,pair_020_native_SS_g2_r2_s2022,pair_020,20,0,0,True,False,False,True,2,sample_0369,2,pair_020_standalone_A_g2_r2_s2022,pair_020_standalone_B_g2_r2_s2022
missing_rating,,,,a Japanese Imari porcelain jar,"a Japanese Imari porcelain jar with cobalt-blue underglaze and iron-red and gold overglaze decoration, showing floral panels and patterned reserves",a Korean Joseon iron-painted porcelain jar,"a Korean Joseon iron-painted porcelain jar with freely brushed iron-brown decoration on white porcelain, showing dragons, bamboo, or abbreviated floral motifs",,,,,,False,3032,pair_004_native_SS_g3_r2_s3032,pair_004,4,,,,,,True,2,sample_0370,3,pair_004_standalone_A_g3_r2_s3032,pair_004_standalone_B_g3_r2_s3032
missing_rating,,,,an Italian Renaissance maiolica plate,"an Italian Renaissance maiolica plate with opaque white tin glaze, painted in cobalt blue, ochre yellow, copper green, and manganese purple with a figurative medallion and scrolling foliage",a French Nevers faience plate,"a French Nevers faience plate with white tin glaze, painted in deep blue, yellow, and manganese with heraldic, pastoral, and symmetrical floral motifs",,,,,,True,3033,pair_014_native_SS_g3_r3_s3033,pair_014,14,,,,,,False,3,sample_0371,3,pair_014_standalone_A_g3_r3_s3033,pair_014_standalone_B_g3_r3_s3033
missing_rating,,,,a Chinese famille-rose porcelain vase,"a Chinese famille-rose porcelain vase with opaque pink, green, yellow, and turquoise overglaze enamels, showing peonies, birds, and auspicious garden scenes",a Hungarian Herend porcelain vase,"a Hungarian Herend porcelain vase with polychrome enamel painting and gilded rims, showing stylized butterflies, flowers, and scale-like fishnet patterns",,,,,,True,1013,pair_008_native_SS_g1_r3_s1013,pair_008,8,,,,,,False,3,sample_0372,1,pair_008_standalone_A_g1_r3_s1013,pair_008_standalone_B_g1_r3_s1013
missing_rating,,,,a Russian matryoshka wooden doll,"a Russian matryoshka wooden doll with a turned wooden body painted in colors, showing a smiling figure in a floral headscarf and apron",a Japanese Tsugaru kokeshi wooden doll,"a Japanese Tsugaru kokeshi wooden doll with a lathe-turned cylindrical body and rounded head, showing painted rings, chrysanthemum motifs, and a simple face",,,,,,True,3031,pair_098_native_SS_g3_r1_s3031,pair_098,98,,,,,,False,1,sample_0373,3,pair_098_standalone_A_g3_r1_s3031,pair_098_standalone_B_g3_r1_s3031
missing_rating,,,,a Persian floral carpet,"a Persian floral carpet with a wool pile and central medallion, showing curving vines, palmettes, and flowers in deep red, blue, and ivory",a Turkmen Tekke carpet,"a Turkmen Tekke carpet with a deep red wool pile and repeated octagonal guls, showing compact black, white, and dark-blue tribal geometry",,,,,,False,1011,pair_081_native_SS_g1_r1_s1011,pair_081,81,,,,,,True,1,sample_0374,1,pair_081_standalone_A_g1_r1_s1011,pair_081_standalone_B_g1_r1_s1011
missing_rating,,,,a Chinese famille-rose porcelain vase,"a Chinese famille-rose porcelain vase with opaque pink, green, yellow, and turquoise overglaze enamels, showing peonies, birds, and auspicious garden scenes",a Hungarian Herend porcelain vase,"a Hungarian Herend porcelain vase with polychrome enamel painting and gilded rims, showing stylized butterflies, flowers, and scale-like fishnet patterns",,,,,,True,3031,pair_008_native_SS_g3_r1_s3031,pair_008,8,,,,,,False,1,sample_0375,3,pair_008_standalone_A_g3_r1_s3031,pair_008_standalone_B_g3_r1_s3031
missing_rating,,,,a Russian Fabergé-style guilloché enamel box,"a Russian Fabergé-style guilloché enamel box with translucent enamel over machine-engraved radiating patterns, showing pastel color fields, gold mounts, and jeweled accents",an Indian Jaipur meenakari enamel box,"an Indian Jaipur meenakari enamel box with opaque red, green, blue, and white enamel on gilded metal, showing peacocks, flowers, and scrolling foliage",,,,,,True,2023,pair_043_native_SS_g2_r3_s2023,pair_043,43,,,,,,False,3,sample_0376,2,pair_043_standalone_A_g2_r3_s2023,pair_043_standalone_B_g2_r3_s2023
no_consensus_shift,False,False,False,a Mexican Otomi embroidery panel,"a Mexican Otomi embroidery panel worked in flat satin stitch on pale cotton, showing mirrored birds, deer, flowers, and fantastical animals",a Palestinian tatreez embroidery panel,"a Palestinian tatreez embroidery panel worked in red and multicolored cross-stitch, showing cypress trees, stars, feathers, and region-specific geometric motifs",2,1,True,True,True,True,3031,pair_074_native_SS_g3_r1_s3031,pair_074,74,5,5,False,True,True,True,1,sample_0377,3,pair_074_standalone_A_g3_r1_s3031,pair_074_standalone_B_g3_r1_s3031
composition_mechanism_failure,False,True,True,a Chinese cloisonné box,"a Chinese cloisonné box with turquoise and cobalt-blue enamel cells separated by gilded metal wires, showing lotus, cloud, and auspicious motifs",a Korean chilbo enamel box,"a Korean chilbo enamel box with colored enamel over a metal base, showing simplified plum blossoms, cranes, and geometric motifs in compact panels",5,1,True,True,True,True,3031,pair_042_native_SS_g3_r1_s3031,pair_042,42,5,3,True,True,True,True,1,sample_0378,3,pair_042_standalone_A_g3_r1_s3031,pair_042_standalone_B_g3_r1_s3031
knowledge_insufficiency,True,True,True,a Japanese brocade obi sash,"a Japanese brocade obi sash woven in silk and metallic thread, showing large chrysanthemums, cranes, fans, and rhythmic geometric grounds",a Korean gold-thread brocade sash,"a Korean gold-thread brocade sash woven in colored silk with metallic thread, showing compact clouds, peonies, phoenixes, and repeating geometric borders",3,3,True,False,False,True,2023,pair_067_native_SS_g2_r3_s2023,pair_067,67,2,2,True,False,False,True,3,sample_0379,2,pair_067_standalone_A_g2_r3_s2023,pair_067_standalone_B_g2_r3_s2023
missing_rating,,,,a Benin bronze relief plaque,"a Benin bronze relief plaque made of cast brass with high-relief court figures, showing patterned robes, coral regalia, and a hierarchical composition",a Nepalese repoussé copper plaque,"a Nepalese repoussé copper plaque made of hammered copper worked from the reverse, showing a Buddhist deity, lotus throne, and flame-like halo with gilded details",,,,,,False,3032,pair_056_native_SS_g3_r2_s3032,pair_056,56,,,,,,False,2,sample_0380,3,pair_056_standalone_A_g3_r2_s3032,pair_056_standalone_B_g3_r2_s3032
no_consensus_shift,False,False,False,an Indian Ajrakh block-printed cloth,"an Indian Ajrakh block-printed cloth with layered resist printing in indigo, madder red, black, and white, showing precisely repeated stars and interlocking geometry",a Chinese Nantong blue-calico cloth,"a Chinese Nantong blue-calico cloth with indigo resist dyeing on cotton, showing white flowers, birds, fish, and auspicious folk motifs against a deep-blue ground",3,2,False,False,False,True,1011,pair_073_native_SS_g1_r1_s1011,pair_073,73,5,4,False,True,True,True,1,sample_0381,1,pair_073_standalone_A_g1_r1_s1011,pair_073_standalone_B_g1_r1_s1011
missing_rating,,,,an Acoma Pueblo pottery jar,"an Acoma Pueblo pottery jar with a pale clay body and black-and-red painting, showing -line rain, stepped-cloud, and interlocking geometric motifs",a Catawba burnished pottery jar,"a Catawba burnished pottery jar made of unglazed hand-coiled clay with a smoky brown surface, showing a polished finish and incised details",,,,,,False,1013,pair_024_native_SS_g1_r3_s1013,pair_024,24,,,,,,False,3,sample_0382,1,pair_024_standalone_A_g1_r3_s1013,pair_024_standalone_B_g1_r3_s1013
missing_rating,,,,a Moroccan tooled-leather box,"a Moroccan tooled-leather box covered in brown leather with stamped and painted ornament, showing stars, arabesques, and scalloped geometric borders",a Tuareg tooled-leather box,"a Tuareg tooled-leather box covered in dark leather with incised and colored decoration, showing triangles, crosses, zigzags, and applied metal studs",,,,,,True,3033,pair_096_native_SS_g3_r3_s3033,pair_096,96,,,,,,False,3,sample_0383,3,pair_096_standalone_A_g3_r3_s3033,pair_096_standalone_B_g3_r3_s3033
missing_rating,,,,a Chinese blue-and-white porcelain plate,"a Chinese blue-and-white porcelain plate with cobalt-blue underglaze painting, showing Chinese landscape, lotus, and scrolling-cloud motifs",a Japanese Nabeshima porcelain plate,"a Japanese Nabeshima porcelain plate with underglaze-blue outlines and sparse overglaze color, showing asymmetrical flowers, textiles, and geometric border motifs",,,,,,False,2022,pair_002_native_SS_g2_r2_s2022,pair_002,2,,,,,,True,2,sample_0384,2,pair_002_standalone_A_g2_r2_s2022,pair_002_standalone_B_g2_r2_s2022
missing_rating,,,,an ancient Greek black-figure ceramic amphora,"an ancient Greek black-figure ceramic amphora with black silhouettes on red clay, showing mythological figures arranged in horizontal narrative registers",an ancient Cypriot bichrome ceramic amphora,"an ancient Cypriot bichrome ceramic amphora with red and black painted lines on a pale clay body, showing concentric circles, birds, and compact geometric panels",,,,,,False,3031,pair_023_native_SS_g3_r1_s3031,pair_023,23,,,,,,True,1,sample_0385,3,pair_023_standalone_A_g3_r1_s3031,pair_023_standalone_B_g3_r1_s3031
missing_rating,,,,a Chinese blue-and-white porcelain vase,"a Chinese blue-and-white porcelain vase with cobalt-blue underglaze painting, showing Chinese landscape, lotus, and scrolling-cloud motifs",a Thai Bencharong porcelain vase,"a Thai Bencharong porcelain vase with polychrome overglaze enamel and gold outlines, showing repeating flame, deity, and floral motifs on a dark ground",,,,,,False,2022,pair_003_native_SS_g2_r2_s2022,pair_003,3,,,,,,False,2,sample_0386,2,pair_003_standalone_A_g2_r2_s2022,pair_003_standalone_B_g2_r2_s2022
missing_rating,,,,a Ghanaian kente cloth,"a Ghanaian kente cloth woven in narrow strips of silk or rayon, showing alternating geometric blocks in gold, green, red, blue, and black",a Bhutanese yathra wool textile,"a Bhutanese yathra wool textile woven in thick colored wool with supplementary-weft motifs, showing repeating diamonds, flowers, and horizontal geometric bands",,,,,,True,2022,pair_080_native_SS_g2_r2_s2022,pair_080,80,,,,,,False,2,sample_0387,2,pair_080_standalone_A_g2_r2_s2022,pair_080_standalone_B_g2_r2_s2022
missing_rating,,,,a Chinese silk-embroidery panel,"a Chinese silk-embroidery panel worked in multicolored silk thread, showing peonies, birds, butterflies, and long-and-short stitch shading",a Vietnamese silk-embroidery panel,"a Vietnamese silk-embroidery panel worked in colored silk thread with delicate tonal blending, showing village landscapes, lotus ponds, and graceful birds",,,,,,True,3031,pair_065_native_SS_g3_r1_s3031,pair_065,65,,,,,,False,1,sample_0388,3,pair_065_standalone_A_g3_r1_s3031,pair_065_standalone_B_g3_r1_s3031
no_consensus_shift,False,False,False,a Persian floral carpet,"a Persian floral carpet with a wool pile and central medallion, showing curving vines, palmettes, and flowers in deep red, blue, and ivory",an Armenian Karabakh carpet,"an Armenian Karabakh carpet with a wool pile in red, blue, green, and cream, showing floral medallions and elongated geometric forms",3,2,True,True,True,True,2021,pair_083_native_SS_g2_r1_s2021,pair_083,83,5,5,False,True,True,True,1,sample_0389,2,pair_083_standalone_A_g2_r1_s2021,pair_083_standalone_B_g2_r1_s2021
no_consensus_shift,False,False,False,a Moroccan Beni Ourain wool rug,"a Moroccan Beni Ourain wool rug with a thick cream wool pile and sparse dark-brown lines, showing large asymmetrical diamonds and open geometric spacing",a Ukrainian Hutsul lizhnyk wool rug,"a Ukrainian Hutsul lizhnyk wool rug with a shaggy woven wool surface in gray, cream, brown, and muted color, showing stepped diamonds and rhythmic zigzag bands",4,3,False,True,False,True,3032,pair_084_native_SS_g3_r2_s3032,pair_084,84,5,4,True,True,True,True,2,sample_0390,3,pair_084_standalone_A_g3_r2_s3032,pair_084_standalone_B_g3_r2_s3032
missing_rating,,,,a Japanese shippō cloisonné enamel box,"a Japanese shippō cloisonné enamel box with colored enamel cells divided by silver wires, showing chrysanthemums, butterflies, and graded pictorial grounds",a Russian Rostov finift painted-enamel box,"a Russian Rostov finift painted-enamel box with miniature enamel painting on a white metal-mounted plaque, showing delicate flowers, saints, or pastoral scenes in pastel colors",,,,,,True,3032,pair_044_native_SS_g3_r2_s3032,pair_044,44,,,,,,False,2,sample_0391,3,pair_044_standalone_A_g3_r2_s3032,pair_044_standalone_B_g3_r2_s3032
missing_rating,,,,a Panamanian mola textile panel,"a Panamanian mola textile panel made with layered reverse appliqué in colors, showing animals, plants, and maze-like geometric contours",a Ukrainian Hutsul embroidery panel,"a Ukrainian Hutsul embroidery panel worked in cross-stitch with red, orange, black, and green thread, showing diamonds, hooks, and repeated geometric bands",,,,,,True,1012,pair_079_native_SS_g1_r2_s1012,pair_079,79,,,,,,False,2,sample_0392,1,pair_079_standalone_A_g1_r2_s1012,pair_079_standalone_B_g1_r2_s1012
no_consensus_shift,False,False,False,a Chinese black-lacquer wooden bowl,"a Chinese black-lacquer wooden bowl with a deep-black lacquer surface and red or gold linear decoration, showing a thin balanced profile",a Burmese yun lacquerware bowl,"a Burmese yun lacquerware bowl with black lacquer incised and filled with red, green, and yellow pigments, showing zodiac figures and geometric bands",3,2,True,False,False,True,1011,pair_037_native_SS_g1_r1_s1011,pair_037,37,4,4,False,True,True,True,1,sample_0393,1,pair_037_standalone_A_g1_r1_s1011,pair_037_standalone_B_g1_r1_s1011
missing_rating,,,,a Japanese maki-e lacquerware tray,"a Japanese maki-e lacquerware tray with deep black lacquer sprinkled with gold and silver powder, showing cranes, pine branches, and landscape motifs",a Burmese shwe zawa lacquerware tray,"a Burmese shwe zawa lacquerware tray with a black lacquer ground and engraved gold-leaf decoration, showing courtly figures, mythical animals, and filled borders",,,,,,False,2022,pair_032_native_SS_g2_r2_s2022,pair_032,32,,,,,,False,2,sample_0394,2,pair_032_standalone_A_g2_r2_s2022,pair_032_standalone_B_g2_r2_s2022
missing_rating,,,,a Moroccan engraved-brass tray,"a Moroccan engraved-brass tray with a polished brass surface densely chased with radiating stars, arabesques, and scalloped geometric borders",a Persian qalamzani copper tray,"a Persian qalamzani copper tray with a darkened chased copper surface, showing hunting scenes, birds, flowers, and concentric arabesque bands",,,,,,True,1011,pair_051_native_SS_g1_r1_s1011,pair_051,51,,,,,,False,1,sample_0395,1,pair_051_standalone_A_g1_r1_s1011,pair_051_standalone_B_g1_r1_s1011
missing_rating,,,,a Ghanaian kente cloth,"a Ghanaian kente cloth woven in narrow strips of silk or rayon, showing alternating geometric blocks in gold, green, red, blue, and black",a Bhutanese yathra wool textile,"a Bhutanese yathra wool textile woven in thick colored wool with supplementary-weft motifs, showing repeating diamonds, flowers, and horizontal geometric bands",,,,,,False,3031,pair_080_native_SS_g3_r1_s3031,pair_080,80,,,,,,True,1,sample_0396,3,pair_080_standalone_A_g3_r1_s3031,pair_080_standalone_B_g3_r1_s3031
no_consensus_shift,False,False,False,a Japanese woven-bamboo basket,"a Japanese woven-bamboo basket made from split bamboo in a open weave, showing hexagonal plaiting, curved handles, and an asymmetrical sculptural profile",a Philippine nito-vine basket,"a Philippine nito-vine basket woven from dark nito vine over a lighter structural frame, showing tight black-and-tan spirals, diamonds, and rhythmic geometric bands",3,3,True,False,False,True,3033,pair_094_native_SS_g3_r3_s3033,pair_094,94,5,5,False,True,True,True,3,sample_0397,3,pair_094_standalone_A_g3_r3_s3033,pair_094_standalone_B_g3_r3_s3033
missing_rating,,,,a Venetian Murano glass vase,"a Venetian Murano glass vase made from vividly colored blown glass with layered canes, showing curves, millefiori accents, and polished translucent depth",a Palestinian Hebron blown-glass vase,"a Palestinian Hebron blown-glass vase made from recycled glass in translucent turquoise and green, showing a irregular hand-blown body, bubbles, and applied glass trails",,,,,,False,2022,pair_091_native_SS_g2_r2_s2022,pair_091,91,,,,,,True,2,sample_0398,2,pair_091_standalone_A_g2_r2_s2022,pair_091_standalone_B_g2_r2_s2022
composition_mechanism_failure,False,True,True,a Chinese blue-and-white porcelain plate,"a Chinese blue-and-white porcelain plate with cobalt-blue underglaze painting, showing Chinese landscape, lotus, and scrolling-cloud motifs",a Japanese Nabeshima porcelain plate,"a Japanese Nabeshima porcelain plate with underglaze-blue outlines and sparse overglaze color, showing asymmetrical flowers, textiles, and geometric border motifs",4,2,True,True,True,True,3031,pair_002_native_SS_g3_r1_s3031,pair_002,2,5,2,True,True,True,True,1,sample_0399,3,pair_002_standalone_A_g3_r1_s3031,pair_002_standalone_B_g3_r1_s3031
missing_rating,,,,a Chinese cloisonné box,"a Chinese cloisonné box with turquoise and cobalt-blue enamel cells separated by gilded metal wires, showing lotus, cloud, and auspicious motifs",a Korean chilbo enamel box,"a Korean chilbo enamel box with colored enamel over a metal base, showing simplified plum blossoms, cranes, and geometric motifs in compact panels",,,,,,False,2023,pair_042_native_SS_g2_r3_s2023,pair_042,42,,,,,,True,3,sample_0400,2,pair_042_standalone_A_g2_r3_s2023,pair_042_standalone_B_g2_r3_s2023
knowledge_insufficiency,True,False,True,a Navajo coiled basket,"a Navajo coiled basket woven from plant fibers in a shallow circular form, showing a central opening and radiating red, black, and natural spiral motifs",a Panamanian Wounaan chunga basket,"a Panamanian Wounaan chunga basket coiled from palm fiber, showing exceptionally tight weaving and animal, plant, or geometric motifs in black and colors",2,2,True,False,False,True,3033,pair_095_native_SS_g3_r3_s3033,pair_095,95,3,5,True,False,True,True,3,sample_0401,3,pair_095_standalone_A_g3_r3_s3033,pair_095_standalone_B_g3_r3_s3033
missing_rating,,,,a Chinese carved-jade pendant,"a Chinese carved-jade pendant made from polished pale green or white jade, showing pierced clouds, dragons, or floral scrolls in low relief",a Māori pounamu hei tiki pendant,"a Māori pounamu hei tiki pendant carved from translucent greenstone in a compact ancestral figure, showing an inclined head, large eyes, and curved limbs",,,,,,False,3033,pair_099_native_SS_g3_r3_s3033,pair_099,99,,,,,,True,3,sample_0402,3,pair_099_standalone_A_g3_r3_s3033,pair_099_standalone_B_g3_r3_s3033
missing_rating,,,,a Tibetan silver ritual box,"a Tibetan silver ritual box with repoussé silver, turquoise settings, and gilded details, showing lotus petals, cloud scrolls, and Buddhist auspicious symbols",a Balkan silver-filigree reliquary box,"a Balkan silver-filigree reliquary box with twisted silver wire and granulated bosses, showing crosses, rosettes, and compact geometric latticework",,,,,,False,1013,pair_059_native_SS_g1_r3_s1013,pair_059,59,,,,,,True,3,sample_0403,1,pair_059_standalone_A_g1_r3_s1013,pair_059_standalone_B_g1_r3_s1013
missing_rating,,,,a Japanese Raku tea bowl,"a Japanese Raku tea bowl with a hand-shaped low-fired body and irregular black glaze, showing a warped rim and tactile matte-to-gloss surface",a Japanese Onta ware bowl,"a Japanese Onta ware bowl made of stoneware with slip-trailed and combed decoration, showing rhythmic white, brown, and ochre bands made by wheel techniques",,,,,,False,2022,pair_019_native_SS_g2_r2_s2022,pair_019,19,,,,,,True,2,sample_0404,2,pair_019_standalone_A_g2_r2_s2022,pair_019_standalone_B_g2_r2_s2022
composition_mechanism_failure,False,True,True,a Russian matryoshka wooden doll,"a Russian matryoshka wooden doll with a turned wooden body painted in colors, showing a smiling figure in a floral headscarf and apron",a Japanese Tsugaru kokeshi wooden doll,"a Japanese Tsugaru kokeshi wooden doll with a lathe-turned cylindrical body and rounded head, showing painted rings, chrysanthemum motifs, and a simple face",3,2,True,True,True,True,2022,pair_098_native_SS_g2_r2_s2022,pair_098,98,4,3,True,True,True,True,2,sample_0405,2,pair_098_standalone_A_g2_r2_s2022,pair_098_standalone_B_g2_r2_s2022
missing_rating,,,,a Russian matryoshka wooden doll,"a Russian matryoshka wooden doll with a turned wooden body painted in colors, showing a smiling figure in a floral headscarf and apron",a Japanese Tsugaru kokeshi wooden doll,"a Japanese Tsugaru kokeshi wooden doll with a lathe-turned cylindrical body and rounded head, showing painted rings, chrysanthemum motifs, and a simple face",,,,,,False,1012,pair_098_native_SS_g1_r2_s1012,pair_098,98,,,,,,True,2,sample_0406,1,pair_098_standalone_A_g1_r2_s1012,pair_098_standalone_B_g1_r2_s1012
missing_rating,,,,a Chinese Longquan celadon vase,"a Chinese Longquan celadon vase with a thick translucent sea-green glaze over a balanced stoneware form, showing carved lotus petals and defined ridges",a Thai Si Satchanalai celadon vase,"a Thai Si Satchanalai celadon vase with an olive-green crackled glaze over gray stoneware, showing incised lotus petals, ring bands, and a high-shouldered profile",,,,,,True,3033,pair_030_native_SS_g3_r3_s3033,pair_030,30,,,,,,False,3,sample_0407,3,pair_030_standalone_A_g3_r3_s3033,pair_030_standalone_B_g3_r3_s3033
missing_rating,,,,an Italian tooled-leather wall panel,"an Italian tooled-leather wall panel made from embossed and gilded leather, showing scrolling acanthus leaves, heraldic forms, and brown-and-gold relief",a Spanish Córdoba guadamecí leather panel,"a Spanish Córdoba guadamecí leather panel made from silvered, painted, and embossed leather, showing Renaissance arabesques, flowers, and richly colored metallic relief",,,,,,False,1011,pair_097_native_SS_g1_r1_s1011,pair_097,97,,,,,,True,1,sample_0408,1,pair_097_standalone_A_g1_r1_s1011,pair_097_standalone_B_g1_r1_s1011
missing_rating,,,,a Japanese brocade obi sash,"a Japanese brocade obi sash woven in silk and metallic thread, showing large chrysanthemums, cranes, fans, and rhythmic geometric grounds",a Korean gold-thread brocade sash,"a Korean gold-thread brocade sash woven in colored silk with metallic thread, showing compact clouds, peonies, phoenixes, and repeating geometric borders",,,,,,True,1013,pair_067_native_SS_g1_r3_s1013,pair_067,67,,,,,,False,3,sample_0409,1,pair_067_standalone_A_g1_r3_s1013,pair_067_standalone_B_g1_r3_s1013
missing_rating,,,,a Chinese carved-jade pendant,"a Chinese carved-jade pendant made from polished pale green or white jade, showing pierced clouds, dragons, or floral scrolls in low relief",a Māori pounamu hei tiki pendant,"a Māori pounamu hei tiki pendant carved from translucent greenstone in a compact ancestral figure, showing an inclined head, large eyes, and curved limbs",,,,,,False,1012,pair_099_native_SS_g1_r2_s1012,pair_099,99,,,,,,True,2,sample_0410,1,pair_099_standalone_A_g1_r2_s1012,pair_099_standalone_B_g1_r2_s1012
missing_rating,,,,a Spanish Toledo damascened box,"a Spanish Toledo damascened box made of blackened steel inlaid with gold and silver, showing Moorish arabesques and geometric filigree patterns",a Japanese nunome-zōgan metal-inlay box,"a Japanese nunome-zōgan metal-inlay box made of dark iron overlaid with gold and silver textile-like inlay, showing waves, flowers, and geometric bands",,,,,,True,1012,pair_045_native_SS_g1_r2_s1012,pair_045,45,,,,,,False,2,sample_0411,1,pair_045_standalone_A_g1_r2_s1012,pair_045_standalone_B_g1_r2_s1012
mixed_or_uncertain,False,True,True,a Navajo wool rug,"a Navajo wool rug with a woven flat surface and red, black, gray, and cream geometry, showing stepped diamonds and serrated bands",a Kyrgyz shyrdak felt rug,"a Kyrgyz shyrdak felt rug made from cut and inlaid wool felt in contrasting colors, showing mirrored horn motifs, scrolling forms, and outlined geometry",4,1,True,True,False,True,1011,pair_088_native_SS_g1_r1_s1011,pair_088,88,3,3,True,True,True,True,1,sample_0412,1,pair_088_standalone_A_g1_r1_s1011,pair_088_standalone_B_g1_r1_s1011
no_consensus_shift,False,False,False,a Russian matryoshka wooden doll,"a Russian matryoshka wooden doll with a turned wooden body painted in colors, showing a smiling figure in a floral headscarf and apron",a Japanese Tsugaru kokeshi wooden doll,"a Japanese Tsugaru kokeshi wooden doll with a lathe-turned cylindrical body and rounded head, showing painted rings, chrysanthemum motifs, and a simple face",5,2,True,True,True,True,2021,pair_098_native_SS_g2_r1_s2021,pair_098,98,4,4,False,True,True,True,1,sample_0413,2,pair_098_standalone_A_g2_r1_s2021,pair_098_standalone_B_g2_r1_s2021
no_consensus_shift,False,False,False,a Persian floral carpet,"a Persian floral carpet with a wool pile and central medallion, showing curving vines, palmettes, and flowers in deep red, blue, and ivory",an Azerbaijani Kuba carpet,"an Azerbaijani Kuba carpet with a knotted wool pile, showing angular medallions, stylized animals, and blue, red, and ivory geometric borders",3,2,True,True,True,True,2021,pair_082_native_SS_g2_r1_s2021,pair_082,82,5,5,False,True,True,True,1,sample_0414,2,pair_082_standalone_A_g2_r1_s2021,pair_082_standalone_B_g2_r1_s2021
mixed_or_uncertain,True,True,True,a Moroccan Safi pottery vase,"a Moroccan Safi pottery vase with a glazed earthenware body painted in blue, green, yellow, and brown, showing arabesques and floral medallions",a Tunisian Nabeul pottery vase,"a Tunisian Nabeul pottery vase with a white glazed body painted in cobalt blue, turquoise, yellow, and green, showing fish, flowers, and Mediterranean geometric borders",2,2,True,False,False,True,1013,pair_026_native_SS_g1_r3_s1013,pair_026,26,1,1,True,True,True,True,3,sample_0415,1,pair_026_standalone_A_g1_r3_s1013,pair_026_standalone_B_g1_r3_s1013
composition_mechanism_failure,True,True,True,an Italian Renaissance maiolica plate,"an Italian Renaissance maiolica plate with opaque white tin glaze, painted in cobalt blue, ochre yellow, copper green, and manganese purple with a figurative medallion and scrolling foliage",a French Nevers faience plate,"a French Nevers faience plate with white tin glaze, painted in deep blue, yellow, and manganese with heraldic, pastoral, and symmetrical floral motifs",2,2,True,True,True,True,1012,pair_014_native_SS_g1_r2_s1012,pair_014,14,3,2,True,True,True,True,2,sample_0416,1,pair_014_standalone_A_g1_r2_s1012,pair_014_standalone_B_g1_r2_s1012
missing_rating,,,,an Indian Dhokra bronze figurine,"an Indian Dhokra bronze figurine made by lost-wax casting with an earthy bronze surface, showing elongated limbs, coiled-wire textures, and stylized tribal ornament",a Ghanaian Asante brass goldweight figurine,"a Ghanaian Asante brass goldweight figurine made by lost-wax casting in compact geometric form, showing a proverb-inspired human, animal, or tool motif with textured details",,,,,,True,2022,pair_055_native_SS_g2_r2_s2022,pair_055,55,,,,,,False,2,sample_0417,2,pair_055_standalone_A_g2_r2_s2022,pair_055_standalone_B_g2_r2_s2022
missing_rating,,,,a Chinese blue-and-white porcelain vase,"a Chinese blue-and-white porcelain vase with cobalt-blue underglaze painting, showing Chinese landscape, lotus, and scrolling-cloud motifs",a Vietnamese Bát Tràng blue-and-white ceramic vase,"a Vietnamese Bát Tràng blue-and-white ceramic vase with cobalt-blue hand-painted decoration on pale glaze, showing stylized lotus, fish, and scrolling foliage",,,,,,True,1012,pair_001_native_SS_g1_r2_s1012,pair_001,1,,,,,,False,2,sample_0418,1,pair_001_standalone_A_g1_r2_s1012,pair_001_standalone_B_g1_r2_s1012
no_consensus_shift,False,False,False,a Persian floral carpet,"a Persian floral carpet with a wool pile and central medallion, showing curving vines, palmettes, and flowers in deep red, blue, and ivory",an Armenian Karabakh carpet,"an Armenian Karabakh carpet with a wool pile in red, blue, green, and cream, showing floral medallions and elongated geometric forms",4,2,True,True,True,True,1012,pair_083_native_SS_g1_r2_s1012,pair_083,83,5,5,False,True,True,True,2,sample_0419,1,pair_083_standalone_A_g1_r2_s1012,pair_083_standalone_B_g1_r2_s1012
missing_rating,,,,an Indonesian ikat textile panel,"an Indonesian ikat textile panel woven from resist-dyed threads with feathered edges, showing diamonds, ancestor figures, and rhythmic color bands",an Iban pua kumbu textile panel,"an Iban pua kumbu textile panel woven in warp ikat with deep red, black, and cream yarns, showing powerful hooked figures, spirit motifs, and mirrored geometric bands",,,,,,False,2022,pair_068_native_SS_g2_r2_s2022,pair_068,68,,,,,,False,2,sample_0420,2,pair_068_standalone_A_g2_r2_s2022,pair_068_standalone_B_g2_r2_s2022
missing_rating,,,,a Chinese carved cinnabar-lacquer box,"a Chinese carved cinnabar-lacquer box with thick vermilion lacquer carved in deep relief, showing peonies, dragons, and layered landscape scenes over geometric grounds",a Bhutanese lacquered wooden box,"a Bhutanese lacquered wooden box with a red or black lacquer surface, showing hand-painted lotus petals, cloud bands, and Buddhist auspicious motifs",,,,,,True,3033,pair_033_native_SS_g3_r3_s3033,pair_033,33,,,,,,False,3,sample_0421,3,pair_033_standalone_A_g3_r3_s3033,pair_033_standalone_B_g3_r3_s3033
knowledge_insufficiency,True,True,True,a Chinese Longquan celadon vase,"a Chinese Longquan celadon vase with a thick translucent sea-green glaze over a balanced stoneware form, showing carved lotus petals and defined ridges",a Thai Si Satchanalai celadon vase,"a Thai Si Satchanalai celadon vase with an olive-green crackled glaze over gray stoneware, showing incised lotus petals, ring bands, and a high-shouldered profile",3,2,True,False,False,True,3032,pair_030_native_SS_g3_r2_s3032,pair_030,30,2,2,True,False,False,True,2,sample_0422,3,pair_030_standalone_A_g3_r2_s3032,pair_030_standalone_B_g3_r2_s3032
no_consensus_shift,False,False,False,a Persian floral carpet,"a Persian floral carpet with a wool pile and central medallion, showing curving vines, palmettes, and flowers in deep red, blue, and ivory",an Azerbaijani Kuba carpet,"an Azerbaijani Kuba carpet with a knotted wool pile, showing angular medallions, stylized animals, and blue, red, and ivory geometric borders",4,3,True,True,True,True,2022,pair_082_native_SS_g2_r2_s2022,pair_082,82,5,5,False,True,True,True,2,sample_0423,2,pair_082_standalone_A_g2_r2_s2022,pair_082_standalone_B_g2_r2_s2022
missing_rating,,,,a Japanese maki-e lacquerware tray,"a Japanese maki-e lacquerware tray with deep black lacquer sprinkled with gold and silver powder, showing cranes, pine branches, and landscape motifs",a Burmese shwe zawa lacquerware tray,"a Burmese shwe zawa lacquerware tray with a black lacquer ground and engraved gold-leaf decoration, showing courtly figures, mythical animals, and filled borders",,,,,,True,3032,pair_032_native_SS_g3_r2_s3032,pair_032,32,,,,,,False,2,sample_0424,3,pair_032_standalone_A_g3_r2_s3032,pair_032_standalone_B_g3_r2_s3032
knowledge_insufficiency,True,True,True,a Japanese Raku tea bowl,"a Japanese Raku tea bowl with a hand-shaped low-fired body and irregular black glaze, showing a warped rim and tactile matte-to-gloss surface",a Japanese Onta ware bowl,"a Japanese Onta ware bowl made of stoneware with slip-trailed and combed decoration, showing rhythmic white, brown, and ochre bands made by wheel techniques",3,2,True,False,False,True,3033,pair_019_native_SS_g3_r3_s3033,pair_019,19,2,2,True,False,False,True,3,sample_0425,3,pair_019_standalone_A_g3_r3_s3033,pair_019_standalone_B_g3_r3_s3033
no_consensus_shift,False,False,False,a Dutch blue-and-white Delftware plate,"a Dutch blue-and-white Delftware plate with opaque white tin glaze, painted in cobalt blue with canal-house, tulip, and ornamental border motifs",a Slovak Modra faience plate,"a Slovak Modra faience plate made of pale glazed earthenware, painted in cobalt blue, green, yellow, and manganese with stylized birds and folk flowers",4,2,True,True,False,True,2022,pair_012_native_SS_g2_r2_s2022,pair_012,12,5,5,False,True,True,True,2,sample_0426,2,pair_012_standalone_A_g2_r2_s2022,pair_012_standalone_B_g2_r2_s2022
missing_rating,,,,a Benin bronze relief plaque,"a Benin bronze relief plaque made of cast brass with high-relief court figures, showing patterned robes, coral regalia, and a hierarchical composition",a Nepalese repoussé copper plaque,"a Nepalese repoussé copper plaque made of hammered copper worked from the reverse, showing a Buddhist deity, lotus throne, and flame-like halo with gilded details",,,,,,False,1011,pair_056_native_SS_g1_r1_s1011,pair_056,56,,,,,,True,1,sample_0427,1,pair_056_standalone_A_g1_r1_s1011,pair_056_standalone_B_g1_r1_s1011
missing_rating,,,,a Venetian millefiori glass-bead necklace,"a Venetian millefiori glass-bead necklace made from multicolored glass canes sliced into flower-like beads, showing red, blue, yellow, white, and green mosaic patterns",a Ghanaian Krobo powder-glass-bead necklace,"a Ghanaian Krobo powder-glass-bead necklace made from molded recycled glass powder, showing opaque hand-painted stripes, dots, chevrons, and earth and jewel colors",,,,,,True,2022,pair_093_native_SS_g2_r2_s2022,pair_093,93,,,,,,False,2,sample_0428,2,pair_093_standalone_A_g2_r2_s2022,pair_093_standalone_B_g2_r2_s2022
no_consensus_shift,False,False,False,a Japanese cast-iron tetsubin teapot,"a Japanese cast-iron tetsubin teapot with a dark textured iron body, arched handle, and relief decoration showing hailstone, pine, or geometric motifs",an Azerbaijani engraved-copper teapot,"an Azerbaijani engraved-copper teapot with a hammered copper body, curved spout, and incised floral medallions, boteh motifs, and geometric borders",4,4,False,True,True,True,3032,pair_057_native_SS_g3_r2_s3032,pair_057,57,5,5,False,True,True,True,2,sample_0429,3,pair_057_standalone_A_g3_r2_s3032,pair_057_standalone_B_g3_r2_s3032
missing_rating,,,,an Indian Bidriware vase,"an Indian Bidriware vase made of blackened zinc alloy inlaid with silver, showing poppy flowers, geometric lattices, and arabesques",a Syrian Damascene inlaid-brass vase,"a Syrian Damascene inlaid-brass vase made of darkened brass inlaid with silver and copper, showing calligraphic bands, interlaced stars, and scrolling arabesques",,,,,,True,1012,pair_047_native_SS_g1_r2_s1012,pair_047,47,,,,,,False,2,sample_0430,1,pair_047_standalone_A_g1_r2_s1012,pair_047_standalone_B_g1_r2_s1012
composition_mechanism_failure,False,True,True,a Chinese blue-and-white porcelain vase,"a Chinese blue-and-white porcelain vase with cobalt-blue underglaze painting, showing Chinese landscape, lotus, and scrolling-cloud motifs",a Thai Bencharong porcelain vase,"a Thai Bencharong porcelain vase with polychrome overglaze enamel and gold outlines, showing repeating flame, deity, and floral motifs on a dark ground",4,2,True,True,True,True,3032,pair_003_native_SS_g3_r2_s3032,pair_003,3,5,2,True,True,True,True,2,sample_0431,3,pair_003_standalone_A_g3_r2_s3032,pair_003_standalone_B_g3_r2_s3032
knowledge_insufficiency,True,True,True,a Chinese Jun ware ceramic bowl,"a Chinese Jun ware ceramic bowl with a thick opalescent blue glaze and irregular purple splashes, showing a simple rounded form and pooled color",a Japanese Hagi ware tea bowl,"a Japanese Hagi ware tea bowl with a porous stoneware body and milky white crackled glaze, showing a irregular foot and ash-toned surface",1,1,True,False,False,True,1011,pair_028_native_SS_g1_r1_s1011,pair_028,28,2,2,True,False,False,True,1,sample_0432,1,pair_028_standalone_A_g1_r1_s1011,pair_028_standalone_B_g1_r1_s1011
knowledge_insufficiency,False,True,True,a Japanese Bizen stoneware vase,"a Japanese Bizen stoneware vase with an unglazed reddish-brown body marked by natural ash deposits and flame flashes, showing an austere asymmetrical form",a French Puisaye stoneware vase,"a French Puisaye stoneware vase with a dark salt-glazed stoneware body and earthy brown-to-gray surface, showing incised bands and robust hand-thrown proportions",3,3,True,True,False,True,1013,pair_029_native_SS_g1_r3_s1013,pair_029,29,5,0,True,True,False,True,3,sample_0433,1,pair_029_standalone_A_g1_r3_s1013,pair_029_standalone_B_g1_r3_s1013
mixed_or_uncertain,True,True,True,a Moroccan Safi pottery vase,"a Moroccan Safi pottery vase with a glazed earthenware body painted in blue, green, yellow, and brown, showing arabesques and floral medallions",a Tunisian Nabeul pottery vase,"a Tunisian Nabeul pottery vase with a white glazed body painted in cobalt blue, turquoise, yellow, and green, showing fish, flowers, and Mediterranean geometric borders",2,2,True,False,False,True,3031,pair_026_native_SS_g3_r1_s3031,pair_026,26,2,3,True,False,True,True,1,sample_0434,3,pair_026_standalone_A_g3_r1_s3031,pair_026_standalone_B_g3_r1_s3031
knowledge_insufficiency,True,True,True,a Japanese Raku tea bowl,"a Japanese Raku tea bowl with a hand-shaped low-fired body and irregular black glaze, showing a warped rim and tactile matte-to-gloss surface",a Japanese Onta ware bowl,"a Japanese Onta ware bowl made of stoneware with slip-trailed and combed decoration, showing rhythmic white, brown, and ochre bands made by wheel techniques",2,2,True,False,False,True,3032,pair_019_native_SS_g3_r2_s3032,pair_019,19,2,2,True,False,False,True,2,sample_0435,3,pair_019_standalone_A_g3_r2_s3032,pair_019_standalone_B_g3_r2_s3032
missing_rating,,,,a Russian Fabergé-style guilloché enamel box,"a Russian Fabergé-style guilloché enamel box with translucent enamel over machine-engraved radiating patterns, showing pastel color fields, gold mounts, and jeweled accents",an Indian Jaipur meenakari enamel box,"an Indian Jaipur meenakari enamel box with opaque red, green, blue, and white enamel on gilded metal, showing peacocks, flowers, and scrolling foliage",,,,,,True,2022,pair_043_native_SS_g2_r2_s2022,pair_043,43,,,,,,False,2,sample_0436,2,pair_043_standalone_A_g2_r2_s2022,pair_043_standalone_B_g2_r2_s2022
missing_rating,,,,a Polish Bolesławiec stoneware jug,"a Polish Bolesławiec stoneware jug with a cream glazed body stamped in cobalt blue, showing repeated dots, peacock-eye rosettes, and circular folk patterns",a Bulgarian Troyan pottery jug,"a Bulgarian Troyan pottery jug with a dark glazed earthenware body and feathered slip decoration, showing brown, green, yellow, and cream wave patterns",,,,,,True,2023,pair_020_native_SS_g2_r3_s2023,pair_020,20,,,,,,False,3,sample_0437,2,pair_020_standalone_A_g2_r3_s2023,pair_020_standalone_B_g2_r3_s2023
no_consensus_shift,False,False,False,an Indian Bidriware box,"an Indian Bidriware box made of blackened zinc alloy inlaid with silver, showing poppy flowers, geometric lattices, and arabesques",an Egyptian Mamluk-style inlaid-brass box,"an Egyptian Mamluk-style inlaid-brass box made of brass inlaid with silver and copper, showing monumental calligraphy, interlaced medallions, and geometric borders",2,2,True,True,False,True,1013,pair_048_native_SS_g1_r3_s1013,pair_048,48,5,5,False,True,True,True,3,sample_0438,1,pair_048_standalone_A_g1_r3_s1013,pair_048_standalone_B_g1_r3_s1013
shift_location_disagreement,False,False,True,an Indian Bidriware vase,"an Indian Bidriware vase made of blackened zinc alloy inlaid with silver, showing poppy flowers, geometric lattices, and arabesques",a Syrian Damascene inlaid-brass vase,"a Syrian Damascene inlaid-brass vase made of darkened brass inlaid with silver and copper, showing calligraphic bands, interlaced stars, and scrolling arabesques",4,3,True,True,True,True,1013,pair_047_native_SS_g1_r3_s1013,pair_047,47,3,4,True,True,True,True,3,sample_0439,1,pair_047_standalone_A_g1_r3_s1013,pair_047_standalone_B_g1_r3_s1013
missing_rating,,,,a Japanese brocade obi sash,"a Japanese brocade obi sash woven in silk and metallic thread, showing large chrysanthemums, cranes, fans, and rhythmic geometric grounds",a Korean gold-thread brocade sash,"a Korean gold-thread brocade sash woven in colored silk with metallic thread, showing compact clouds, peonies, phoenixes, and repeating geometric borders",,,,,,False,3032,pair_067_native_SS_g3_r2_s3032,pair_067,67,,,,,,False,2,sample_0440,3,pair_067_standalone_A_g3_r2_s3032,pair_067_standalone_B_g3_r2_s3032
missing_rating,,,,a Japanese Raku tea bowl,"a Japanese Raku tea bowl with a hand-shaped low-fired body and irregular black glaze, showing a warped rim and tactile matte-to-gloss surface",a Korean buncheong tea bowl,"a Korean buncheong tea bowl made of gray stoneware brushed with white slip, showing stamped, incised, or freely painted decoration beneath a translucent glaze",,,,,,False,2023,pair_021_native_SS_g2_r3_s2023,pair_021,21,,,,,,False,3,sample_0441,2,pair_021_standalone_A_g2_r3_s2023,pair_021_standalone_B_g2_r3_s2023
mixed_or_uncertain,True,False,True,an Italian Renaissance maiolica plate,"an Italian Renaissance maiolica plate with opaque white tin glaze, painted in cobalt blue, ochre yellow, copper green, and manganese purple with a figurative medallion and scrolling foliage",a French Nevers faience plate,"a French Nevers faience plate with white tin glaze, painted in deep blue, yellow, and manganese with heraldic, pastoral, and symmetrical floral motifs",2,2,True,False,False,True,1011,pair_014_native_SS_g1_r1_s1011,pair_014,14,3,4,True,True,True,True,1,sample_0442,1,pair_014_standalone_A_g1_r1_s1011,pair_014_standalone_B_g1_r1_s1011
missing_rating,,,,a French Sèvres porcelain vase,"a French Sèvres porcelain vase with a bleu-céleste ground, gilded bronze-like ornament, and painted floral or courtly reserve panels",a Russian Imperial Porcelain cobalt-net vase,"a Russian Imperial Porcelain cobalt-net vase with cobalt-blue lattice, gold intersections, and radiating rosette motifs",,,,,,False,3033,pair_007_native_SS_g3_r3_s3033,pair_007,7,,,,,,True,3,sample_0443,3,pair_007_standalone_A_g3_r3_s3033,pair_007_standalone_B_g3_r3_s3033
knowledge_insufficiency,False,True,True,a Chinese cloisonné enamel plate,"a Chinese cloisonné enamel plate with turquoise and cobalt-blue enamel cells separated by gilded metal wires, showing lotus, cloud, and auspicious motifs",a French Limoges painted-enamel plate,"a French Limoges painted-enamel plate with opaque and translucent enamel painted over copper, showing Renaissance figures, grisaille shading, and jewel-toned borders",3,2,True,True,False,True,3033,pair_049_native_SS_g3_r3_s3033,pair_049,49,5,3,True,True,False,True,3,sample_0444,3,pair_049_standalone_A_g3_r3_s3033,pair_049_standalone_B_g3_r3_s3033
missing_rating,,,,a German Meissen porcelain figurine,"a German Meissen porcelain figurine with modeled forms, painted in overglaze colors with gilded Rococo details",an Italian Capodimonte porcelain figurine,"an Italian Capodimonte porcelain figurine with modeled porcelain drapery and flowers, painted in pastel colors with theatrical Baroque gestures",,,,,,True,3032,pair_006_native_SS_g3_r2_s3032,pair_006,6,,,,,,False,2,sample_0445,3,pair_006_standalone_A_g3_r2_s3032,pair_006_standalone_B_g3_r2_s3032
missing_rating,,,,a Venetian Murano glass vase,"a Venetian Murano glass vase made from vividly colored blown glass with layered canes, showing curves, millefiori accents, and polished translucent depth",a Palestinian Hebron blown-glass vase,"a Palestinian Hebron blown-glass vase made from recycled glass in translucent turquoise and green, showing a irregular hand-blown body, bubbles, and applied glass trails",,,,,,True,3031,pair_091_native_SS_g3_r1_s3031,pair_091,91,,,,,,False,1,sample_0446,3,pair_091_standalone_A_g3_r1_s3031,pair_091_standalone_B_g3_r1_s3031
missing_rating,,,,a Japanese cast-iron tetsubin teapot,"a Japanese cast-iron tetsubin teapot with a dark textured iron body, arched handle, and relief decoration showing hailstone, pine, or geometric motifs",an Azerbaijani engraved-copper teapot,"an Azerbaijani engraved-copper teapot with a hammered copper body, curved spout, and incised floral medallions, boteh motifs, and geometric borders",,,,,,False,1013,pair_057_native_SS_g1_r3_s1013,pair_057,57,,,,,,False,3,sample_0447,1,pair_057_standalone_A_g1_r3_s1013,pair_057_standalone_B_g1_r3_s1013
shift_location_disagreement,False,False,True,a Persian floral carpet,"a Persian floral carpet with a wool pile and central medallion, showing curving vines, palmettes, and flowers in deep red, blue, and ivory",a Tibetan khaden carpet,"a Tibetan khaden carpet with a compact wool pile in red, blue, yellow, and cream, showing snow lions, lotus flowers, clouds, or checkerboard motifs",4,1,True,True,True,True,2021,pair_089_native_SS_g2_r1_s2021,pair_089,89,3,4,True,True,True,True,1,sample_0448,2,pair_089_standalone_A_g2_r1_s2021,pair_089_standalone_B_g2_r1_s2021
missing_rating,,,,an Indonesian batik textile panel,"an Indonesian batik textile panel with wax-resist dyeing in indigo, brown, and cream, showing parang diagonals, kawung rosettes, and densely repeated floral motifs",a Japanese katazome textile panel,"a Japanese katazome textile panel with stencil-resist dyeing on cotton in indigo and white, showing waves, chrysanthemums, birds, and repeating geometric motifs",,,,,,False,1013,pair_072_native_SS_g1_r3_s1013,pair_072,72,,,,,,True,3,sample_0449,1,pair_072_standalone_A_g1_r3_s1013,pair_072_standalone_B_g1_r3_s1013
knowledge_insufficiency,True,True,True,a Japanese raden lacquerware tray,"a Japanese raden lacquerware tray with deep black lacquer and iridescent mother-of-pearl shell inlay forming bird, flower, and geometric motifs",a Korean najeonchilgi lacquerware tray,"a Korean najeonchilgi lacquerware tray with black lacquer and mother-of-pearl inlay, showing chrysanthemum scrolls, cranes, and repeated geometric borders",2,0,True,False,False,True,3032,pair_035_native_SS_g3_r2_s3032,pair_035,35,1,1,True,False,False,True,2,sample_0450,3,pair_035_standalone_A_g3_r2_s3032,pair_035_standalone_B_g3_r2_s3032
missing_rating,,,,a Navajo wool rug,"a Navajo wool rug with a woven flat surface and red, black, gray, and cream geometry, showing stepped diamonds and serrated bands",a Kyrgyz shyrdak felt rug,"a Kyrgyz shyrdak felt rug made from cut and inlaid wool felt in contrasting colors, showing mirrored horn motifs, scrolling forms, and outlined geometry",,,,,,True,1013,pair_088_native_SS_g1_r3_s1013,pair_088,88,,,,,,False,3,sample_0451,1,pair_088_standalone_A_g1_r3_s1013,pair_088_standalone_B_g1_r3_s1013
no_consensus_shift,False,False,False,a Persian floral carpet,"a Persian floral carpet with a wool pile and central medallion, showing curving vines, palmettes, and flowers in deep red, blue, and ivory",a Tibetan khaden carpet,"a Tibetan khaden carpet with a compact wool pile in red, blue, yellow, and cream, showing snow lions, lotus flowers, clouds, or checkerboard motifs",5,1,True,True,True,True,1013,pair_089_native_SS_g1_r3_s1013,pair_089,89,5,5,False,True,True,True,3,sample_0452,1,pair_089_standalone_A_g1_r3_s1013,pair_089_standalone_B_g1_r3_s1013
missing_rating,,,,an Indian Bidriware box,"an Indian Bidriware box made of blackened zinc alloy inlaid with silver, showing poppy flowers, geometric lattices, and arabesques",an Egyptian Mamluk-style inlaid-brass box,"an Egyptian Mamluk-style inlaid-brass box made of brass inlaid with silver and copper, showing monumental calligraphy, interlaced medallions, and geometric borders",,,,,,True,1011,pair_048_native_SS_g1_r1_s1011,pair_048,48,,,,,,False,1,sample_0453,1,pair_048_standalone_A_g1_r1_s1011,pair_048_standalone_B_g1_r1_s1011
missing_rating,,,,a Bohemian cut-glass vase,"a Bohemian cut-glass vase made from clear or ruby-overlaid crystal with deep wheel-cut facets, showing stars, fans, and sharply sparkling geometric panels",a Czech Železný Brod art-glass vase,"a Czech Železný Brod art-glass vase made from hand-shaped colored glass with clean modern curves, showing layered transparent tones, internal bubbles, and sculptural forms",,,,,,True,1011,pair_092_native_SS_g1_r1_s1011,pair_092,92,,,,,,False,1,sample_0454,1,pair_092_standalone_A_g1_r1_s1011,pair_092_standalone_B_g1_r1_s1011
missing_rating,,,,a Tibetan silver ritual box,"a Tibetan silver ritual box with repoussé silver, turquoise settings, and gilded details, showing lotus petals, cloud scrolls, and Buddhist auspicious symbols",a Balkan silver-filigree reliquary box,"a Balkan silver-filigree reliquary box with twisted silver wire and granulated bosses, showing crosses, rosettes, and compact geometric latticework",,,,,,True,3033,pair_059_native_SS_g3_r3_s3033,pair_059,59,,,,,,False,3,sample_0455,3,pair_059_standalone_A_g3_r3_s3033,pair_059_standalone_B_g3_r3_s3033
missing_rating,,,,a German Meissen porcelain figurine,"a German Meissen porcelain figurine with modeled forms, painted in overglaze colors with gilded Rococo details",an Italian Capodimonte porcelain figurine,"an Italian Capodimonte porcelain figurine with modeled porcelain drapery and flowers, painted in pastel colors with theatrical Baroque gestures",,,,,,True,1012,pair_006_native_SS_g1_r2_s1012,pair_006,6,,,,,,False,2,sample_0456,1,pair_006_standalone_A_g1_r2_s1012,pair_006_standalone_B_g1_r2_s1012
missing_rating,,,,an Indian Dhokra bronze figurine,"an Indian Dhokra bronze figurine made by lost-wax casting with an earthy bronze surface, showing elongated limbs, coiled-wire textures, and stylized tribal ornament",a Ghanaian Asante brass goldweight figurine,"a Ghanaian Asante brass goldweight figurine made by lost-wax casting in compact geometric form, showing a proverb-inspired human, animal, or tool motif with textured details",,,,,,False,3033,pair_055_native_SS_g3_r3_s3033,pair_055,55,,,,,,False,3,sample_0457,3,pair_055_standalone_A_g3_r3_s3033,pair_055_standalone_B_g3_r3_s3033
missing_rating,,,,an Italian Renaissance maiolica plate,"an Italian Renaissance maiolica plate with opaque white tin glaze, painted in cobalt blue, ochre yellow, copper green, and manganese purple with a figurative medallion and scrolling foliage",a French Nevers faience plate,"a French Nevers faience plate with white tin glaze, painted in deep blue, yellow, and manganese with heraldic, pastoral, and symmetrical floral motifs",,,,,,True,2022,pair_014_native_SS_g2_r2_s2022,pair_014,14,,,,,,False,2,sample_0458,2,pair_014_standalone_A_g2_r2_s2022,pair_014_standalone_B_g2_r2_s2022
missing_rating,,,,a Dutch blue-and-white Delftware plate,"a Dutch blue-and-white Delftware plate with opaque white tin glaze, painted in cobalt blue with canal-house, tulip, and ornamental border motifs",a Slovak Modra faience plate,"a Slovak Modra faience plate made of pale glazed earthenware, painted in cobalt blue, green, yellow, and manganese with stylized birds and folk flowers",,,,,,False,2021,pair_012_native_SS_g2_r1_s2021,pair_012,12,,,,,,False,1,sample_0459,2,pair_012_standalone_A_g2_r1_s2021,pair_012_standalone_B_g2_r1_s2021
missing_rating,,,,a Navajo coiled basket,"a Navajo coiled basket woven from plant fibers in a shallow circular form, showing a central opening and radiating red, black, and natural spiral motifs",a Panamanian Wounaan chunga basket,"a Panamanian Wounaan chunga basket coiled from palm fiber, showing exceptionally tight weaving and animal, plant, or geometric motifs in black and colors",,,,,,True,3031,pair_095_native_SS_g3_r1_s3031,pair_095,95,,,,,,False,1,sample_0460,3,pair_095_standalone_A_g3_r1_s3031,pair_095_standalone_B_g3_r1_s3031
no_consensus_shift,False,False,False,a Moroccan Beni Ourain wool rug,"a Moroccan Beni Ourain wool rug with a thick cream wool pile and sparse dark-brown lines, showing large asymmetrical diamonds and open geometric spacing",a Ukrainian Hutsul lizhnyk wool rug,"a Ukrainian Hutsul lizhnyk wool rug with a shaggy woven wool surface in gray, cream, brown, and muted color, showing stepped diamonds and rhythmic zigzag bands",4,2,True,True,False,True,2022,pair_084_native_SS_g2_r2_s2022,pair_084,84,5,5,False,True,True,True,2,sample_0461,2,pair_084_standalone_A_g2_r2_s2022,pair_084_standalone_B_g2_r2_s2022
knowledge_insufficiency,True,False,True,a Russian Fabergé-style guilloché enamel box,"a Russian Fabergé-style guilloché enamel box with translucent enamel over machine-engraved radiating patterns, showing pastel color fields, gold mounts, and jeweled accents",an Indian Jaipur meenakari enamel box,"an Indian Jaipur meenakari enamel box with opaque red, green, blue, and white enamel on gilded metal, showing peacocks, flowers, and scrolling foliage",3,3,True,False,True,True,1012,pair_043_native_SS_g1_r2_s1012,pair_043,43,3,5,True,False,True,True,2,sample_0462,1,pair_043_standalone_A_g1_r2_s1012,pair_043_standalone_B_g1_r2_s1012
mixed_or_uncertain,True,True,True,a Spanish Toledo damascened vase,"a Spanish Toledo damascened vase made of blackened steel inlaid with gold and silver, showing Moorish arabesques and geometric filigree patterns",a Korean ipsa metal-inlay vase,"a Korean ipsa metal-inlay vase made of dark patinated metal inlaid with silver wire, showing cranes, clouds, and sparse linear landscape motifs",3,3,True,False,False,True,3031,pair_046_native_SS_g3_r1_s3031,pair_046,46,2,3,True,False,True,True,1,sample_0463,3,pair_046_standalone_A_g3_r1_s3031,pair_046_standalone_B_g3_r1_s3031
no_consensus_shift,False,False,False,an Ottoman tinned-copper ewer,"an Ottoman tinned-copper ewer with a reflective silver-toned tinned surface, tall curved spout, and chased tulip, cypress, and arabesque decoration",a Bosnian engraved-copper coffee ewer,"a Bosnian engraved-copper coffee ewer with a copper body, long curved spout, and hand-hammered rosette, star, and interlaced geometric motifs",2,2,True,False,True,True,3033,pair_052_native_SS_g3_r3_s3033,pair_052,52,5,5,False,True,True,True,3,sample_0464,3,pair_052_standalone_A_g3_r3_s3033,pair_052_standalone_B_g3_r3_s3033
knowledge_insufficiency,True,True,True,a Chinese Jun ware ceramic bowl,"a Chinese Jun ware ceramic bowl with a thick opalescent blue glaze and irregular purple splashes, showing a simple rounded form and pooled color",a Japanese Hagi ware tea bowl,"a Japanese Hagi ware tea bowl with a porous stoneware body and milky white crackled glaze, showing a irregular foot and ash-toned surface",2,2,True,False,False,True,1013,pair_028_native_SS_g1_r3_s1013,pair_028,28,2,3,True,False,False,True,3,sample_0465,1,pair_028_standalone_A_g1_r3_s1013,pair_028_standalone_B_g1_r3_s1013
missing_rating,,,,a Japanese maki-e lacquerware tray,"a Japanese maki-e lacquerware tray with deep black lacquer sprinkled with gold and silver powder, showing cranes, pine branches, and landscape motifs",a Burmese shwe zawa lacquerware tray,"a Burmese shwe zawa lacquerware tray with a black lacquer ground and engraved gold-leaf decoration, showing courtly figures, mythical animals, and filled borders",,,,,,True,3033,pair_032_native_SS_g3_r3_s3033,pair_032,32,,,,,,False,3,sample_0466,3,pair_032_standalone_A_g3_r3_s3033,pair_032_standalone_B_g3_r3_s3033
missing_rating,,,,a Russian brass samovar,"a Russian brass samovar with a polished urn-shaped body, side handles, and ornate spigot, showing engraved floral bands and architectural details",an Iranian Qajar brass samovar,"an Iranian Qajar brass samovar with a tall faceted brass body, curved handles, and engraved panels showing birds, flowers, and courtly motifs",,,,,,False,1013,pair_058_native_SS_g1_r3_s1013,pair_058,58,,,,,,False,3,sample_0467,1,pair_058_standalone_A_g1_r3_s1013,pair_058_standalone_B_g1_r3_s1013
mixed_or_uncertain,True,False,True,a Chinese sancai glazed ceramic jar,"a Chinese sancai glazed ceramic jar with amber, green, and cream lead glazes over a rounded earthenware body, showing drips and molded relief bands",a Peruvian Chulucanas pottery jar,"a Peruvian Chulucanas pottery jar with a burnished clay surface in black, cream, and brown, showing negative-painted geometric bands and abstract figures",2,3,True,True,True,True,2023,pair_022_native_SS_g2_r3_s2023,pair_022,22,2,4,True,False,True,True,3,sample_0468,2,pair_022_standalone_A_g2_r3_s2023,pair_022_standalone_B_g2_r3_s2023
missing_rating,,,,a Japanese maki-e lacquerware vase,"a Japanese maki-e lacquerware vase with deep black lacquer sprinkled with gold and silver powder, showing cranes, pine branches, and landscape motifs",a Vietnamese sơn mài lacquerware vase,"a Vietnamese sơn mài lacquerware vase with layered black, red, and gold lacquer polished to depth, showing stylized bamboo, village, and eggshell-inlay motifs",,,,,,True,1011,pair_036_native_SS_g1_r1_s1011,pair_036,36,,,,,,False,1,sample_0469,1,pair_036_standalone_A_g1_r1_s1011,pair_036_standalone_B_g1_r1_s1011
missing_rating,,,,an Indian Banarasi brocade textile panel,"an Indian Banarasi brocade textile panel woven in rich silk with gold zari, showing floral buta, scrolling vines, and elaborate architectural borders",a Turkmen keteni silk textile panel,"a Turkmen keteni silk textile panel woven in narrow bands of red, yellow, green, and purple silk, showing stripes and geometric accents",,,,,,True,1011,pair_064_native_SS_g1_r1_s1011,pair_064,64,,,,,,False,1,sample_0470,1,pair_064_standalone_A_g1_r1_s1011,pair_064_standalone_B_g1_r1_s1011
missing_rating,,,,an Italian Renaissance maiolica vase,"an Italian Renaissance maiolica vase with opaque white tin glaze, painted in cobalt blue, ochre yellow, copper green, and manganese purple with a figurative medallion and scrolling foliage",a Spanish Manises lusterware vase,"a Spanish Manises lusterware vase made of tin-glazed earthenware with coppery metallic luster, showing cobalt-blue vines, heraldic shields, and repeating leaf motifs",,,,,,True,2023,pair_015_native_SS_g2_r3_s2023,pair_015,15,,,,,,False,3,sample_0471,2,pair_015_standalone_A_g2_r3_s2023,pair_015_standalone_B_g2_r3_s2023
missing_rating,,,,a Polish Bolesławiec stoneware jug,"a Polish Bolesławiec stoneware jug with a cream glazed body stamped in cobalt blue, showing repeated dots, peacock-eye rosettes, and circular folk patterns",a Bulgarian Troyan pottery jug,"a Bulgarian Troyan pottery jug with a dark glazed earthenware body and feathered slip decoration, showing brown, green, yellow, and cream wave patterns",,,,,,False,3031,pair_020_native_SS_g3_r1_s3031,pair_020,20,,,,,,True,1,sample_0472,3,pair_020_standalone_A_g3_r1_s3031,pair_020_standalone_B_g3_r1_s3031
missing_rating,,,,a Moroccan Fes ceramic bowl,"a Moroccan Fes ceramic bowl with a white glazed body painted in cobalt blue, green, and yellow, showing organized star, arabesque, and palmette motifs",an Algerian Kabyle pottery bowl,"an Algerian Kabyle pottery bowl made of hand-built earthenware with red, black, and white painted decoration, showing triangles, chevrons, and protective geometric signs",,,,,,True,3032,pair_018_native_SS_g3_r2_s3032,pair_018,18,,,,,,False,2,sample_0473,3,pair_018_standalone_A_g3_r2_s3032,pair_018_standalone_B_g3_r2_s3032
missing_rating,,,,a Japanese Tsugaru-nuri lacquerware box,"a Japanese Tsugaru-nuri lacquerware box with many polished lacquer layers forming mottled red, black, yellow, and green patterns across a geometric form",a Kashmiri papier-mâché lacquer box,"a Kashmiri papier-mâché lacquer box with a lacquered paper-pulp body painted in gold and jewel colors, showing chinar leaves, flowers, and arabesques",,,,,,False,1012,pair_039_native_SS_g1_r2_s1012,pair_039,39,,,,,,False,2,sample_0474,1,pair_039_standalone_A_g1_r2_s1012,pair_039_standalone_B_g1_r2_s1012
missing_rating,,,,a Japanese raden lacquerware lidded box,"a Japanese raden lacquerware lidded box with deep black lacquer and iridescent mother-of-pearl shell inlay forming bird, flower, and geometric motifs",a Mexican Olinalá lacquerware lidded box,"a Mexican Olinalá lacquerware lidded box made from linaloe wood, with red, ochre, green, blue, and white floral and animal decoration and incised rayado patterns",,,,,,False,1013,pair_034_native_SS_g1_r3_s1013,pair_034,34,,,,,,False,3,sample_0475,1,pair_034_standalone_A_g1_r3_s1013,pair_034_standalone_B_g1_r3_s1013
missing_rating,,,,a Mexican Taxco silver bowl,"a Mexican Taxco silver bowl with a polished hand-hammered silver surface and modern curves, showing geometric or pre-Columbian-inspired accents",an Indonesian Kotagede silver bowl,"an Indonesian Kotagede silver bowl with a oxidized silver surface worked in repoussé and filigree, showing lotus scrolls, vines, and stippled grounds",,,,,,False,3033,pair_054_native_SS_g3_r3_s3033,pair_054,54,,,,,,False,3,sample_0476,3,pair_054_standalone_A_g3_r3_s3033,pair_054_standalone_B_g3_r3_s3033
mixed_or_uncertain,True,True,True,a Chinese carved-jade pendant,"a Chinese carved-jade pendant made from polished pale green or white jade, showing pierced clouds, dragons, or floral scrolls in low relief",a Māori pounamu hei tiki pendant,"a Māori pounamu hei tiki pendant carved from translucent greenstone in a compact ancestral figure, showing an inclined head, large eyes, and curved limbs",3,2,True,True,False,True,1011,pair_099_native_SS_g1_r1_s1011,pair_099,99,3,2,True,False,False,True,1,sample_0477,1,pair_099_standalone_A_g1_r1_s1011,pair_099_standalone_B_g1_r1_s1011
knowledge_insufficiency,True,True,True,a Chinese celadon ceramic bowl,"a Chinese celadon ceramic bowl with translucent blue-green glaze, showing carved lotus petals beneath the glaze",a Vietnamese Lý–Trần celadon ceramic bowl,"a Vietnamese Lý–Trần celadon ceramic bowl with a pale jade-green glaze and lightly crackled surface, showing carved lotus petals and combed floral decoration",2,2,True,False,False,True,1013,pair_010_native_SS_g1_r3_s1013,pair_010,10,2,3,True,False,False,True,3,sample_0478,1,pair_010_standalone_A_g1_r3_s1013,pair_010_standalone_B_g1_r3_s1013
missing_rating,,,,an Indonesian ikat textile panel,"an Indonesian ikat textile panel woven from resist-dyed threads with feathered edges, showing diamonds, ancestor figures, and rhythmic color bands",a Sumbanese hinggi textile panel,"a Sumbanese hinggi textile panel woven in warp ikat with indigo, rust red, and cream, showing horses, roosters, skull trees, and large heraldic figures",,,,,,True,2022,pair_069_native_SS_g2_r2_s2022,pair_069,69,,,,,,False,2,sample_0479,2,pair_069_standalone_A_g2_r2_s2022,pair_069_standalone_B_g2_r2_s2022
no_consensus_shift,False,False,False,a Chinese Dehua blanc-de-Chine porcelain figurine,"a Chinese Dehua blanc-de-Chine porcelain figurine with an ivory-white surface, modeled robes, and carved details without painted color",a Japanese Hirado porcelain figurine,"a Japanese Hirado porcelain figurine with delicate underglaze-blue accents, showing miniature modeling and textile details",4,2,True,True,True,True,2023,pair_009_native_SS_g2_r3_s2023,pair_009,9,5,5,False,True,True,True,3,sample_0480,2,pair_009_standalone_A_g2_r3_s2023,pair_009_standalone_B_g2_r3_s2023
missing_rating,,,,a Venetian millefiori glass-bead necklace,"a Venetian millefiori glass-bead necklace made from multicolored glass canes sliced into flower-like beads, showing red, blue, yellow, white, and green mosaic patterns",a Ghanaian Krobo powder-glass-bead necklace,"a Ghanaian Krobo powder-glass-bead necklace made from molded recycled glass powder, showing opaque hand-painted stripes, dots, chevrons, and earth and jewel colors",,,,,,False,1012,pair_093_native_SS_g1_r2_s1012,pair_093,93,,,,,,True,2,sample_0481,1,pair_093_standalone_A_g1_r2_s1012,pair_093_standalone_B_g1_r2_s1012
knowledge_insufficiency,True,True,True,a Japanese Bizen stoneware vase,"a Japanese Bizen stoneware vase with an unglazed reddish-brown body marked by natural ash deposits and flame flashes, showing an austere asymmetrical form",a French Puisaye stoneware vase,"a French Puisaye stoneware vase with a dark salt-glazed stoneware body and earthy brown-to-gray surface, showing incised bands and robust hand-thrown proportions",3,2,True,False,False,True,2023,pair_029_native_SS_g2_r3_s2023,pair_029,29,3,3,True,False,False,True,3,sample_0482,2,pair_029_standalone_A_g2_r3_s2023,pair_029_standalone_B_g2_r3_s2023
missing_rating,,,,a Japanese cast-iron tetsubin teapot,"a Japanese cast-iron tetsubin teapot with a dark textured iron body, arched handle, and relief decoration showing hailstone, pine, or geometric motifs",an Azerbaijani engraved-copper teapot,"an Azerbaijani engraved-copper teapot with a hammered copper body, curved spout, and incised floral medallions, boteh motifs, and geometric borders",,,,,,False,3033,pair_057_native_SS_g3_r3_s3033,pair_057,57,,,,,,False,3,sample_0483,3,pair_057_standalone_A_g3_r3_s3033,pair_057_standalone_B_g3_r3_s3033
missing_rating,,,,an Indonesian ikat textile panel,"an Indonesian ikat textile panel woven from resist-dyed threads with feathered edges, showing diamonds, ancestor figures, and rhythmic color bands",a Sumbanese hinggi textile panel,"a Sumbanese hinggi textile panel woven in warp ikat with indigo, rust red, and cream, showing horses, roosters, skull trees, and large heraldic figures",,,,,,True,3032,pair_069_native_SS_g3_r2_s3032,pair_069,69,,,,,,False,2,sample_0484,3,pair_069_standalone_A_g3_r2_s3032,pair_069_standalone_B_g3_r2_s3032
missing_rating,,,,a Japanese raden lacquerware lidded box,"a Japanese raden lacquerware lidded box with deep black lacquer and iridescent mother-of-pearl shell inlay forming bird, flower, and geometric motifs",a Mexican Olinalá lacquerware lidded box,"a Mexican Olinalá lacquerware lidded box made from linaloe wood, with red, ochre, green, blue, and white floral and animal decoration and incised rayado patterns",,,,,,True,3033,pair_034_native_SS_g3_r3_s3033,pair_034,34,,,,,,False,3,sample_0485,3,pair_034_standalone_A_g3_r3_s3033,pair_034_standalone_B_g3_r3_s3033
missing_rating,,,,a Chinese silk-embroidery panel,"a Chinese silk-embroidery panel worked in multicolored silk thread, showing peonies, birds, butterflies, and long-and-short stitch shading",a Vietnamese silk-embroidery panel,"a Vietnamese silk-embroidery panel worked in colored silk thread with delicate tonal blending, showing village landscapes, lotus ponds, and graceful birds",,,,,,True,1012,pair_065_native_SS_g1_r2_s1012,pair_065,65,,,,,,False,2,sample_0486,1,pair_065_standalone_A_g1_r2_s1012,pair_065_standalone_B_g1_r2_s1012
knowledge_insufficiency,True,False,True,a Panamanian mola textile panel,"a Panamanian mola textile panel made with layered reverse appliqué in colors, showing animals, plants, and maze-like geometric contours",a Ukrainian Hutsul embroidery panel,"a Ukrainian Hutsul embroidery panel worked in cross-stitch with red, orange, black, and green thread, showing diamonds, hooks, and repeated geometric bands",2,2,True,False,False,True,2021,pair_079_native_SS_g2_r1_s2021,pair_079,79,2,5,True,False,True,True,1,sample_0487,2,pair_079_standalone_A_g2_r1_s2021,pair_079_standalone_B_g2_r1_s2021
missing_rating,,,,a Chinese carved-jade pendant,"a Chinese carved-jade pendant made from polished pale green or white jade, showing pierced clouds, dragons, or floral scrolls in low relief",a Māori pounamu hei tiki pendant,"a Māori pounamu hei tiki pendant carved from translucent greenstone in a compact ancestral figure, showing an inclined head, large eyes, and curved limbs",,,,,,False,2023,pair_099_native_SS_g2_r3_s2023,pair_099,99,,,,,,True,3,sample_0488,2,pair_099_standalone_A_g2_r3_s2023,pair_099_standalone_B_g2_r3_s2023
missing_rating,,,,a Persian silver-filigree box,"a Persian silver-filigree box with delicate silver wire scrollwork forming an airy surface, showing repeated palmettes, rosettes, and geometric borders",a Yemeni silver-filigree box,"a Yemeni silver-filigree box with twisted silver wire, granulation, and applied bosses, showing compact geometric and amuletic patterns",,,,,,False,3032,pair_053_native_SS_g3_r2_s3032,pair_053,53,,,,,,True,2,sample_0489,3,pair_053_standalone_A_g3_r2_s3032,pair_053_standalone_B_g3_r2_s3032
missing_rating,,,,a Japanese brocade obi sash,"a Japanese brocade obi sash woven in silk and metallic thread, showing large chrysanthemums, cranes, fans, and rhythmic geometric grounds",a Korean gold-thread brocade sash,"a Korean gold-thread brocade sash woven in colored silk with metallic thread, showing compact clouds, peonies, phoenixes, and repeating geometric borders",,,,,,True,3031,pair_067_native_SS_g3_r1_s3031,pair_067,67,,,,,,False,1,sample_0490,3,pair_067_standalone_A_g3_r1_s3031,pair_067_standalone_B_g3_r1_s3031
shift_location_disagreement,False,False,True,an Indian kantha quilt,"an Indian kantha quilt made from layered cotton joined by running stitches, showing rippling lines, lotus flowers, animals, and narrative folk scenes",a Korean bojagi patchwork wrapping cloth,"a Korean bojagi patchwork wrapping cloth assembled from translucent or opaque fabric rectangles, showing asymmetrical geometric seams and jewel-toned color blocks",3,2,True,False,True,True,3032,pair_078_native_SS_g3_r2_s3032,pair_078,78,3,4,True,False,True,True,2,sample_0491,3,pair_078_standalone_A_g3_r2_s3032,pair_078_standalone_B_g3_r2_s3032
missing_rating,,,,a Chinese Dehua blanc-de-Chine porcelain figurine,"a Chinese Dehua blanc-de-Chine porcelain figurine with an ivory-white surface, modeled robes, and carved details without painted color",a Japanese Hirado porcelain figurine,"a Japanese Hirado porcelain figurine with delicate underglaze-blue accents, showing miniature modeling and textile details",,,,,,True,3032,pair_009_native_SS_g3_r2_s3032,pair_009,9,,,,,,False,2,sample_0492,3,pair_009_standalone_A_g3_r2_s3032,pair_009_standalone_B_g3_r2_s3032
missing_rating,,,,an Indian Bidriware vase,"an Indian Bidriware vase made of blackened zinc alloy inlaid with silver, showing poppy flowers, geometric lattices, and arabesques",a Syrian Damascene inlaid-brass vase,"a Syrian Damascene inlaid-brass vase made of darkened brass inlaid with silver and copper, showing calligraphic bands, interlaced stars, and scrolling arabesques",,,,,,True,3032,pair_047_native_SS_g3_r2_s3032,pair_047,47,,,,,,False,2,sample_0493,3,pair_047_standalone_A_g3_r2_s3032,pair_047_standalone_B_g3_r2_s3032
missing_rating,,,,a Japanese shippō cloisonné enamel box,"a Japanese shippō cloisonné enamel box with colored enamel cells divided by silver wires, showing chrysanthemums, butterflies, and graded pictorial grounds",a Russian Rostov finift painted-enamel box,"a Russian Rostov finift painted-enamel box with miniature enamel painting on a white metal-mounted plaque, showing delicate flowers, saints, or pastoral scenes in pastel colors",,,,,,True,1013,pair_044_native_SS_g1_r3_s1013,pair_044,44,,,,,,False,3,sample_0494,1,pair_044_standalone_A_g1_r3_s1013,pair_044_standalone_B_g1_r3_s1013
missing_rating,,,,an ancient Greek black-figure ceramic amphora,"an ancient Greek black-figure ceramic amphora with black silhouettes on red clay, showing mythological figures arranged in horizontal narrative registers",an ancient Cypriot bichrome ceramic amphora,"an ancient Cypriot bichrome ceramic amphora with red and black painted lines on a pale clay body, showing concentric circles, birds, and compact geometric panels",,,,,,True,2021,pair_023_native_SS_g2_r1_s2021,pair_023,23,,,,,,False,1,sample_0495,2,pair_023_standalone_A_g2_r1_s2021,pair_023_standalone_B_g2_r1_s2021
missing_rating,,,,a Moroccan engraved-brass tray,"a Moroccan engraved-brass tray with a polished brass surface densely chased with radiating stars, arabesques, and scalloped geometric borders",a Persian qalamzani copper tray,"a Persian qalamzani copper tray with a darkened chased copper surface, showing hunting scenes, birds, flowers, and concentric arabesque bands",,,,,,False,2021,pair_051_native_SS_g2_r1_s2021,pair_051,51,,,,,,False,1,sample_0496,2,pair_051_standalone_A_g2_r1_s2021,pair_051_standalone_B_g2_r1_s2021
missing_rating,,,,a Japanese Imari porcelain plate,"a Japanese Imari porcelain plate with cobalt-blue underglaze and iron-red and gold overglaze decoration, showing radial floral panels and patterned reserves",a Japanese Kutani porcelain plate,"a Japanese Kutani porcelain plate with polychrome overglaze enamels in green, yellow, red, purple, and blue, showing floral and landscape panels",,,,,,True,1011,pair_005_native_SS_g1_r1_s1011,pair_005,5,,,,,,False,1,sample_0497,1,pair_005_standalone_A_g1_r1_s1011,pair_005_standalone_B_g1_r1_s1011
missing_rating,,,,an Indonesian batik textile panel,"an Indonesian batik textile panel with wax-resist dyeing in indigo, brown, and cream, showing parang diagonals, kawung rosettes, and densely repeated floral motifs",a Japanese katazome textile panel,"a Japanese katazome textile panel with stencil-resist dyeing on cotton in indigo and white, showing waves, chrysanthemums, birds, and repeating geometric motifs",,,,,,True,2023,pair_072_native_SS_g2_r3_s2023,pair_072,72,,,,,,False,3,sample_0498,2,pair_072_standalone_A_g2_r3_s2023,pair_072_standalone_B_g2_r3_s2023
missing_rating,,,,a Panamanian mola textile panel,"a Panamanian mola textile panel made with layered reverse appliqué in colors, showing animals, plants, and maze-like geometric contours",a Ukrainian Hutsul embroidery panel,"a Ukrainian Hutsul embroidery panel worked in cross-stitch with red, orange, black, and green thread, showing diamonds, hooks, and repeated geometric bands",,,,,,True,1011,pair_079_native_SS_g1_r1_s1011,pair_079,79,,,,,,False,1,sample_0499,1,pair_079_standalone_A_g1_r1_s1011,pair_079_standalone_B_g1_r1_s1011
missing_rating,,,,a Tibetan silver ritual box,"a Tibetan silver ritual box with repoussé silver, turquoise settings, and gilded details, showing lotus petals, cloud scrolls, and Buddhist auspicious symbols",a Balkan silver-filigree reliquary box,"a Balkan silver-filigree reliquary box with twisted silver wire and granulated bosses, showing crosses, rosettes, and compact geometric latticework",,,,,,True,2023,pair_059_native_SS_g2_r3_s2023,pair_059,59,,,,,,False,3,sample_0500,2,pair_059_standalone_A_g2_r3_s2023,pair_059_standalone_B_g2_r3_s2023
missing_rating,,,,a Chinese silk-brocade robe,"a Chinese silk-brocade robe woven with colored silk and gold thread, showing dragons, clouds, waves, and organized auspicious emblems",an Assamese muga-silk robe,"an Assamese muga-silk robe woven from naturally golden silk with red, green, and black supplementary motifs, showing stylized flowers and geometric borders",,,,,,False,1012,pair_066_native_SS_g1_r2_s1012,pair_066,66,,,,,,False,2,sample_0501,1,pair_066_standalone_A_g1_r2_s1012,pair_066_standalone_B_g1_r2_s1012
missing_rating,,,,a Japanese maki-e lacquerware vase,"a Japanese maki-e lacquerware vase with deep black lacquer sprinkled with gold and silver powder, showing cranes, pine branches, and landscape motifs",a Vietnamese sơn mài lacquerware vase,"a Vietnamese sơn mài lacquerware vase with layered black, red, and gold lacquer polished to depth, showing stylized bamboo, village, and eggshell-inlay motifs",,,,,,True,1013,pair_036_native_SS_g1_r3_s1013,pair_036,36,,,,,,False,3,sample_0502,1,pair_036_standalone_A_g1_r3_s1013,pair_036_standalone_B_g1_r3_s1013
missing_rating,,,,a Bohemian cut-glass vase,"a Bohemian cut-glass vase made from clear or ruby-overlaid crystal with deep wheel-cut facets, showing stars, fans, and sharply sparkling geometric panels",a Czech Železný Brod art-glass vase,"a Czech Železný Brod art-glass vase made from hand-shaped colored glass with clean modern curves, showing layered transparent tones, internal bubbles, and sculptural forms",,,,,,False,1013,pair_092_native_SS_g1_r3_s1013,pair_092,92,,,,,,True,3,sample_0503,1,pair_092_standalone_A_g1_r3_s1013,pair_092_standalone_B_g1_r3_s1013
missing_rating,,,,a Ghanaian kente cloth,"a Ghanaian kente cloth woven in narrow strips of silk or rayon, showing alternating geometric blocks in gold, green, red, blue, and black",a Bhutanese yathra wool textile,"a Bhutanese yathra wool textile woven in thick colored wool with supplementary-weft motifs, showing repeating diamonds, flowers, and horizontal geometric bands",,,,,,False,3033,pair_080_native_SS_g3_r3_s3033,pair_080,80,,,,,,True,3,sample_0504,3,pair_080_standalone_A_g3_r3_s3033,pair_080_standalone_B_g3_r3_s3033
missing_rating,,,,a Moroccan geometric wool rug,"a Moroccan geometric wool rug with a hand-knotted or flat-woven wool surface, showing diamonds, zigzags, and irregular bands in earth colors",an Afghan Baluch wool rug,"an Afghan Baluch wool rug with a dark wool pile in deep red, brown, navy, and ivory, showing repeated prayer niches, hooked medallions, and compact tribal borders",,,,,,True,2021,pair_090_native_SS_g2_r1_s2021,pair_090,90,,,,,,False,1,sample_0505,2,pair_090_standalone_A_g2_r1_s2021,pair_090_standalone_B_g2_r1_s2021
missing_rating,,,,a Moroccan Safi pottery vase,"a Moroccan Safi pottery vase with a glazed earthenware body painted in blue, green, yellow, and brown, showing arabesques and floral medallions",a Tunisian Nabeul pottery vase,"a Tunisian Nabeul pottery vase with a white glazed body painted in cobalt blue, turquoise, yellow, and green, showing fish, flowers, and Mediterranean geometric borders",,,,,,True,3033,pair_026_native_SS_g3_r3_s3033,pair_026,26,,,,,,False,3,sample_0506,3,pair_026_standalone_A_g3_r3_s3033,pair_026_standalone_B_g3_r3_s3033
missing_rating,,,,an Italian Renaissance maiolica vase,"an Italian Renaissance maiolica vase with opaque white tin glaze, painted in cobalt blue, ochre yellow, copper green, and manganese purple with a figurative medallion and scrolling foliage",a Spanish Manises lusterware vase,"a Spanish Manises lusterware vase made of tin-glazed earthenware with coppery metallic luster, showing cobalt-blue vines, heraldic shields, and repeating leaf motifs",,,,,,False,1012,pair_015_native_SS_g1_r2_s1012,pair_015,15,,,,,,True,2,sample_0507,1,pair_015_standalone_A_g1_r2_s1012,pair_015_standalone_B_g1_r2_s1012
missing_rating,,,,a Navajo coiled basket,"a Navajo coiled basket woven from plant fibers in a shallow circular form, showing a central opening and radiating red, black, and natural spiral motifs",a Panamanian Wounaan chunga basket,"a Panamanian Wounaan chunga basket coiled from palm fiber, showing exceptionally tight weaving and animal, plant, or geometric motifs in black and colors",,,,,,True,1011,pair_095_native_SS_g1_r1_s1011,pair_095,95,,,,,,False,1,sample_0508,1,pair_095_standalone_A_g1_r1_s1011,pair_095_standalone_B_g1_r1_s1011
missing_rating,,,,a Turkish flat-woven kilim,"a Turkish flat-woven kilim with interlocked wool wefts in red, blue, orange, and cream, showing hooked diamonds, ram horns, and stepped medallions",a Romanian Oltenian kilim,"a Romanian Oltenian kilim with a flat-woven wool surface in red, green, blue, and cream, showing stylized flowers, birds, and vertical bouquet arrangements",,,,,,True,2021,pair_085_native_SS_g2_r1_s2021,pair_085,85,,,,,,False,1,sample_0509,2,pair_085_standalone_A_g2_r1_s2021,pair_085_standalone_B_g2_r1_s2021
missing_rating,,,,a Mexican Mata Ortiz pottery jar,"a Mexican Mata Ortiz pottery jar with a thin-walled polished clay body and black-and-red painting, showing interlocking geometric and Mimbres-inspired animal motifs",a Serbian Zlakusa pottery jar,"a Serbian Zlakusa pottery jar made from clay mixed with ground calcite, showing a unglazed surface, rounded cooking-vessel form, and sparse incised bands",,,,,,True,1013,pair_025_native_SS_g1_r3_s1013,pair_025,25,,,,,,False,3,sample_0510,1,pair_025_standalone_A_g1_r3_s1013,pair_025_standalone_B_g1_r3_s1013
missing_rating,,,,an ancient Greek black-figure ceramic amphora,"an ancient Greek black-figure ceramic amphora with black silhouettes on red clay, showing mythological figures arranged in horizontal narrative registers",an ancient Cypriot bichrome ceramic amphora,"an ancient Cypriot bichrome ceramic amphora with red and black painted lines on a pale clay body, showing concentric circles, birds, and compact geometric panels",,,,,,True,2022,pair_023_native_SS_g2_r2_s2022,pair_023,23,,,,,,False,2,sample_0511,2,pair_023_standalone_A_g2_r2_s2022,pair_023_standalone_B_g2_r2_s2022
no_consensus_shift,False,False,False,a Korean Goryeo celadon maebyeong vase,"a Korean Goryeo celadon maebyeong vase with a green celadon glaze and pale slip inlay, showing cranes, clouds, and chrysanthemum medallions",a Thai Sawankhalok celadon jar,"a Thai Sawankhalok celadon jar with an olive-green crackled glaze on a stoneware body, showing incised lotus petals and simple ring bands",1,2,True,False,False,True,2021,pair_011_native_SS_g2_r1_s2021,pair_011,11,3,2,False,False,False,True,1,sample_0512,2,pair_011_standalone_A_g2_r1_s2021,pair_011_standalone_B_g2_r1_s2021
missing_rating,,,,a Russian brass samovar,"a Russian brass samovar with a polished urn-shaped body, side handles, and ornate spigot, showing engraved floral bands and architectural details",an Iranian Qajar brass samovar,"an Iranian Qajar brass samovar with a tall faceted brass body, curved handles, and engraved panels showing birds, flowers, and courtly motifs",,,,,,False,3032,pair_058_native_SS_g3_r2_s3032,pair_058,58,,,,,,False,2,sample_0513,3,pair_058_standalone_A_g3_r2_s3032,pair_058_standalone_B_g3_r2_s3032
composition_mechanism_failure,True,True,True,an Indian Banarasi brocade textile panel,"an Indian Banarasi brocade textile panel woven in rich silk with gold zari, showing floral buta, scrolling vines, and elaborate architectural borders",a Turkmen keteni silk textile panel,"a Turkmen keteni silk textile panel woven in narrow bands of red, yellow, green, and purple silk, showing stripes and geometric accents",2,2,True,True,True,True,2021,pair_064_native_SS_g2_r1_s2021,pair_064,64,2,3,True,True,True,True,1,sample_0514,2,pair_064_standalone_A_g2_r1_s2021,pair_064_standalone_B_g2_r1_s2021
mixed_or_uncertain,True,False,True,a Turkish flat-woven kilim,"a Turkish flat-woven kilim with interlocked wool wefts in red, blue, orange, and cream, showing hooked diamonds, ram horns, and stepped medallions",a Serbian Pirot kilim,"a Serbian Pirot kilim with a reversible flat weave and red, black, blue, and white geometry, showing turtles, hooks, and repeated protective motifs",3,3,True,False,True,True,1013,pair_086_native_SS_g1_r3_s1013,pair_086,86,3,4,True,True,True,True,3,sample_0515,1,pair_086_standalone_A_g1_r3_s1013,pair_086_standalone_B_g1_r3_s1013
missing_rating,,,,an Indian Ajrakh block-printed cloth,"an Indian Ajrakh block-printed cloth with layered resist printing in indigo, madder red, black, and white, showing precisely repeated stars and interlocking geometry",a Chinese Nantong blue-calico cloth,"a Chinese Nantong blue-calico cloth with indigo resist dyeing on cotton, showing white flowers, birds, fish, and auspicious folk motifs against a deep-blue ground",,,,,,False,3031,pair_073_native_SS_g3_r1_s3031,pair_073,73,,,,,,False,1,sample_0516,3,pair_073_standalone_A_g3_r1_s3031,pair_073_standalone_B_g3_r1_s3031
missing_rating,,,,a Mexican Otomi embroidered blouse,"a Mexican Otomi embroidered blouse worked in flat satin stitch, showing mirrored birds, deer, flowers, and fantastical animals around the neckline and sleeves",a Guatemalan huipil blouse,"a Guatemalan huipil blouse woven and embroidered in colors, showing diamonds, birds, maize, and community-specific geometric bands",,,,,,False,2022,pair_075_native_SS_g2_r2_s2022,pair_075,75,,,,,,True,2,sample_0517,2,pair_075_standalone_A_g2_r2_s2022,pair_075_standalone_B_g2_r2_s2022
mixed_or_uncertain,False,True,True,a Dutch blue-and-white Delftware vase,"a Dutch blue-and-white Delftware vase with opaque white tin glaze, painted in cobalt blue with canal-house, tulip, and ornamental border motifs",a Tunisian Qallaline faience vase,"a Tunisian Qallaline faience vase with tin glaze, painted in cobalt blue, green, ochre, and manganese with cypress, arch, and floral motifs",3,2,True,True,False,True,2021,pair_013_native_SS_g2_r1_s2021,pair_013,13,4,3,True,True,True,True,1,sample_0518,2,pair_013_standalone_A_g2_r1_s2021,pair_013_standalone_B_g2_r1_s2021
missing_rating,,,,a Moroccan geometric wool rug,"a Moroccan geometric wool rug with a hand-knotted or flat-woven wool surface, showing diamonds, zigzags, and irregular bands in earth colors",an Afghan Baluch wool rug,"an Afghan Baluch wool rug with a dark wool pile in deep red, brown, navy, and ivory, showing repeated prayer niches, hooked medallions, and compact tribal borders",,,,,,True,2023,pair_090_native_SS_g2_r3_s2023,pair_090,90,,,,,,False,3,sample_0519,2,pair_090_standalone_A_g2_r3_s2023,pair_090_standalone_B_g2_r3_s2023
knowledge_insufficiency,True,False,True,a Chinese bronze ritual bowl,"a Chinese bronze ritual bowl with a dark patinated bronze surface and cast relief, showing taotie-like masks, leiwen spirals, and symmetrical handles",a Korean bangjja bronze bowl,"a Korean bangjja bronze bowl made of hand-hammered bronze with a golden surface, showing a clean resonant form, hammer marks, and minimal ornament",2,2,True,False,False,True,1013,pair_060_native_SS_g1_r3_s1013,pair_060,60,3,4,True,False,True,True,3,sample_0520,1,pair_060_standalone_A_g1_r3_s1013,pair_060_standalone_B_g1_r3_s1013
knowledge_insufficiency,False,True,True,an Indian Banarasi brocade textile panel,"an Indian Banarasi brocade textile panel woven in rich silk with gold zari, showing floral buta, scrolling vines, and elaborate architectural borders",a Turkmen keteni silk textile panel,"a Turkmen keteni silk textile panel woven in narrow bands of red, yellow, green, and purple silk, showing stripes and geometric accents",4,2,True,True,False,True,3032,pair_064_native_SS_g3_r2_s3032,pair_064,64,3,3,True,True,False,True,2,sample_0521,3,pair_064_standalone_A_g3_r2_s3032,pair_064_standalone_B_g3_r2_s3032
missing_rating,,,,a Panamanian mola textile panel,"a Panamanian mola textile panel made with layered reverse appliqué in colors, showing animals, plants, and maze-like geometric contours",a Ukrainian Hutsul embroidery panel,"a Ukrainian Hutsul embroidery panel worked in cross-stitch with red, orange, black, and green thread, showing diamonds, hooks, and repeated geometric bands",,,,,,False,2022,pair_079_native_SS_g2_r2_s2022,pair_079,79,,,,,,False,2,sample_0522,2,pair_079_standalone_A_g2_r2_s2022,pair_079_standalone_B_g2_r2_s2022
missing_rating,,,,a Spanish Toledo damascened box,"a Spanish Toledo damascened box made of blackened steel inlaid with gold and silver, showing Moorish arabesques and geometric filigree patterns",a Japanese nunome-zōgan metal-inlay box,"a Japanese nunome-zōgan metal-inlay box made of dark iron overlaid with gold and silver textile-like inlay, showing waves, flowers, and geometric bands",,,,,,True,3033,pair_045_native_SS_g3_r3_s3033,pair_045,45,,,,,,False,3,sample_0523,3,pair_045_standalone_A_g3_r3_s3033,pair_045_standalone_B_g3_r3_s3033
missing_rating,,,,a Moroccan Safi pottery vase,"a Moroccan Safi pottery vase with a glazed earthenware body painted in blue, green, yellow, and brown, showing arabesques and floral medallions",a Tunisian Nabeul pottery vase,"a Tunisian Nabeul pottery vase with a white glazed body painted in cobalt blue, turquoise, yellow, and green, showing fish, flowers, and Mediterranean geometric borders",,,,,,True,2021,pair_026_native_SS_g2_r1_s2021,pair_026,26,,,,,,False,1,sample_0524,2,pair_026_standalone_A_g2_r1_s2021,pair_026_standalone_B_g2_r1_s2021
missing_rating,,,,a Chinese black-lacquer wooden bowl,"a Chinese black-lacquer wooden bowl with a deep-black lacquer surface and red or gold linear decoration, showing a thin balanced profile",a Burmese yun lacquerware bowl,"a Burmese yun lacquerware bowl with black lacquer incised and filled with red, green, and yellow pigments, showing zodiac figures and geometric bands",,,,,,False,3031,pair_037_native_SS_g3_r1_s3031,pair_037,37,,,,,,False,1,sample_0525,3,pair_037_standalone_A_g3_r1_s3031,pair_037_standalone_B_g3_r1_s3031
knowledge_insufficiency,True,False,True,a Spanish Toledo damascened vase,"a Spanish Toledo damascened vase made of blackened steel inlaid with gold and silver, showing Moorish arabesques and geometric filigree patterns",a Korean ipsa metal-inlay vase,"a Korean ipsa metal-inlay vase made of dark patinated metal inlaid with silver wire, showing cranes, clouds, and sparse linear landscape motifs",2,2,True,False,False,True,1013,pair_046_native_SS_g1_r3_s1013,pair_046,46,2,4,True,False,True,True,3,sample_0526,1,pair_046_standalone_A_g1_r3_s1013,pair_046_standalone_B_g1_r3_s1013
missing_rating,,,,a Korean Goryeo celadon maebyeong vase,"a Korean Goryeo celadon maebyeong vase with a green celadon glaze and pale slip inlay, showing cranes, clouds, and chrysanthemum medallions",a Thai Sawankhalok celadon jar,"a Thai Sawankhalok celadon jar with an olive-green crackled glaze on a stoneware body, showing incised lotus petals and simple ring bands",,,,,,True,2023,pair_011_native_SS_g2_r3_s2023,pair_011,11,,,,,,False,3,sample_0527,2,pair_011_standalone_A_g2_r3_s2023,pair_011_standalone_B_g2_r3_s2023
composition_mechanism_failure,False,True,True,a Japanese Tsugaru-nuri lacquerware box,"a Japanese Tsugaru-nuri lacquerware box with many polished lacquer layers forming mottled red, black, yellow, and green patterns across a geometric form",a Kashmiri papier-mâché lacquer box,"a Kashmiri papier-mâché lacquer box with a lacquered paper-pulp body painted in gold and jewel colors, showing chinar leaves, flowers, and arabesques",2,2,True,False,True,True,2022,pair_039_native_SS_g2_r2_s2022,pair_039,39,2,3,True,False,True,True,2,sample_0528,2,pair_039_standalone_A_g2_r2_s2022,pair_039_standalone_B_g2_r2_s2022
missing_rating,,,,a French Sèvres porcelain vase,"a French Sèvres porcelain vase with a bleu-céleste ground, gilded bronze-like ornament, and painted floral or courtly reserve panels",a Russian Imperial Porcelain cobalt-net vase,"a Russian Imperial Porcelain cobalt-net vase with cobalt-blue lattice, gold intersections, and radiating rosette motifs",,,,,,False,3032,pair_007_native_SS_g3_r2_s3032,pair_007,7,,,,,,False,2,sample_0529,3,pair_007_standalone_A_g3_r2_s3032,pair_007_standalone_B_g3_r2_s3032
mixed_or_uncertain,True,False,True,a Japanese brocade obi sash,"a Japanese brocade obi sash woven in silk and metallic thread, showing large chrysanthemums, cranes, fans, and rhythmic geometric grounds",a Korean gold-thread brocade sash,"a Korean gold-thread brocade sash woven in colored silk with metallic thread, showing compact clouds, peonies, phoenixes, and repeating geometric borders",2,2,True,True,False,True,2021,pair_067_native_SS_g2_r1_s2021,pair_067,67,2,4,True,False,True,True,1,sample_0530,2,pair_067_standalone_A_g2_r1_s2021,pair_067_standalone_B_g2_r1_s2021
missing_rating,,,,a Chinese cloisonné box,"a Chinese cloisonné box with turquoise and cobalt-blue enamel cells separated by gilded metal wires, showing lotus, cloud, and auspicious motifs",a Korean chilbo enamel box,"a Korean chilbo enamel box with colored enamel over a metal base, showing simplified plum blossoms, cranes, and geometric motifs in compact panels",,,,,,True,1013,pair_042_native_SS_g1_r3_s1013,pair_042,42,,,,,,False,3,sample_0531,1,pair_042_standalone_A_g1_r3_s1013,pair_042_standalone_B_g1_r3_s1013
no_consensus_shift,False,False,False,a Mexican Taxco silver bowl,"a Mexican Taxco silver bowl with a polished hand-hammered silver surface and modern curves, showing geometric or pre-Columbian-inspired accents",an Indonesian Kotagede silver bowl,"an Indonesian Kotagede silver bowl with a oxidized silver surface worked in repoussé and filigree, showing lotus scrolls, vines, and stippled grounds",2,4,True,True,True,True,2023,pair_054_native_SS_g2_r3_s2023,pair_054,54,4,5,False,True,True,True,3,sample_0532,2,pair_054_standalone_A_g2_r3_s2023,pair_054_standalone_B_g2_r3_s2023
missing_rating,,,,a Russian Khokhloma painted wooden bowl,"a Russian Khokhloma painted wooden bowl with a black and gold ground painted in red, showing curling berries, leaves, and sweeping floral stems",a Ryukyuan lacquerware bowl,"a Ryukyuan lacquerware bowl with a vermilion lacquer surface and delicate gold decoration, showing hibiscus, birds, and island landscape motifs",,,,,,False,2023,pair_038_native_SS_g2_r3_s2023,pair_038,38,,,,,,True,3,sample_0533,2,pair_038_standalone_A_g2_r3_s2023,pair_038_standalone_B_g2_r3_s2023
missing_rating,,,,a Japanese maki-e lacquerware vase,"a Japanese maki-e lacquerware vase with deep black lacquer sprinkled with gold and silver powder, showing cranes, pine branches, and landscape motifs",a Vietnamese sơn mài lacquerware vase,"a Vietnamese sơn mài lacquerware vase with layered black, red, and gold lacquer polished to depth, showing stylized bamboo, village, and eggshell-inlay motifs",,,,,,True,2021,pair_036_native_SS_g2_r1_s2021,pair_036,36,,,,,,False,1,sample_0534,2,pair_036_standalone_A_g2_r1_s2021,pair_036_standalone_B_g2_r1_s2021
composition_mechanism_failure,False,True,True,a Dutch blue-and-white Delftware vase,"a Dutch blue-and-white Delftware vase with opaque white tin glaze, painted in cobalt blue with canal-house, tulip, and ornamental border motifs",a Tunisian Qallaline faience vase,"a Tunisian Qallaline faience vase with tin glaze, painted in cobalt blue, green, ochre, and manganese with cypress, arch, and floral motifs",4,2,True,True,True,True,2022,pair_013_native_SS_g2_r2_s2022,pair_013,13,5,2,True,True,True,True,2,sample_0535,2,pair_013_standalone_A_g2_r2_s2022,pair_013_standalone_B_g2_r2_s2022
composition_mechanism_failure,False,True,True,an English Wedgwood jasperware vase,"an English Wedgwood jasperware vase with a matte blue stoneware body and white relief decoration, showing classical figures, laurel swags, and geometric borders",a Portuguese Caldas da Rainha ceramic vase,"a Portuguese Caldas da Rainha ceramic vase with brightly glazed sculptural earthenware, showing naturalistic leaves, fruit, insects, and textured relief surfaces",4,2,True,True,True,True,1013,pair_027_native_SS_g1_r3_s1013,pair_027,27,4,3,True,True,True,True,3,sample_0536,1,pair_027_standalone_A_g1_r3_s1013,pair_027_standalone_B_g1_r3_s1013
knowledge_insufficiency,True,True,True,an Indonesian batik textile panel,"an Indonesian batik textile panel with wax-resist dyeing in indigo, brown, and cream, showing parang diagonals, kawung rosettes, and densely repeated floral motifs",a Japanese katazome textile panel,"a Japanese katazome textile panel with stencil-resist dyeing on cotton in indigo and white, showing waves, chrysanthemums, birds, and repeating geometric motifs",2,2,True,False,False,True,3031,pair_072_native_SS_g3_r1_s3031,pair_072,72,2,4,True,False,False,True,1,sample_0537,3,pair_072_standalone_A_g3_r1_s3031,pair_072_standalone_B_g3_r1_s3031
missing_rating,,,,a Navajo wool rug,"a Navajo wool rug with a woven flat surface and red, black, gray, and cream geometry, showing stepped diamonds and serrated bands",a Kyrgyz shyrdak felt rug,"a Kyrgyz shyrdak felt rug made from cut and inlaid wool felt in contrasting colors, showing mirrored horn motifs, scrolling forms, and outlined geometry",,,,,,True,1012,pair_088_native_SS_g1_r2_s1012,pair_088,88,,,,,,False,2,sample_0538,1,pair_088_standalone_A_g1_r2_s1012,pair_088_standalone_B_g1_r2_s1012
missing_rating,,,,an Indian Bidriware vase,"an Indian Bidriware vase made of blackened zinc alloy inlaid with silver, showing poppy flowers, geometric lattices, and arabesques",a Syrian Damascene inlaid-brass vase,"a Syrian Damascene inlaid-brass vase made of darkened brass inlaid with silver and copper, showing calligraphic bands, interlaced stars, and scrolling arabesques",,,,,,True,3031,pair_047_native_SS_g3_r1_s3031,pair_047,47,,,,,,False,1,sample_0539,3,pair_047_standalone_A_g3_r1_s3031,pair_047_standalone_B_g3_r1_s3031
missing_rating,,,,an Indonesian batik textile panel,"an Indonesian batik textile panel with wax-resist dyeing in indigo, brown, and cream, showing parang diagonals, kawung rosettes, and densely repeated floral motifs",a Japanese katazome textile panel,"a Japanese katazome textile panel with stencil-resist dyeing on cotton in indigo and white, showing waves, chrysanthemums, birds, and repeating geometric motifs",,,,,,True,1012,pair_072_native_SS_g1_r2_s1012,pair_072,72,,,,,,False,2,sample_0540,1,pair_072_standalone_A_g1_r2_s1012,pair_072_standalone_B_g1_r2_s1012
missing_rating,,,,an Indonesian ikat textile panel,"an Indonesian ikat textile panel woven from resist-dyed threads with feathered edges, showing diamonds, ancestor figures, and rhythmic color bands",a Sumbanese hinggi textile panel,"a Sumbanese hinggi textile panel woven in warp ikat with indigo, rust red, and cream, showing horses, roosters, skull trees, and large heraldic figures",,,,,,True,2023,pair_069_native_SS_g2_r3_s2023,pair_069,69,,,,,,False,3,sample_0541,2,pair_069_standalone_A_g2_r3_s2023,pair_069_standalone_B_g2_r3_s2023
missing_rating,,,,an Ottoman tinned-copper ewer,"an Ottoman tinned-copper ewer with a reflective silver-toned tinned surface, tall curved spout, and chased tulip, cypress, and arabesque decoration",a Bosnian engraved-copper coffee ewer,"a Bosnian engraved-copper coffee ewer with a copper body, long curved spout, and hand-hammered rosette, star, and interlaced geometric motifs",,,,,,False,1013,pair_052_native_SS_g1_r3_s1013,pair_052,52,,,,,,True,3,sample_0542,1,pair_052_standalone_A_g1_r3_s1013,pair_052_standalone_B_g1_r3_s1013
missing_rating,,,,a Persian floral carpet,"a Persian floral carpet with a wool pile and central medallion, showing curving vines, palmettes, and flowers in deep red, blue, and ivory",an Armenian Karabakh carpet,"an Armenian Karabakh carpet with a wool pile in red, blue, green, and cream, showing floral medallions and elongated geometric forms",,,,,,False,2023,pair_083_native_SS_g2_r3_s2023,pair_083,83,,,,,,False,3,sample_0543,2,pair_083_standalone_A_g2_r3_s2023,pair_083_standalone_B_g2_r3_s2023
missing_rating,,,,an Inuit soapstone figurine,"an Inuit soapstone figurine carved from dark gray-green stone with rounded tactile surfaces, showing a compact animal or human figure with incised details",a Kenyan Kisii soapstone figurine,"a Kenyan Kisii soapstone figurine carved from pale soapstone and polished, showing an abstract intertwined human or animal form with rounded contours",,,,,,True,2021,pair_100_native_SS_g2_r1_s2021,pair_100,100,,,,,,False,1,sample_0544,2,pair_100_standalone_A_g2_r1_s2021,pair_100_standalone_B_g2_r1_s2021
composition_mechanism_failure,False,True,True,a Mexican Otomi embroidered blouse,"a Mexican Otomi embroidered blouse worked in flat satin stitch, showing mirrored birds, deer, flowers, and fantastical animals around the neckline and sleeves",a Guatemalan huipil blouse,"a Guatemalan huipil blouse woven and embroidered in colors, showing diamonds, birds, maize, and community-specific geometric bands",2,2,True,True,True,True,1012,pair_075_native_SS_g1_r2_s1012,pair_075,75,4,4,True,True,True,True,2,sample_0545,1,pair_075_standalone_A_g1_r2_s1012,pair_075_standalone_B_g1_r2_s1012
missing_rating,,,,a Chinese cloisonné enamel plate,"a Chinese cloisonné enamel plate with turquoise and cobalt-blue enamel cells separated by gilded metal wires, showing lotus, cloud, and auspicious motifs",a French Limoges painted-enamel plate,"a French Limoges painted-enamel plate with opaque and translucent enamel painted over copper, showing Renaissance figures, grisaille shading, and jewel-toned borders",,,,,,False,2023,pair_049_native_SS_g2_r3_s2023,pair_049,49,,,,,,False,3,sample_0546,2,pair_049_standalone_A_g2_r3_s2023,pair_049_standalone_B_g2_r3_s2023
missing_rating,,,,a Persian floral carpet,"a Persian floral carpet with a wool pile and central medallion, showing curving vines, palmettes, and flowers in deep red, blue, and ivory",a Tibetan khaden carpet,"a Tibetan khaden carpet with a compact wool pile in red, blue, yellow, and cream, showing snow lions, lotus flowers, clouds, or checkerboard motifs",,,,,,True,3032,pair_089_native_SS_g3_r2_s3032,pair_089,89,,,,,,False,2,sample_0547,3,pair_089_standalone_A_g3_r2_s3032,pair_089_standalone_B_g3_r2_s3032
missing_rating,,,,a Russian Khokhloma painted wooden bowl,"a Russian Khokhloma painted wooden bowl with a black and gold ground painted in red, showing curling berries, leaves, and sweeping floral stems",a Ryukyuan lacquerware bowl,"a Ryukyuan lacquerware bowl with a vermilion lacquer surface and delicate gold decoration, showing hibiscus, birds, and island landscape motifs",,,,,,True,3032,pair_038_native_SS_g3_r2_s3032,pair_038,38,,,,,,False,2,sample_0548,3,pair_038_standalone_A_g3_r2_s3032,pair_038_standalone_B_g3_r2_s3032
missing_rating,,,,a Tibetan silver ritual box,"a Tibetan silver ritual box with repoussé silver, turquoise settings, and gilded details, showing lotus petals, cloud scrolls, and Buddhist auspicious symbols",a Balkan silver-filigree reliquary box,"a Balkan silver-filigree reliquary box with twisted silver wire and granulated bosses, showing crosses, rosettes, and compact geometric latticework",,,,,,True,1012,pair_059_native_SS_g1_r2_s1012,pair_059,59,,,,,,False,2,sample_0549,1,pair_059_standalone_A_g1_r2_s1012,pair_059_standalone_B_g1_r2_s1012
missing_rating,,,,an Indian Bidriware box,"an Indian Bidriware box made of blackened zinc alloy inlaid with silver, showing poppy flowers, geometric lattices, and arabesques",an Egyptian Mamluk-style inlaid-brass box,"an Egyptian Mamluk-style inlaid-brass box made of brass inlaid with silver and copper, showing monumental calligraphy, interlaced medallions, and geometric borders",,,,,,True,2021,pair_048_native_SS_g2_r1_s2021,pair_048,48,,,,,,False,1,sample_0550,2,pair_048_standalone_A_g2_r1_s2021,pair_048_standalone_B_g2_r1_s2021
missing_rating,,,,a Mexican Otomi embroidery panel,"a Mexican Otomi embroidery panel worked in flat satin stitch on pale cotton, showing mirrored birds, deer, flowers, and fantastical animals",a Palestinian tatreez embroidery panel,"a Palestinian tatreez embroidery panel worked in red and multicolored cross-stitch, showing cypress trees, stars, feathers, and region-specific geometric motifs",,,,,,False,3032,pair_074_native_SS_g3_r2_s3032,pair_074,74,,,,,,True,2,sample_0551,3,pair_074_standalone_A_g3_r2_s3032,pair_074_standalone_B_g3_r2_s3032
mixed_or_uncertain,False,True,True,a Navajo wool rug,"a Navajo wool rug with a woven flat surface and red, black, gray, and cream geometry, showing stepped diamonds and serrated bands",a Kyrgyz shyrdak felt rug,"a Kyrgyz shyrdak felt rug made from cut and inlaid wool felt in contrasting colors, showing mirrored horn motifs, scrolling forms, and outlined geometry",3,2,True,True,False,True,2023,pair_088_native_SS_g2_r3_s2023,pair_088,88,4,3,True,True,True,True,3,sample_0552,2,pair_088_standalone_A_g2_r3_s2023,pair_088_standalone_B_g2_r3_s2023
missing_rating,,,,a Chinese black-lacquer wooden bowl,"a Chinese black-lacquer wooden bowl with a deep-black lacquer surface and red or gold linear decoration, showing a thin balanced profile",a Burmese yun lacquerware bowl,"a Burmese yun lacquerware bowl with black lacquer incised and filled with red, green, and yellow pigments, showing zodiac figures and geometric bands",,,,,,False,3033,pair_037_native_SS_g3_r3_s3033,pair_037,37,,,,,,False,3,sample_0553,3,pair_037_standalone_A_g3_r3_s3033,pair_037_standalone_B_g3_r3_s3033
mixed_or_uncertain,True,True,True,an Indonesian ikat textile panel,"an Indonesian ikat textile panel woven from resist-dyed threads with feathered edges, showing diamonds, ancestor figures, and rhythmic color bands",a Sumbanese hinggi textile panel,"a Sumbanese hinggi textile panel woven in warp ikat with indigo, rust red, and cream, showing horses, roosters, skull trees, and large heraldic figures",3,2,True,True,False,True,1012,pair_069_native_SS_g1_r2_s1012,pair_069,69,3,2,True,True,True,True,2,sample_0554,1,pair_069_standalone_A_g1_r2_s1012,pair_069_standalone_B_g1_r2_s1012
missing_rating,,,,a Russian Fabergé-style guilloché enamel box,"a Russian Fabergé-style guilloché enamel box with translucent enamel over machine-engraved radiating patterns, showing pastel color fields, gold mounts, and jeweled accents",an Indian Jaipur meenakari enamel box,"an Indian Jaipur meenakari enamel box with opaque red, green, blue, and white enamel on gilded metal, showing peacocks, flowers, and scrolling foliage",,,,,,True,1013,pair_043_native_SS_g1_r3_s1013,pair_043,43,,,,,,False,3,sample_0555,1,pair_043_standalone_A_g1_r3_s1013,pair_043_standalone_B_g1_r3_s1013
missing_rating,,,,a Chinese Dehua blanc-de-Chine porcelain figurine,"a Chinese Dehua blanc-de-Chine porcelain figurine with an ivory-white surface, modeled robes, and carved details without painted color",a Japanese Hirado porcelain figurine,"a Japanese Hirado porcelain figurine with delicate underglaze-blue accents, showing miniature modeling and textile details",,,,,,True,1012,pair_009_native_SS_g1_r2_s1012,pair_009,9,,,,,,False,2,sample_0556,1,pair_009_standalone_A_g1_r2_s1012,pair_009_standalone_B_g1_r2_s1012
missing_rating,,,,an Ottoman tinned-copper ewer,"an Ottoman tinned-copper ewer with a reflective silver-toned tinned surface, tall curved spout, and chased tulip, cypress, and arabesque decoration",a Bosnian engraved-copper coffee ewer,"a Bosnian engraved-copper coffee ewer with a copper body, long curved spout, and hand-hammered rosette, star, and interlaced geometric motifs",,,,,,False,3032,pair_052_native_SS_g3_r2_s3032,pair_052,52,,,,,,False,2,sample_0557,3,pair_052_standalone_A_g3_r2_s3032,pair_052_standalone_B_g3_r2_s3032
missing_rating,,,,a Russian Fabergé-style guilloché enamel box,"a Russian Fabergé-style guilloché enamel box with translucent enamel over machine-engraved radiating patterns, showing pastel color fields, gold mounts, and jeweled accents",an Indian Jaipur meenakari enamel box,"an Indian Jaipur meenakari enamel box with opaque red, green, blue, and white enamel on gilded metal, showing peacocks, flowers, and scrolling foliage",,,,,,True,2021,pair_043_native_SS_g2_r1_s2021,pair_043,43,,,,,,False,1,sample_0558,2,pair_043_standalone_A_g2_r1_s2021,pair_043_standalone_B_g2_r1_s2021
missing_rating,,,,a Moroccan Fes ceramic bowl,"a Moroccan Fes ceramic bowl with a white glazed body painted in cobalt blue, green, and yellow, showing organized star, arabesque, and palmette motifs",an Algerian Kabyle pottery bowl,"an Algerian Kabyle pottery bowl made of hand-built earthenware with red, black, and white painted decoration, showing triangles, chevrons, and protective geometric signs",,,,,,False,3033,pair_018_native_SS_g3_r3_s3033,pair_018,18,,,,,,True,3,sample_0559,3,pair_018_standalone_A_g3_r3_s3033,pair_018_standalone_B_g3_r3_s3033
missing_rating,,,,a Mexican Taxco silver bowl,"a Mexican Taxco silver bowl with a polished hand-hammered silver surface and modern curves, showing geometric or pre-Columbian-inspired accents",an Indonesian Kotagede silver bowl,"an Indonesian Kotagede silver bowl with a oxidized silver surface worked in repoussé and filigree, showing lotus scrolls, vines, and stippled grounds",,,,,,True,1011,pair_054_native_SS_g1_r1_s1011,pair_054,54,,,,,,False,1,sample_0560,1,pair_054_standalone_A_g1_r1_s1011,pair_054_standalone_B_g1_r1_s1011
mixed_or_uncertain,True,False,True,a Venetian Murano glass vase,"a Venetian Murano glass vase made from vividly colored blown glass with layered canes, showing curves, millefiori accents, and polished translucent depth",a Palestinian Hebron blown-glass vase,"a Palestinian Hebron blown-glass vase made from recycled glass in translucent turquoise and green, showing a irregular hand-blown body, bubbles, and applied glass trails",2,2,True,False,False,True,1013,pair_091_native_SS_g1_r3_s1013,pair_091,91,3,4,True,True,True,True,3,sample_0561,1,pair_091_standalone_A_g1_r3_s1013,pair_091_standalone_B_g1_r3_s1013
missing_rating,,,,an Indian Patola double-ikat textile panel,"an Indian Patola double-ikat textile panel woven from precisely resist-dyed silk warp and weft, showing dancing figures, elephants, flowers, and geometric grids",a Timorese tais textile panel,"a Timorese tais textile panel woven in cotton warp ikat with red, black, yellow, and white bands, showing hooks, diamonds, and locally specific ancestral motifs",,,,,,False,1011,pair_070_native_SS_g1_r1_s1011,pair_070,70,,,,,,False,1,sample_0562,1,pair_070_standalone_A_g1_r1_s1011,pair_070_standalone_B_g1_r1_s1011
missing_rating,,,,a Venetian millefiori glass-bead necklace,"a Venetian millefiori glass-bead necklace made from multicolored glass canes sliced into flower-like beads, showing red, blue, yellow, white, and green mosaic patterns",a Ghanaian Krobo powder-glass-bead necklace,"a Ghanaian Krobo powder-glass-bead necklace made from molded recycled glass powder, showing opaque hand-painted stripes, dots, chevrons, and earth and jewel colors",,,,,,True,3033,pair_093_native_SS_g3_r3_s3033,pair_093,93,,,,,,False,3,sample_0563,3,pair_093_standalone_A_g3_r3_s3033,pair_093_standalone_B_g3_r3_s3033
missing_rating,,,,a Japanese maki-e lacquerware box,"a Japanese maki-e lacquerware box with deep black lacquer sprinkled with gold and silver powder, showing cranes, pine branches, and landscape motifs",a Thai lai rod nam lacquerware box,"a Thai lai rod nam lacquerware box with black lacquer covered by gold-leaf resist decoration, showing flame, deity, and scrolling vegetal patterns",,,,,,True,3031,pair_031_native_SS_g3_r1_s3031,pair_031,31,,,,,,False,1,sample_0564,3,pair_031_standalone_A_g3_r1_s3031,pair_031_standalone_B_g3_r1_s3031
mixed_or_uncertain,True,True,True,a Japanese Imari porcelain plate,"a Japanese Imari porcelain plate with cobalt-blue underglaze and iron-red and gold overglaze decoration, showing radial floral panels and patterned reserves",a Japanese Kutani porcelain plate,"a Japanese Kutani porcelain plate with polychrome overglaze enamels in green, yellow, red, purple, and blue, showing floral and landscape panels",2,2,True,True,False,True,2023,pair_005_native_SS_g2_r3_s2023,pair_005,5,4,3,True,True,True,True,3,sample_0565,2,pair_005_standalone_A_g2_r3_s2023,pair_005_standalone_B_g2_r3_s2023
knowledge_insufficiency,True,True,True,a Polish Bolesławiec stoneware jug,"a Polish Bolesławiec stoneware jug with a cream glazed body stamped in cobalt blue, showing repeated dots, peacock-eye rosettes, and circular folk patterns",a Bulgarian Troyan pottery jug,"a Bulgarian Troyan pottery jug with a dark glazed earthenware body and feathered slip decoration, showing brown, green, yellow, and cream wave patterns",2,2,True,False,False,True,1013,pair_020_native_SS_g1_r3_s1013,pair_020,20,2,3,True,False,False,True,3,sample_0566,1,pair_020_standalone_A_g1_r3_s1013,pair_020_standalone_B_g1_r3_s1013
knowledge_insufficiency,False,True,True,a Japanese Raku tea bowl,"a Japanese Raku tea bowl with a hand-shaped low-fired body and irregular black glaze, showing a warped rim and tactile matte-to-gloss surface",a Korean buncheong tea bowl,"a Korean buncheong tea bowl made of gray stoneware brushed with white slip, showing stamped, incised, or freely painted decoration beneath a translucent glaze",4,2,True,False,False,True,3032,pair_021_native_SS_g3_r2_s3032,pair_021,21,2,2,True,False,False,True,2,sample_0567,3,pair_021_standalone_A_g3_r2_s3032,pair_021_standalone_B_g3_r2_s3032
knowledge_insufficiency,True,True,True,a Chinese Jun ware ceramic bowl,"a Chinese Jun ware ceramic bowl with a thick opalescent blue glaze and irregular purple splashes, showing a simple rounded form and pooled color",a Japanese Hagi ware tea bowl,"a Japanese Hagi ware tea bowl with a porous stoneware body and milky white crackled glaze, showing a irregular foot and ash-toned surface",2,2,True,False,False,True,3031,pair_028_native_SS_g3_r1_s3031,pair_028,28,2,3,True,False,False,True,1,sample_0568,3,pair_028_standalone_A_g3_r1_s3031,pair_028_standalone_B_g3_r1_s3031
missing_rating,,,,a Chinese lacquered folding screen,"a Chinese lacquered folding screen with deep black lacquer, gilded outlines, and carved or painted garden scenes showing pavilions, birds, and flowering trees",a Vietnamese sơn mài lacquer screen,"a Vietnamese sơn mài lacquer screen with layered black, red, and gold lacquer polished to depth, showing stylized village scenes, bamboo, and eggshell inlay",,,,,,False,1012,pair_040_native_SS_g1_r2_s1012,pair_040,40,,,,,,False,2,sample_0569,1,pair_040_standalone_A_g1_r2_s1012,pair_040_standalone_B_g1_r2_s1012
mixed_or_uncertain,False,True,True,a Japanese silk kimono,"a Japanese silk kimono with a lustrous woven ground and dyed or embroidered decoration, showing cranes, cherry blossoms, water, and seasonal motifs",a Lao sinh silk skirt,"a Lao sinh silk skirt with supplementary-weft silk bands and patterned borders, showing diamonds, serpents, temple forms, and jewel colors",3,2,True,True,False,True,2022,pair_061_native_SS_g2_r2_s2022,pair_061,61,4,2,True,True,True,True,2,sample_0570,2,pair_061_standalone_A_g2_r2_s2022,pair_061_standalone_B_g2_r2_s2022
missing_rating,,,,an Indian Ajrakh block-printed cloth,"an Indian Ajrakh block-printed cloth with layered resist printing in indigo, madder red, black, and white, showing precisely repeated stars and interlocking geometry",a Chinese Nantong blue-calico cloth,"a Chinese Nantong blue-calico cloth with indigo resist dyeing on cotton, showing white flowers, birds, fish, and auspicious folk motifs against a deep-blue ground",,,,,,True,3032,pair_073_native_SS_g3_r2_s3032,pair_073,73,,,,,,False,2,sample_0571,3,pair_073_standalone_A_g3_r2_s3032,pair_073_standalone_B_g3_r2_s3032
missing_rating,,,,a Turkish flat-woven kilim,"a Turkish flat-woven kilim with interlocked wool wefts in red, blue, orange, and cream, showing hooked diamonds, ram horns, and stepped medallions",a Serbian Pirot kilim,"a Serbian Pirot kilim with a reversible flat weave and red, black, blue, and white geometry, showing turtles, hooks, and repeated protective motifs",,,,,,True,3032,pair_086_native_SS_g3_r2_s3032,pair_086,86,,,,,,False,2,sample_0572,3,pair_086_standalone_A_g3_r2_s3032,pair_086_standalone_B_g3_r2_s3032
missing_rating,,,,a Japanese Bizen stoneware vase,"a Japanese Bizen stoneware vase with an unglazed reddish-brown body marked by natural ash deposits and flame flashes, showing an austere asymmetrical form",a French Puisaye stoneware vase,"a French Puisaye stoneware vase with a dark salt-glazed stoneware body and earthy brown-to-gray surface, showing incised bands and robust hand-thrown proportions",,,,,,False,1011,pair_029_native_SS_g1_r1_s1011,pair_029,29,,,,,,True,1,sample_0573,1,pair_029_standalone_A_g1_r1_s1011,pair_029_standalone_B_g1_r1_s1011
missing_rating,,,,a Navajo coiled basket,"a Navajo coiled basket woven from plant fibers in a shallow circular form, showing a central opening and radiating red, black, and natural spiral motifs",a Panamanian Wounaan chunga basket,"a Panamanian Wounaan chunga basket coiled from palm fiber, showing exceptionally tight weaving and animal, plant, or geometric motifs in black and colors",,,,,,False,2023,pair_095_native_SS_g2_r3_s2023,pair_095,95,,,,,,False,3,sample_0574,2,pair_095_standalone_A_g2_r3_s2023,pair_095_standalone_B_g2_r3_s2023
mixed_or_uncertain,True,True,True,a Bohemian cut-glass vase,"a Bohemian cut-glass vase made from clear or ruby-overlaid crystal with deep wheel-cut facets, showing stars, fans, and sharply sparkling geometric panels",a Czech Železný Brod art-glass vase,"a Czech Železný Brod art-glass vase made from hand-shaped colored glass with clean modern curves, showing layered transparent tones, internal bubbles, and sculptural forms",3,3,True,True,True,True,2023,pair_092_native_SS_g2_r3_s2023,pair_092,92,2,3,True,False,True,True,3,sample_0575,2,pair_092_standalone_A_g2_r3_s2023,pair_092_standalone_B_g2_r3_s2023
missing_rating,,,,a Panamanian mola textile panel,"a Panamanian mola textile panel made with layered reverse appliqué in colors, showing animals, plants, and maze-like geometric contours",a Ukrainian Hutsul embroidery panel,"a Ukrainian Hutsul embroidery panel worked in cross-stitch with red, orange, black, and green thread, showing diamonds, hooks, and repeated geometric bands",,,,,,False,2023,pair_079_native_SS_g2_r3_s2023,pair_079,79,,,,,,True,3,sample_0576,2,pair_079_standalone_A_g2_r3_s2023,pair_079_standalone_B_g2_r3_s2023
missing_rating,,,,an Ottoman tinned-copper ewer,"an Ottoman tinned-copper ewer with a reflective silver-toned tinned surface, tall curved spout, and chased tulip, cypress, and arabesque decoration",a Bosnian engraved-copper coffee ewer,"a Bosnian engraved-copper coffee ewer with a copper body, long curved spout, and hand-hammered rosette, star, and interlaced geometric motifs",,,,,,True,2023,pair_052_native_SS_g2_r3_s2023,pair_052,52,,,,,,False,3,sample_0577,2,pair_052_standalone_A_g2_r3_s2023,pair_052_standalone_B_g2_r3_s2023
no_consensus_shift,False,False,False,an Indonesian ikat textile panel,"an Indonesian ikat textile panel woven from resist-dyed threads with feathered edges, showing diamonds, ancestor figures, and rhythmic color bands",an Iban pua kumbu textile panel,"an Iban pua kumbu textile panel woven in warp ikat with deep red, black, and cream yarns, showing powerful hooked figures, spirit motifs, and mirrored geometric bands",3,2,True,True,True,True,3032,pair_068_native_SS_g3_r2_s3032,pair_068,68,4,4,False,True,True,True,2,sample_0578,3,pair_068_standalone_A_g3_r2_s3032,pair_068_standalone_B_g3_r2_s3032
missing_rating,,,,a German Meissen porcelain figurine,"a German Meissen porcelain figurine with modeled forms, painted in overglaze colors with gilded Rococo details",an Italian Capodimonte porcelain figurine,"an Italian Capodimonte porcelain figurine with modeled porcelain drapery and flowers, painted in pastel colors with theatrical Baroque gestures",,,,,,False,2023,pair_006_native_SS_g2_r3_s2023,pair_006,6,,,,,,True,3,sample_0579,2,pair_006_standalone_A_g2_r3_s2023,pair_006_standalone_B_g2_r3_s2023
missing_rating,,,,a Japanese raden lacquerware lidded box,"a Japanese raden lacquerware lidded box with deep black lacquer and iridescent mother-of-pearl shell inlay forming bird, flower, and geometric motifs",a Mexican Olinalá lacquerware lidded box,"a Mexican Olinalá lacquerware lidded box made from linaloe wood, with red, ochre, green, blue, and white floral and animal decoration and incised rayado patterns",,,,,,True,3031,pair_034_native_SS_g3_r1_s3031,pair_034,34,,,,,,False,1,sample_0580,3,pair_034_standalone_A_g3_r1_s3031,pair_034_standalone_B_g3_r1_s3031
missing_rating,,,,a Spanish Toledo damascened box,"a Spanish Toledo damascened box made of blackened steel inlaid with gold and silver, showing Moorish arabesques and geometric filigree patterns",a Japanese nunome-zōgan metal-inlay box,"a Japanese nunome-zōgan metal-inlay box made of dark iron overlaid with gold and silver textile-like inlay, showing waves, flowers, and geometric bands",,,,,,True,2023,pair_045_native_SS_g2_r3_s2023,pair_045,45,,,,,,False,3,sample_0581,2,pair_045_standalone_A_g2_r3_s2023,pair_045_standalone_B_g2_r3_s2023
missing_rating,,,,a Moroccan Fes ceramic bowl,"a Moroccan Fes ceramic bowl with a white glazed body painted in cobalt blue, green, and yellow, showing organized star, arabesque, and palmette motifs",an Algerian Kabyle pottery bowl,"an Algerian Kabyle pottery bowl made of hand-built earthenware with red, black, and white painted decoration, showing triangles, chevrons, and protective geometric signs",,,,,,True,1012,pair_018_native_SS_g1_r2_s1012,pair_018,18,,,,,,False,2,sample_0582,1,pair_018_standalone_A_g1_r2_s1012,pair_018_standalone_B_g1_r2_s1012
mixed_or_uncertain,True,False,True,an Indian kantha quilt,"an Indian kantha quilt made from layered cotton joined by running stitches, showing rippling lines, lotus flowers, animals, and narrative folk scenes",a Korean bojagi patchwork wrapping cloth,"a Korean bojagi patchwork wrapping cloth assembled from translucent or opaque fabric rectangles, showing asymmetrical geometric seams and jewel-toned color blocks",2,2,True,True,False,True,3033,pair_078_native_SS_g3_r3_s3033,pair_078,78,2,4,True,False,True,True,3,sample_0583,3,pair_078_standalone_A_g3_r3_s3033,pair_078_standalone_B_g3_r3_s3033
composition_mechanism_failure,True,False,True,a Moroccan engraved-brass tray,"a Moroccan engraved-brass tray with a polished brass surface densely chased with radiating stars, arabesques, and scalloped geometric borders",a Persian qalamzani copper tray,"a Persian qalamzani copper tray with a darkened chased copper surface, showing hunting scenes, birds, flowers, and concentric arabesque bands",3,2,True,True,False,True,2022,pair_051_native_SS_g2_r2_s2022,pair_051,51,3,4,True,True,True,True,2,sample_0584,2,pair_051_standalone_A_g2_r2_s2022,pair_051_standalone_B_g2_r2_s2022
no_consensus_shift,False,False,False,a Japanese maki-e lacquerware vase,"a Japanese maki-e lacquerware vase with deep black lacquer sprinkled with gold and silver powder, showing cranes, pine branches, and landscape motifs",a Vietnamese sơn mài lacquerware vase,"a Vietnamese sơn mài lacquerware vase with layered black, red, and gold lacquer polished to depth, showing stylized bamboo, village, and eggshell-inlay motifs",2,2,True,False,False,True,2022,pair_036_native_SS_g2_r2_s2022,pair_036,36,4,4,False,False,False,True,2,sample_0585,2,pair_036_standalone_A_g2_r2_s2022,pair_036_standalone_B_g2_r2_s2022
missing_rating,,,,a Mexican Mata Ortiz pottery jar,"a Mexican Mata Ortiz pottery jar with a thin-walled polished clay body and black-and-red painting, showing interlocking geometric and Mimbres-inspired animal motifs",a Serbian Zlakusa pottery jar,"a Serbian Zlakusa pottery jar made from clay mixed with ground calcite, showing a unglazed surface, rounded cooking-vessel form, and sparse incised bands",,,,,,False,2023,pair_025_native_SS_g2_r3_s2023,pair_025,25,,,,,,True,3,sample_0586,2,pair_025_standalone_A_g2_r3_s2023,pair_025_standalone_B_g2_r3_s2023
missing_rating,,,,a Persian floral carpet,"a Persian floral carpet with a wool pile and central medallion, showing curving vines, palmettes, and flowers in deep red, blue, and ivory",a Turkmen Tekke carpet,"a Turkmen Tekke carpet with a deep red wool pile and repeated octagonal guls, showing compact black, white, and dark-blue tribal geometry",,,,,,False,3031,pair_081_native_SS_g3_r1_s3031,pair_081,81,,,,,,True,1,sample_0587,3,pair_081_standalone_A_g3_r1_s3031,pair_081_standalone_B_g3_r1_s3031
missing_rating,,,,a Japanese raden lacquerware tray,"a Japanese raden lacquerware tray with deep black lacquer and iridescent mother-of-pearl shell inlay forming bird, flower, and geometric motifs",a Korean najeonchilgi lacquerware tray,"a Korean najeonchilgi lacquerware tray with black lacquer and mother-of-pearl inlay, showing chrysanthemum scrolls, cranes, and repeated geometric borders",,,,,,False,1012,pair_035_native_SS_g1_r2_s1012,pair_035,35,,,,,,False,2,sample_0588,1,pair_035_standalone_A_g1_r2_s1012,pair_035_standalone_B_g1_r2_s1012
missing_rating,,,,a Chinese Jun ware ceramic bowl,"a Chinese Jun ware ceramic bowl with a thick opalescent blue glaze and irregular purple splashes, showing a simple rounded form and pooled color",a Japanese Hagi ware tea bowl,"a Japanese Hagi ware tea bowl with a porous stoneware body and milky white crackled glaze, showing a irregular foot and ash-toned surface",,,,,,False,2022,pair_028_native_SS_g2_r2_s2022,pair_028,28,,,,,,False,2,sample_0589,2,pair_028_standalone_A_g2_r2_s2022,pair_028_standalone_B_g2_r2_s2022
mixed_or_uncertain,True,False,True,a Hungarian Matyó embroidery panel,"a Hungarian Matyó embroidery panel worked in red, pink, blue, yellow, and green thread, showing densely packed roses and curling floral sprays",a Slovak Detva embroidery panel,"a Slovak Detva embroidery panel worked in chain stitch and satin stitch, showing compact geometric flowers, hearts, and rhythmic folk borders",2,3,True,False,False,True,1012,pair_077_native_SS_g1_r2_s1012,pair_077,77,3,4,True,True,True,True,2,sample_0590,1,pair_077_standalone_A_g1_r2_s1012,pair_077_standalone_B_g1_r2_s1012
missing_rating,,,,an Indian Banarasi brocade sari,"an Indian Banarasi brocade sari woven in rich silk with gold zari, showing floral buta, scrolling vines, and elaborate architectural borders",a Bhutanese kushuthara silk kira,"a Bhutanese kushuthara silk kira woven in silk with supplementary-weft patterning, showing geometric flowers, diamonds, and horizontal bands",,,,,,True,2022,pair_063_native_SS_g2_r2_s2022,pair_063,63,,,,,,False,2,sample_0591,2,pair_063_standalone_A_g2_r2_s2022,pair_063_standalone_B_g2_r2_s2022
missing_rating,,,,a Japanese Raku tea bowl,"a Japanese Raku tea bowl with a hand-shaped low-fired body and irregular black glaze, showing a warped rim and tactile matte-to-gloss surface",a Korean buncheong tea bowl,"a Korean buncheong tea bowl made of gray stoneware brushed with white slip, showing stamped, incised, or freely painted decoration beneath a translucent glaze",,,,,,True,2022,pair_021_native_SS_g2_r2_s2022,pair_021,21,,,,,,False,2,sample_0592,2,pair_021_standalone_A_g2_r2_s2022,pair_021_standalone_B_g2_r2_s2022
mixed_or_uncertain,True,True,True,a Japanese Raku tea bowl,"a Japanese Raku tea bowl with a hand-shaped low-fired body and irregular black glaze, showing a warped rim and tactile matte-to-gloss surface",a Japanese Onta ware bowl,"a Japanese Onta ware bowl made of stoneware with slip-trailed and combed decoration, showing rhythmic white, brown, and ochre bands made by wheel techniques",2,1,True,True,False,True,3031,pair_019_native_SS_g3_r1_s3031,pair_019,19,3,2,True,False,False,True,1,sample_0593,3,pair_019_standalone_A_g3_r1_s3031,pair_019_standalone_B_g3_r1_s3031
knowledge_insufficiency,True,False,True,a Chinese cloisonné enamel plate,"a Chinese cloisonné enamel plate with turquoise and cobalt-blue enamel cells separated by gilded metal wires, showing lotus, cloud, and auspicious motifs",a French Limoges painted-enamel plate,"a French Limoges painted-enamel plate with opaque and translucent enamel painted over copper, showing Renaissance figures, grisaille shading, and jewel-toned borders",2,2,True,False,False,True,3032,pair_049_native_SS_g3_r2_s3032,pair_049,49,3,4,True,False,True,True,2,sample_0594,3,pair_049_standalone_A_g3_r2_s3032,pair_049_standalone_B_g3_r2_s3032
composition_mechanism_failure,True,True,True,a Japanese shippō cloisonné enamel box,"a Japanese shippō cloisonné enamel box with colored enamel cells divided by silver wires, showing chrysanthemums, butterflies, and graded pictorial grounds",a Russian Rostov finift painted-enamel box,"a Russian Rostov finift painted-enamel box with miniature enamel painting on a white metal-mounted plaque, showing delicate flowers, saints, or pastoral scenes in pastel colors",3,3,True,True,True,True,2021,pair_044_native_SS_g2_r1_s2021,pair_044,44,2,3,True,True,True,True,1,sample_0595,2,pair_044_standalone_A_g2_r1_s2021,pair_044_standalone_B_g2_r1_s2021
missing_rating,,,,an Ottoman İznik ceramic plate,"an Ottoman İznik ceramic plate with a white fritware body, cobalt blue, turquoise, emerald green, and raised bole-red painting, showing tulips, carnations, and saz leaves",an Armenian Kütahya ceramic plate,"an Armenian Kütahya ceramic plate with a white glazed body and blue, green, yellow, and red painting, showing rosettes, crosses, birds, and floral borders",,,,,,True,1012,pair_017_native_SS_g1_r2_s1012,pair_017,17,,,,,,False,2,sample_0596,1,pair_017_standalone_A_g1_r2_s1012,pair_017_standalone_B_g1_r2_s1012
missing_rating,,,,a Japanese silk kimono,"a Japanese silk kimono with a lustrous woven ground and dyed or embroidered decoration, showing cranes, cherry blossoms, water, and seasonal motifs",a Cambodian hol silk robe,"a Cambodian hol silk robe made from weft-ikat silk with feathered pattern edges, showing repeating lozenges, flowers, and temple-inspired motifs",,,,,,True,3032,pair_062_native_SS_g3_r2_s3032,pair_062,62,,,,,,False,2,sample_0597,3,pair_062_standalone_A_g3_r2_s3032,pair_062_standalone_B_g3_r2_s3032
missing_rating,,,,a Chinese celadon ceramic bowl,"a Chinese celadon ceramic bowl with translucent blue-green glaze, showing carved lotus petals beneath the glaze",a Vietnamese Lý–Trần celadon ceramic bowl,"a Vietnamese Lý–Trần celadon ceramic bowl with a pale jade-green glaze and lightly crackled surface, showing carved lotus petals and combed floral decoration",,,,,,True,3033,pair_010_native_SS_g3_r3_s3033,pair_010,10,,,,,,False,3,sample_0598,3,pair_010_standalone_A_g3_r3_s3033,pair_010_standalone_B_g3_r3_s3033
missing_rating,,,,a Mexican Otomi embroidery panel,"a Mexican Otomi embroidery panel worked in flat satin stitch on pale cotton, showing mirrored birds, deer, flowers, and fantastical animals",a Palestinian tatreez embroidery panel,"a Palestinian tatreez embroidery panel worked in red and multicolored cross-stitch, showing cypress trees, stars, feathers, and region-specific geometric motifs",,,,,,True,1012,pair_074_native_SS_g1_r2_s1012,pair_074,74,,,,,,False,2,sample_0599,1,pair_074_standalone_A_g1_r2_s1012,pair_074_standalone_B_g1_r2_s1012
missing_rating,,,,a Korean Goryeo celadon maebyeong vase,"a Korean Goryeo celadon maebyeong vase with a green celadon glaze and pale slip inlay, showing cranes, clouds, and chrysanthemum medallions",a Thai Sawankhalok celadon jar,"a Thai Sawankhalok celadon jar with an olive-green crackled glaze on a stoneware body, showing incised lotus petals and simple ring bands",,,,,,True,3033,pair_011_native_SS_g3_r3_s3033,pair_011,11,,,,,,False,3,sample_0600,3,pair_011_standalone_A_g3_r3_s3033,pair_011_standalone_B_g3_r3_s3033
missing_rating,,,,a Persian floral carpet,"a Persian floral carpet with a wool pile and central medallion, showing curving vines, palmettes, and flowers in deep red, blue, and ivory",a Turkmen Tekke carpet,"a Turkmen Tekke carpet with a deep red wool pile and repeated octagonal guls, showing compact black, white, and dark-blue tribal geometry",,,,,,True,2022,pair_081_native_SS_g2_r2_s2022,pair_081,81,,,,,,False,2,sample_0601,2,pair_081_standalone_A_g2_r2_s2022,pair_081_standalone_B_g2_r2_s2022
missing_rating,,,,a Moroccan Beni Ourain wool rug,"a Moroccan Beni Ourain wool rug with a thick cream wool pile and sparse dark-brown lines, showing large asymmetrical diamonds and open geometric spacing",a Ukrainian Hutsul lizhnyk wool rug,"a Ukrainian Hutsul lizhnyk wool rug with a shaggy woven wool surface in gray, cream, brown, and muted color, showing stepped diamonds and rhythmic zigzag bands",,,,,,True,1011,pair_084_native_SS_g1_r1_s1011,pair_084,84,,,,,,False,1,sample_0602,1,pair_084_standalone_A_g1_r1_s1011,pair_084_standalone_B_g1_r1_s1011
missing_rating,,,,a Persian silver-filigree box,"a Persian silver-filigree box with delicate silver wire scrollwork forming an airy surface, showing repeated palmettes, rosettes, and geometric borders",a Yemeni silver-filigree box,"a Yemeni silver-filigree box with twisted silver wire, granulation, and applied bosses, showing compact geometric and amuletic patterns",,,,,,False,1012,pair_053_native_SS_g1_r2_s1012,pair_053,53,,,,,,True,2,sample_0603,1,pair_053_standalone_A_g1_r2_s1012,pair_053_standalone_B_g1_r2_s1012
missing_rating,,,,a Russian Fabergé-style guilloché enamel box,"a Russian Fabergé-style guilloché enamel box with translucent enamel over machine-engraved radiating patterns, showing pastel color fields, gold mounts, and jeweled accents",an Indian Jaipur meenakari enamel box,"an Indian Jaipur meenakari enamel box with opaque red, green, blue, and white enamel on gilded metal, showing peacocks, flowers, and scrolling foliage",,,,,,False,3032,pair_043_native_SS_g3_r2_s3032,pair_043,43,,,,,,True,2,sample_0604,3,pair_043_standalone_A_g3_r2_s3032,pair_043_standalone_B_g3_r2_s3032
missing_rating,,,,a Moroccan Safi pottery vase,"a Moroccan Safi pottery vase with a glazed earthenware body painted in blue, green, yellow, and brown, showing arabesques and floral medallions",a Tunisian Nabeul pottery vase,"a Tunisian Nabeul pottery vase with a white glazed body painted in cobalt blue, turquoise, yellow, and green, showing fish, flowers, and Mediterranean geometric borders",,,,,,True,2023,pair_026_native_SS_g2_r3_s2023,pair_026,26,,,,,,False,3,sample_0605,2,pair_026_standalone_A_g2_r3_s2023,pair_026_standalone_B_g2_r3_s2023
mixed_or_uncertain,False,True,True,a Chinese lacquered folding screen,"a Chinese lacquered folding screen with deep black lacquer, gilded outlines, and carved or painted garden scenes showing pavilions, birds, and flowering trees",a Vietnamese sơn mài lacquer screen,"a Vietnamese sơn mài lacquer screen with layered black, red, and gold lacquer polished to depth, showing stylized village scenes, bamboo, and eggshell inlay",3,2,True,False,False,True,2021,pair_040_native_SS_g2_r1_s2021,pair_040,40,5,4,True,True,True,True,1,sample_0606,2,pair_040_standalone_A_g2_r1_s2021,pair_040_standalone_B_g2_r1_s2021
missing_rating,,,,a Chinese carved cinnabar-lacquer box,"a Chinese carved cinnabar-lacquer box with thick vermilion lacquer carved in deep relief, showing peonies, dragons, and layered landscape scenes over geometric grounds",a Bhutanese lacquered wooden box,"a Bhutanese lacquered wooden box with a red or black lacquer surface, showing hand-painted lotus petals, cloud bands, and Buddhist auspicious motifs",,,,,,False,2022,pair_033_native_SS_g2_r2_s2022,pair_033,33,,,,,,True,2,sample_0607,2,pair_033_standalone_A_g2_r2_s2022,pair_033_standalone_B_g2_r2_s2022
missing_rating,,,,a Chinese sancai glazed ceramic jar,"a Chinese sancai glazed ceramic jar with amber, green, and cream lead glazes over a rounded earthenware body, showing drips and molded relief bands",a Peruvian Chulucanas pottery jar,"a Peruvian Chulucanas pottery jar with a burnished clay surface in black, cream, and brown, showing negative-painted geometric bands and abstract figures",,,,,,True,3032,pair_022_native_SS_g3_r2_s3032,pair_022,22,,,,,,False,2,sample_0608,3,pair_022_standalone_A_g3_r2_s3032,pair_022_standalone_B_g3_r2_s3032
missing_rating,,,,a Japanese maki-e lacquerware tray,"a Japanese maki-e lacquerware tray with deep black lacquer sprinkled with gold and silver powder, showing cranes, pine branches, and landscape motifs",a Burmese shwe zawa lacquerware tray,"a Burmese shwe zawa lacquerware tray with a black lacquer ground and engraved gold-leaf decoration, showing courtly figures, mythical animals, and filled borders",,,,,,True,1013,pair_032_native_SS_g1_r3_s1013,pair_032,32,,,,,,False,3,sample_0609,1,pair_032_standalone_A_g1_r3_s1013,pair_032_standalone_B_g1_r3_s1013
missing_rating,,,,a Polish Bolesławiec stoneware jug,"a Polish Bolesławiec stoneware jug with a cream glazed body stamped in cobalt blue, showing repeated dots, peacock-eye rosettes, and circular folk patterns",a Bulgarian Troyan pottery jug,"a Bulgarian Troyan pottery jug with a dark glazed earthenware body and feathered slip decoration, showing brown, green, yellow, and cream wave patterns",,,,,,True,1011,pair_020_native_SS_g1_r1_s1011,pair_020,20,,,,,,False,1,sample_0610,1,pair_020_standalone_A_g1_r1_s1011,pair_020_standalone_B_g1_r1_s1011
mixed_or_uncertain,False,True,True,a Chinese blue-and-white porcelain vase,"a Chinese blue-and-white porcelain vase with cobalt-blue underglaze painting, showing Chinese landscape, lotus, and scrolling-cloud motifs",a Vietnamese Bát Tràng blue-and-white ceramic vase,"a Vietnamese Bát Tràng blue-and-white ceramic vase with cobalt-blue hand-painted decoration on pale glaze, showing stylized lotus, fish, and scrolling foliage",4,3,True,True,False,True,2022,pair_001_native_SS_g2_r2_s2022,pair_001,1,5,3,True,True,True,True,2,sample_0611,2,pair_001_standalone_A_g2_r2_s2022,pair_001_standalone_B_g2_r2_s2022
missing_rating,,,,an Indonesian ikat textile panel,"an Indonesian ikat textile panel woven from resist-dyed threads with feathered edges, showing diamonds, ancestor figures, and rhythmic color bands",an Iban pua kumbu textile panel,"an Iban pua kumbu textile panel woven in warp ikat with deep red, black, and cream yarns, showing powerful hooked figures, spirit motifs, and mirrored geometric bands",,,,,,True,1011,pair_068_native_SS_g1_r1_s1011,pair_068,68,,,,,,False,1,sample_0612,1,pair_068_standalone_A_g1_r1_s1011,pair_068_standalone_B_g1_r1_s1011
composition_mechanism_failure,True,True,True,an Indonesian ikat textile panel,"an Indonesian ikat textile panel woven from resist-dyed threads with feathered edges, showing diamonds, ancestor figures, and rhythmic color bands",an Iban pua kumbu textile panel,"an Iban pua kumbu textile panel woven in warp ikat with deep red, black, and cream yarns, showing powerful hooked figures, spirit motifs, and mirrored geometric bands",3,2,True,True,True,True,1012,pair_068_native_SS_g1_r2_s1012,pair_068,68,2,2,True,True,True,True,2,sample_0613,1,pair_068_standalone_A_g1_r2_s1012,pair_068_standalone_B_g1_r2_s1012
missing_rating,,,,a Japanese maki-e lacquerware box,"a Japanese maki-e lacquerware box with deep black lacquer sprinkled with gold and silver powder, showing cranes, pine branches, and landscape motifs",a Thai lai rod nam lacquerware box,"a Thai lai rod nam lacquerware box with black lacquer covered by gold-leaf resist decoration, showing flame, deity, and scrolling vegetal patterns",,,,,,False,1011,pair_031_native_SS_g1_r1_s1011,pair_031,31,,,,,,False,1,sample_0614,1,pair_031_standalone_A_g1_r1_s1011,pair_031_standalone_B_g1_r1_s1011
no_consensus_shift,False,False,False,a Tibetan silver ritual box,"a Tibetan silver ritual box with repoussé silver, turquoise settings, and gilded details, showing lotus petals, cloud scrolls, and Buddhist auspicious symbols",a Balkan silver-filigree reliquary box,"a Balkan silver-filigree reliquary box with twisted silver wire and granulated bosses, showing crosses, rosettes, and compact geometric latticework",2,2,True,True,False,True,2021,pair_059_native_SS_g2_r1_s2021,pair_059,59,4,4,False,True,True,True,1,sample_0615,2,pair_059_standalone_A_g2_r1_s2021,pair_059_standalone_B_g2_r1_s2021
missing_rating,,,,a Chinese blue-and-white porcelain plate,"a Chinese blue-and-white porcelain plate with cobalt-blue underglaze painting, showing Chinese landscape, lotus, and scrolling-cloud motifs",a Japanese Nabeshima porcelain plate,"a Japanese Nabeshima porcelain plate with underglaze-blue outlines and sparse overglaze color, showing asymmetrical flowers, textiles, and geometric border motifs",,,,,,False,2021,pair_002_native_SS_g2_r1_s2021,pair_002,2,,,,,,True,1,sample_0616,2,pair_002_standalone_A_g2_r1_s2021,pair_002_standalone_B_g2_r1_s2021
missing_rating,,,,a Japanese shippō cloisonné enamel box,"a Japanese shippō cloisonné enamel box with colored enamel cells divided by silver wires, showing chrysanthemums, butterflies, and graded pictorial grounds",a Russian Rostov finift painted-enamel box,"a Russian Rostov finift painted-enamel box with miniature enamel painting on a white metal-mounted plaque, showing delicate flowers, saints, or pastoral scenes in pastel colors",,,,,,True,2022,pair_044_native_SS_g2_r2_s2022,pair_044,44,,,,,,False,2,sample_0617,2,pair_044_standalone_A_g2_r2_s2022,pair_044_standalone_B_g2_r2_s2022
missing_rating,,,,a Moroccan Safi pottery vase,"a Moroccan Safi pottery vase with a glazed earthenware body painted in blue, green, yellow, and brown, showing arabesques and floral medallions",a Tunisian Nabeul pottery vase,"a Tunisian Nabeul pottery vase with a white glazed body painted in cobalt blue, turquoise, yellow, and green, showing fish, flowers, and Mediterranean geometric borders",,,,,,False,1012,pair_026_native_SS_g1_r2_s1012,pair_026,26,,,,,,True,2,sample_0618,1,pair_026_standalone_A_g1_r2_s1012,pair_026_standalone_B_g1_r2_s1012
missing_rating,,,,a Chinese bronze ritual bowl,"a Chinese bronze ritual bowl with a dark patinated bronze surface and cast relief, showing taotie-like masks, leiwen spirals, and symmetrical handles",a Korean bangjja bronze bowl,"a Korean bangjja bronze bowl made of hand-hammered bronze with a golden surface, showing a clean resonant form, hammer marks, and minimal ornament",,,,,,False,2022,pair_060_native_SS_g2_r2_s2022,pair_060,60,,,,,,True,2,sample_0619,2,pair_060_standalone_A_g2_r2_s2022,pair_060_standalone_B_g2_r2_s2022
mixed_or_uncertain,False,True,True,a Japanese Imari porcelain plate,"a Japanese Imari porcelain plate with cobalt-blue underglaze and iron-red and gold overglaze decoration, showing radial floral panels and patterned reserves",a Japanese Kutani porcelain plate,"a Japanese Kutani porcelain plate with polychrome overglaze enamels in green, yellow, red, purple, and blue, showing floral and landscape panels",3,2,True,False,False,True,2022,pair_005_native_SS_g2_r2_s2022,pair_005,5,4,3,True,True,True,True,2,sample_0620,2,pair_005_standalone_A_g2_r2_s2022,pair_005_standalone_B_g2_r2_s2022
missing_rating,,,,a French Sèvres porcelain vase,"a French Sèvres porcelain vase with a bleu-céleste ground, gilded bronze-like ornament, and painted floral or courtly reserve panels",a Russian Imperial Porcelain cobalt-net vase,"a Russian Imperial Porcelain cobalt-net vase with cobalt-blue lattice, gold intersections, and radiating rosette motifs",,,,,,True,3031,pair_007_native_SS_g3_r1_s3031,pair_007,7,,,,,,False,1,sample_0621,3,pair_007_standalone_A_g3_r1_s3031,pair_007_standalone_B_g3_r1_s3031
missing_rating,,,,a Moroccan tooled-leather box,"a Moroccan tooled-leather box covered in brown leather with stamped and painted ornament, showing stars, arabesques, and scalloped geometric borders",a Tuareg tooled-leather box,"a Tuareg tooled-leather box covered in dark leather with incised and colored decoration, showing triangles, crosses, zigzags, and applied metal studs",,,,,,False,1013,pair_096_native_SS_g1_r3_s1013,pair_096,96,,,,,,False,3,sample_0622,1,pair_096_standalone_A_g1_r3_s1013,pair_096_standalone_B_g1_r3_s1013
missing_rating,,,,a Mexican Taxco silver bowl,"a Mexican Taxco silver bowl with a polished hand-hammered silver surface and modern curves, showing geometric or pre-Columbian-inspired accents",an Indonesian Kotagede silver bowl,"an Indonesian Kotagede silver bowl with a oxidized silver surface worked in repoussé and filigree, showing lotus scrolls, vines, and stippled grounds",,,,,,False,3031,pair_054_native_SS_g3_r1_s3031,pair_054,54,,,,,,True,1,sample_0623,3,pair_054_standalone_A_g3_r1_s3031,pair_054_standalone_B_g3_r1_s3031
missing_rating,,,,a Persian minakari enamel plate,"a Persian minakari enamel plate with blue, turquoise, red, and white enamel over copper, showing floral arabesques and central medallions",a Georgian Minankari enamel plate,"a Georgian Minankari enamel plate with translucent jewel-toned enamel over engraved silver, showing compact flowers, birds, and scrolling vines outlined by metalwork",,,,,,True,2022,pair_050_native_SS_g2_r2_s2022,pair_050,50,,,,,,False,2,sample_0624,2,pair_050_standalone_A_g2_r2_s2022,pair_050_standalone_B_g2_r2_s2022
no_consensus_shift,False,False,False,a Mexican Otomi embroidered blouse,"a Mexican Otomi embroidered blouse worked in flat satin stitch, showing mirrored birds, deer, flowers, and fantastical animals around the neckline and sleeves",a Guatemalan huipil blouse,"a Guatemalan huipil blouse woven and embroidered in colors, showing diamonds, birds, maize, and community-specific geometric bands",3,3,True,True,True,True,2021,pair_075_native_SS_g2_r1_s2021,pair_075,75,4,5,False,True,True,True,1,sample_0625,2,pair_075_standalone_A_g2_r1_s2021,pair_075_standalone_B_g2_r1_s2021
missing_rating,,,,a Japanese maki-e lacquerware box,"a Japanese maki-e lacquerware box with deep black lacquer sprinkled with gold and silver powder, showing cranes, pine branches, and landscape motifs",a Thai lai rod nam lacquerware box,"a Thai lai rod nam lacquerware box with black lacquer covered by gold-leaf resist decoration, showing flame, deity, and scrolling vegetal patterns",,,,,,False,3032,pair_031_native_SS_g3_r2_s3032,pair_031,31,,,,,,False,2,sample_0626,3,pair_031_standalone_A_g3_r2_s3032,pair_031_standalone_B_g3_r2_s3032
mixed_or_uncertain,True,True,True,an Indonesian batik textile panel,"an Indonesian batik textile panel with wax-resist dyeing in indigo, brown, and cream, showing parang diagonals, kawung rosettes, and densely repeated floral motifs",a Japanese katazome textile panel,"a Japanese katazome textile panel with stencil-resist dyeing on cotton in indigo and white, showing waves, chrysanthemums, birds, and repeating geometric motifs",2,3,True,False,False,True,3033,pair_072_native_SS_g3_r3_s3033,pair_072,72,3,3,True,True,True,True,3,sample_0627,3,pair_072_standalone_A_g3_r3_s3033,pair_072_standalone_B_g3_r3_s3033
no_consensus_shift,False,False,False,a Chinese silk-brocade robe,"a Chinese silk-brocade robe woven with colored silk and gold thread, showing dragons, clouds, waves, and organized auspicious emblems",an Assamese muga-silk robe,"an Assamese muga-silk robe woven from naturally golden silk with red, green, and black supplementary motifs, showing stylized flowers and geometric borders",4,2,True,True,False,True,3032,pair_066_native_SS_g3_r2_s3032,pair_066,66,5,5,False,True,True,True,2,sample_0628,3,pair_066_standalone_A_g3_r2_s3032,pair_066_standalone_B_g3_r2_s3032
missing_rating,,,,a Japanese raden lacquerware lidded box,"a Japanese raden lacquerware lidded box with deep black lacquer and iridescent mother-of-pearl shell inlay forming bird, flower, and geometric motifs",a Mexican Olinalá lacquerware lidded box,"a Mexican Olinalá lacquerware lidded box made from linaloe wood, with red, ochre, green, blue, and white floral and animal decoration and incised rayado patterns",,,,,,True,1011,pair_034_native_SS_g1_r1_s1011,pair_034,34,,,,,,False,1,sample_0629,1,pair_034_standalone_A_g1_r1_s1011,pair_034_standalone_B_g1_r1_s1011
missing_rating,,,,a Chinese lacquered folding screen,"a Chinese lacquered folding screen with deep black lacquer, gilded outlines, and carved or painted garden scenes showing pavilions, birds, and flowering trees",a Vietnamese sơn mài lacquer screen,"a Vietnamese sơn mài lacquer screen with layered black, red, and gold lacquer polished to depth, showing stylized village scenes, bamboo, and eggshell inlay",,,,,,True,2022,pair_040_native_SS_g2_r2_s2022,pair_040,40,,,,,,False,2,sample_0630,2,pair_040_standalone_A_g2_r2_s2022,pair_040_standalone_B_g2_r2_s2022
missing_rating,,,,a Japanese maki-e lacquerware vase,"a Japanese maki-e lacquerware vase with deep black lacquer sprinkled with gold and silver powder, showing cranes, pine branches, and landscape motifs",a Vietnamese sơn mài lacquerware vase,"a Vietnamese sơn mài lacquerware vase with layered black, red, and gold lacquer polished to depth, showing stylized bamboo, village, and eggshell-inlay motifs",,,,,,True,2023,pair_036_native_SS_g2_r3_s2023,pair_036,36,,,,,,False,3,sample_0631,2,pair_036_standalone_A_g2_r3_s2023,pair_036_standalone_B_g2_r3_s2023
no_consensus_shift,False,False,False,a Mexican Talavera de Puebla plate,"a Mexican Talavera de Puebla plate with opaque white tin glaze, decorated with cobalt-blue, yellow, green, and orange painted floral and geometric bands",a Romanian Horezu pottery plate,"a Romanian Horezu pottery plate made of glazed earthenware with combed slip decoration, showing brown, green, blue, and ochre spirals, rosettes, and the Horezu rooster",5,1,True,True,False,True,3032,pair_016_native_SS_g3_r2_s3032,pair_016,16,5,5,False,True,True,True,2,sample_0632,3,pair_016_standalone_A_g3_r2_s3032,pair_016_standalone_B_g3_r2_s3032
missing_rating,,,,an Indian Banarasi brocade sari,"an Indian Banarasi brocade sari woven in rich silk with gold zari, showing floral buta, scrolling vines, and elaborate architectural borders",a Bhutanese kushuthara silk kira,"a Bhutanese kushuthara silk kira woven in silk with supplementary-weft patterning, showing geometric flowers, diamonds, and horizontal bands",,,,,,True,1013,pair_063_native_SS_g1_r3_s1013,pair_063,63,,,,,,False,3,sample_0633,1,pair_063_standalone_A_g1_r3_s1013,pair_063_standalone_B_g1_r3_s1013
missing_rating,,,,a Chinese cloisonné enamel plate,"a Chinese cloisonné enamel plate with turquoise and cobalt-blue enamel cells separated by gilded metal wires, showing lotus, cloud, and auspicious motifs",a French Limoges painted-enamel plate,"a French Limoges painted-enamel plate with opaque and translucent enamel painted over copper, showing Renaissance figures, grisaille shading, and jewel-toned borders",,,,,,False,3031,pair_049_native_SS_g3_r1_s3031,pair_049,49,,,,,,True,1,sample_0634,3,pair_049_standalone_A_g3_r1_s3031,pair_049_standalone_B_g3_r1_s3031
missing_rating,,,,an Italian Renaissance maiolica vase,"an Italian Renaissance maiolica vase with opaque white tin glaze, painted in cobalt blue, ochre yellow, copper green, and manganese purple with a figurative medallion and scrolling foliage",a Spanish Manises lusterware vase,"a Spanish Manises lusterware vase made of tin-glazed earthenware with coppery metallic luster, showing cobalt-blue vines, heraldic shields, and repeating leaf motifs",,,,,,False,3031,pair_015_native_SS_g3_r1_s3031,pair_015,15,,,,,,False,1,sample_0635,3,pair_015_standalone_A_g3_r1_s3031,pair_015_standalone_B_g3_r1_s3031
missing_rating,,,,a Moroccan geometric wool rug,"a Moroccan geometric wool rug with a hand-knotted or flat-woven wool surface, showing diamonds, zigzags, and irregular bands in earth colors",an Afghan Baluch wool rug,"an Afghan Baluch wool rug with a dark wool pile in deep red, brown, navy, and ivory, showing repeated prayer niches, hooked medallions, and compact tribal borders",,,,,,False,3033,pair_090_native_SS_g3_r3_s3033,pair_090,90,,,,,,False,3,sample_0636,3,pair_090_standalone_A_g3_r3_s3033,pair_090_standalone_B_g3_r3_s3033
composition_mechanism_failure,False,True,True,a Bohemian cut-glass vase,"a Bohemian cut-glass vase made from clear or ruby-overlaid crystal with deep wheel-cut facets, showing stars, fans, and sharply sparkling geometric panels",a Czech Železný Brod art-glass vase,"a Czech Železný Brod art-glass vase made from hand-shaped colored glass with clean modern curves, showing layered transparent tones, internal bubbles, and sculptural forms",4,2,True,True,True,True,3031,pair_092_native_SS_g3_r1_s3031,pair_092,92,4,3,True,True,True,True,1,sample_0637,3,pair_092_standalone_A_g3_r1_s3031,pair_092_standalone_B_g3_r1_s3031
missing_rating,,,,a Japanese Tsugaru-nuri lacquerware box,"a Japanese Tsugaru-nuri lacquerware box with many polished lacquer layers forming mottled red, black, yellow, and green patterns across a geometric form",a Kashmiri papier-mâché lacquer box,"a Kashmiri papier-mâché lacquer box with a lacquered paper-pulp body painted in gold and jewel colors, showing chinar leaves, flowers, and arabesques",,,,,,False,3031,pair_039_native_SS_g3_r1_s3031,pair_039,39,,,,,,True,1,sample_0638,3,pair_039_standalone_A_g3_r1_s3031,pair_039_standalone_B_g3_r1_s3031
composition_mechanism_failure,False,True,True,an Indian Banarasi brocade textile panel,"an Indian Banarasi brocade textile panel woven in rich silk with gold zari, showing floral buta, scrolling vines, and elaborate architectural borders",a Turkmen keteni silk textile panel,"a Turkmen keteni silk textile panel woven in narrow bands of red, yellow, green, and purple silk, showing stripes and geometric accents",4,2,True,True,True,True,1012,pair_064_native_SS_g1_r2_s1012,pair_064,64,4,3,True,True,True,True,2,sample_0639,1,pair_064_standalone_A_g1_r2_s1012,pair_064_standalone_B_g1_r2_s1012
no_consensus_shift,False,False,False,a Mexican Mata Ortiz pottery jar,"a Mexican Mata Ortiz pottery jar with a thin-walled polished clay body and black-and-red painting, showing interlocking geometric and Mimbres-inspired animal motifs",a Serbian Zlakusa pottery jar,"a Serbian Zlakusa pottery jar made from clay mixed with ground calcite, showing a unglazed surface, rounded cooking-vessel form, and sparse incised bands",3,2,True,True,False,True,3031,pair_025_native_SS_g3_r1_s3031,pair_025,25,4,4,False,True,True,True,1,sample_0640,3,pair_025_standalone_A_g3_r1_s3031,pair_025_standalone_B_g3_r1_s3031
missing_rating,,,,a Japanese Tsugaru-nuri lacquerware box,"a Japanese Tsugaru-nuri lacquerware box with many polished lacquer layers forming mottled red, black, yellow, and green patterns across a geometric form",a Kashmiri papier-mâché lacquer box,"a Kashmiri papier-mâché lacquer box with a lacquered paper-pulp body painted in gold and jewel colors, showing chinar leaves, flowers, and arabesques",,,,,,True,2023,pair_039_native_SS_g2_r3_s2023,pair_039,39,,,,,,False,3,sample_0641,2,pair_039_standalone_A_g2_r3_s2023,pair_039_standalone_B_g2_r3_s2023
missing_rating,,,,a Japanese Raku tea bowl,"a Japanese Raku tea bowl with a hand-shaped low-fired body and irregular black glaze, showing a warped rim and tactile matte-to-gloss surface",a Japanese Onta ware bowl,"a Japanese Onta ware bowl made of stoneware with slip-trailed and combed decoration, showing rhythmic white, brown, and ochre bands made by wheel techniques",,,,,,True,1012,pair_019_native_SS_g1_r2_s1012,pair_019,19,,,,,,False,2,sample_0642,1,pair_019_standalone_A_g1_r2_s1012,pair_019_standalone_B_g1_r2_s1012
missing_rating,,,,a Japanese maki-e lacquerware vase,"a Japanese maki-e lacquerware vase with deep black lacquer sprinkled with gold and silver powder, showing cranes, pine branches, and landscape motifs",a Vietnamese sơn mài lacquerware vase,"a Vietnamese sơn mài lacquerware vase with layered black, red, and gold lacquer polished to depth, showing stylized bamboo, village, and eggshell-inlay motifs",,,,,,True,3033,pair_036_native_SS_g3_r3_s3033,pair_036,36,,,,,,False,3,sample_0643,3,pair_036_standalone_A_g3_r3_s3033,pair_036_standalone_B_g3_r3_s3033
missing_rating,,,,a Spanish Toledo damascened vase,"a Spanish Toledo damascened vase made of blackened steel inlaid with gold and silver, showing Moorish arabesques and geometric filigree patterns",a Korean ipsa metal-inlay vase,"a Korean ipsa metal-inlay vase made of dark patinated metal inlaid with silver wire, showing cranes, clouds, and sparse linear landscape motifs",,,,,,True,1012,pair_046_native_SS_g1_r2_s1012,pair_046,46,,,,,,False,2,sample_0644,1,pair_046_standalone_A_g1_r2_s1012,pair_046_standalone_B_g1_r2_s1012
composition_mechanism_failure,True,True,True,a Japanese shippō cloisonné enamel box,"a Japanese shippō cloisonné enamel box with colored enamel cells divided by silver wires, showing chrysanthemums, butterflies, and graded pictorial grounds",a Russian Rostov finift painted-enamel box,"a Russian Rostov finift painted-enamel box with miniature enamel painting on a white metal-mounted plaque, showing delicate flowers, saints, or pastoral scenes in pastel colors",3,2,True,True,True,True,3031,pair_044_native_SS_g3_r1_s3031,pair_044,44,2,2,True,True,True,True,1,sample_0645,3,pair_044_standalone_A_g3_r1_s3031,pair_044_standalone_B_g3_r1_s3031
missing_rating,,,,a Japanese Imari porcelain jar,"a Japanese Imari porcelain jar with cobalt-blue underglaze and iron-red and gold overglaze decoration, showing floral panels and patterned reserves",a Korean Joseon iron-painted porcelain jar,"a Korean Joseon iron-painted porcelain jar with freely brushed iron-brown decoration on white porcelain, showing dragons, bamboo, or abbreviated floral motifs",,,,,,True,3031,pair_004_native_SS_g3_r1_s3031,pair_004,4,,,,,,False,1,sample_0646,3,pair_004_standalone_A_g3_r1_s3031,pair_004_standalone_B_g3_r1_s3031
missing_rating,,,,an Italian tooled-leather wall panel,"an Italian tooled-leather wall panel made from embossed and gilded leather, showing scrolling acanthus leaves, heraldic forms, and brown-and-gold relief",a Spanish Córdoba guadamecí leather panel,"a Spanish Córdoba guadamecí leather panel made from silvered, painted, and embossed leather, showing Renaissance arabesques, flowers, and richly colored metallic relief",,,,,,False,1013,pair_097_native_SS_g1_r3_s1013,pair_097,97,,,,,,True,3,sample_0647,1,pair_097_standalone_A_g1_r3_s1013,pair_097_standalone_B_g1_r3_s1013
no_consensus_shift,False,False,False,a Ghanaian kente cloth,"a Ghanaian kente cloth woven in narrow strips of silk or rayon, showing alternating geometric blocks in gold, green, red, blue, and black",a Bhutanese yathra wool textile,"a Bhutanese yathra wool textile woven in thick colored wool with supplementary-weft motifs, showing repeating diamonds, flowers, and horizontal geometric bands",3,3,True,True,True,True,1013,pair_080_native_SS_g1_r3_s1013,pair_080,80,5,5,False,True,True,True,3,sample_0648,1,pair_080_standalone_A_g1_r3_s1013,pair_080_standalone_B_g1_r3_s1013
composition_mechanism_failure,True,False,True,a Moroccan Fes ceramic bowl,"a Moroccan Fes ceramic bowl with a white glazed body painted in cobalt blue, green, and yellow, showing organized star, arabesque, and palmette motifs",an Algerian Kabyle pottery bowl,"an Algerian Kabyle pottery bowl made of hand-built earthenware with red, black, and white painted decoration, showing triangles, chevrons, and protective geometric signs",2,4,True,True,False,True,2021,pair_018_native_SS_g2_r1_s2021,pair_018,18,3,3,True,True,True,True,1,sample_0649,2,pair_018_standalone_A_g2_r1_s2021,pair_018_standalone_B_g2_r1_s2021
missing_rating,,,,a Chinese Longquan celadon vase,"a Chinese Longquan celadon vase with a thick translucent sea-green glaze over a balanced stoneware form, showing carved lotus petals and defined ridges",a Thai Si Satchanalai celadon vase,"a Thai Si Satchanalai celadon vase with an olive-green crackled glaze over gray stoneware, showing incised lotus petals, ring bands, and a high-shouldered profile",,,,,,True,2022,pair_030_native_SS_g2_r2_s2022,pair_030,30,,,,,,False,2,sample_0650,2,pair_030_standalone_A_g2_r2_s2022,pair_030_standalone_B_g2_r2_s2022
missing_rating,,,,an Indonesian ikat textile panel,"an Indonesian ikat textile panel woven from resist-dyed threads with feathered edges, showing diamonds, ancestor figures, and rhythmic color bands",a Sumbanese hinggi textile panel,"a Sumbanese hinggi textile panel woven in warp ikat with indigo, rust red, and cream, showing horses, roosters, skull trees, and large heraldic figures",,,,,,False,1011,pair_069_native_SS_g1_r1_s1011,pair_069,69,,,,,,True,1,sample_0651,1,pair_069_standalone_A_g1_r1_s1011,pair_069_standalone_B_g1_r1_s1011
no_consensus_shift,False,False,False,a Russian brass samovar,"a Russian brass samovar with a polished urn-shaped body, side handles, and ornate spigot, showing engraved floral bands and architectural details",an Iranian Qajar brass samovar,"an Iranian Qajar brass samovar with a tall faceted brass body, curved handles, and engraved panels showing birds, flowers, and courtly motifs",3,3,True,False,False,True,3033,pair_058_native_SS_g3_r3_s3033,pair_058,58,4,5,False,True,True,True,3,sample_0652,3,pair_058_standalone_A_g3_r3_s3033,pair_058_standalone_B_g3_r3_s3033
mixed_or_uncertain,True,True,True,an Indonesian ikat textile panel,"an Indonesian ikat textile panel woven from resist-dyed threads with feathered edges, showing diamonds, ancestor figures, and rhythmic color bands",a Sumbanese hinggi textile panel,"a Sumbanese hinggi textile panel woven in warp ikat with indigo, rust red, and cream, showing horses, roosters, skull trees, and large heraldic figures",3,2,True,True,False,True,3033,pair_069_native_SS_g3_r3_s3033,pair_069,69,2,2,True,True,True,True,3,sample_0653,3,pair_069_standalone_A_g3_r3_s3033,pair_069_standalone_B_g3_r3_s3033
missing_rating,,,,a Chinese cloisonné vase,"a Chinese cloisonné vase with turquoise and cobalt-blue enamel cells separated by gilded metal wires, showing lotus, cloud, and auspicious motifs",a Georgian Minankari enamel vase,"a Georgian Minankari enamel vase with translucent jewel-toned enamel over engraved silver, showing compact flowers, birds, and scrolling vines outlined by metalwork",,,,,,True,2023,pair_041_native_SS_g2_r3_s2023,pair_041,41,,,,,,False,3,sample_0654,2,pair_041_standalone_A_g2_r3_s2023,pair_041_standalone_B_g2_r3_s2023
composition_mechanism_failure,False,True,True,a Scottish tartan wool blanket,"a Scottish tartan wool blanket woven in colored wool with intersecting horizontal and vertical stripes, forming a balanced repeating clan-associated check pattern",a Swedish rya wool rug,"a Swedish rya wool rug with a long wool pile and woven backing, showing geometric diamonds, stripes, and abstract color fields",4,3,True,True,True,True,2023,pair_087_native_SS_g2_r3_s2023,pair_087,87,4,3,True,True,True,True,3,sample_0655,2,pair_087_standalone_A_g2_r3_s2023,pair_087_standalone_B_g2_r3_s2023
knowledge_insufficiency,False,True,True,a Chinese black-lacquer wooden bowl,"a Chinese black-lacquer wooden bowl with a deep-black lacquer surface and red or gold linear decoration, showing a thin balanced profile",a Burmese yun lacquerware bowl,"a Burmese yun lacquerware bowl with black lacquer incised and filled with red, green, and yellow pigments, showing zodiac figures and geometric bands",3,2,True,True,False,True,1012,pair_037_native_SS_g1_r2_s1012,pair_037,37,4,3,True,True,False,True,2,sample_0656,1,pair_037_standalone_A_g1_r2_s1012,pair_037_standalone_B_g1_r2_s1012
missing_rating,,,,an Indonesian ikat textile panel,"an Indonesian ikat textile panel woven from resist-dyed threads with feathered edges, showing diamonds, ancestor figures, and rhythmic color bands",an Iban pua kumbu textile panel,"an Iban pua kumbu textile panel woven in warp ikat with deep red, black, and cream yarns, showing powerful hooked figures, spirit motifs, and mirrored geometric bands",,,,,,True,3031,pair_068_native_SS_g3_r1_s3031,pair_068,68,,,,,,False,1,sample_0657,3,pair_068_standalone_A_g3_r1_s3031,pair_068_standalone_B_g3_r1_s3031
missing_rating,,,,a Russian Khokhloma painted wooden bowl,"a Russian Khokhloma painted wooden bowl with a black and gold ground painted in red, showing curling berries, leaves, and sweeping floral stems",a Ryukyuan lacquerware bowl,"a Ryukyuan lacquerware bowl with a vermilion lacquer surface and delicate gold decoration, showing hibiscus, birds, and island landscape motifs",,,,,,True,1012,pair_038_native_SS_g1_r2_s1012,pair_038,38,,,,,,False,2,sample_0658,1,pair_038_standalone_A_g1_r2_s1012,pair_038_standalone_B_g1_r2_s1012
no_consensus_shift,False,False,False,a Persian floral carpet,"a Persian floral carpet with a wool pile and central medallion, showing curving vines, palmettes, and flowers in deep red, blue, and ivory",an Azerbaijani Kuba carpet,"an Azerbaijani Kuba carpet with a knotted wool pile, showing angular medallions, stylized animals, and blue, red, and ivory geometric borders",4,2,True,True,True,True,3032,pair_082_native_SS_g3_r2_s3032,pair_082,82,4,4,False,True,True,True,2,sample_0659,3,pair_082_standalone_A_g3_r2_s3032,pair_082_standalone_B_g3_r2_s3032
no_consensus_shift,False,False,False,a Chinese blue-and-white porcelain vase,"a Chinese blue-and-white porcelain vase with cobalt-blue underglaze painting, showing Chinese landscape, lotus, and scrolling-cloud motifs",a Vietnamese Bát Tràng blue-and-white ceramic vase,"a Vietnamese Bát Tràng blue-and-white ceramic vase with cobalt-blue hand-painted decoration on pale glaze, showing stylized lotus, fish, and scrolling foliage",5,4,False,True,False,True,3031,pair_001_native_SS_g3_r1_s3031,pair_001,1,5,3,True,True,True,True,1,sample_0660,3,pair_001_standalone_A_g3_r1_s3031,pair_001_standalone_B_g3_r1_s3031
missing_rating,,,,a Japanese silk kimono,"a Japanese silk kimono with a lustrous woven ground and dyed or embroidered decoration, showing cranes, cherry blossoms, water, and seasonal motifs",a Lao sinh silk skirt,"a Lao sinh silk skirt with supplementary-weft silk bands and patterned borders, showing diamonds, serpents, temple forms, and jewel colors",,,,,,False,1012,pair_061_native_SS_g1_r2_s1012,pair_061,61,,,,,,True,2,sample_0661,1,pair_061_standalone_A_g1_r2_s1012,pair_061_standalone_B_g1_r2_s1012
mixed_or_uncertain,True,True,True,a Japanese Imari porcelain plate,"a Japanese Imari porcelain plate with cobalt-blue underglaze and iron-red and gold overglaze decoration, showing radial floral panels and patterned reserves",a Japanese Kutani porcelain plate,"a Japanese Kutani porcelain plate with polychrome overglaze enamels in green, yellow, red, purple, and blue, showing floral and landscape panels",2,2,True,True,False,True,3031,pair_005_native_SS_g3_r1_s3031,pair_005,5,0,0,True,True,True,True,1,sample_0662,3,pair_005_standalone_A_g3_r1_s3031,pair_005_standalone_B_g3_r1_s3031
no_consensus_shift,False,False,False,an Indian Patola double-ikat textile panel,"an Indian Patola double-ikat textile panel woven from precisely resist-dyed silk warp and weft, showing dancing figures, elephants, flowers, and geometric grids",a Timorese tais textile panel,"a Timorese tais textile panel woven in cotton warp ikat with red, black, yellow, and white bands, showing hooks, diamonds, and locally specific ancestral motifs",2,2,True,False,False,True,3032,pair_070_native_SS_g3_r2_s3032,pair_070,70,4,4,False,True,True,True,2,sample_0663,3,pair_070_standalone_A_g3_r2_s3032,pair_070_standalone_B_g3_r2_s3032
missing_rating,,,,a Hungarian Matyó embroidery panel,"a Hungarian Matyó embroidery panel worked in red, pink, blue, yellow, and green thread, showing densely packed roses and curling floral sprays",a Slovak Detva embroidery panel,"a Slovak Detva embroidery panel worked in chain stitch and satin stitch, showing compact geometric flowers, hearts, and rhythmic folk borders",,,,,,False,1013,pair_077_native_SS_g1_r3_s1013,pair_077,77,,,,,,False,3,sample_0664,1,pair_077_standalone_A_g1_r3_s1013,pair_077_standalone_B_g1_r3_s1013
missing_rating,,,,an Indian Bidriware vase,"an Indian Bidriware vase made of blackened zinc alloy inlaid with silver, showing poppy flowers, geometric lattices, and arabesques",a Syrian Damascene inlaid-brass vase,"a Syrian Damascene inlaid-brass vase made of darkened brass inlaid with silver and copper, showing calligraphic bands, interlaced stars, and scrolling arabesques",,,,,,False,2022,pair_047_native_SS_g2_r2_s2022,pair_047,47,,,,,,False,2,sample_0665,2,pair_047_standalone_A_g2_r2_s2022,pair_047_standalone_B_g2_r2_s2022
mixed_or_uncertain,True,True,True,a Chinese bronze ritual bowl,"a Chinese bronze ritual bowl with a dark patinated bronze surface and cast relief, showing taotie-like masks, leiwen spirals, and symmetrical handles",a Korean bangjja bronze bowl,"a Korean bangjja bronze bowl made of hand-hammered bronze with a golden surface, showing a clean resonant form, hammer marks, and minimal ornament",3,1,True,True,False,True,3032,pair_060_native_SS_g3_r2_s3032,pair_060,60,3,2,True,False,False,True,2,sample_0666,3,pair_060_standalone_A_g3_r2_s3032,pair_060_standalone_B_g3_r2_s3032
missing_rating,,,,a Japanese Raku tea bowl,"a Japanese Raku tea bowl with a hand-shaped low-fired body and irregular black glaze, showing a warped rim and tactile matte-to-gloss surface",a Korean buncheong tea bowl,"a Korean buncheong tea bowl made of gray stoneware brushed with white slip, showing stamped, incised, or freely painted decoration beneath a translucent glaze",,,,,,False,1012,pair_021_native_SS_g1_r2_s1012,pair_021,21,,,,,,True,2,sample_0667,1,pair_021_standalone_A_g1_r2_s1012,pair_021_standalone_B_g1_r2_s1012
missing_rating,,,,a Mexican Otomi embroidered blouse,"a Mexican Otomi embroidered blouse worked in flat satin stitch, showing mirrored birds, deer, flowers, and fantastical animals around the neckline and sleeves",a Guatemalan huipil blouse,"a Guatemalan huipil blouse woven and embroidered in colors, showing diamonds, birds, maize, and community-specific geometric bands",,,,,,False,2023,pair_075_native_SS_g2_r3_s2023,pair_075,75,,,,,,True,3,sample_0668,2,pair_075_standalone_A_g2_r3_s2023,pair_075_standalone_B_g2_r3_s2023
missing_rating,,,,a Navajo coiled basket,"a Navajo coiled basket woven from plant fibers in a shallow circular form, showing a central opening and radiating red, black, and natural spiral motifs",a Panamanian Wounaan chunga basket,"a Panamanian Wounaan chunga basket coiled from palm fiber, showing exceptionally tight weaving and animal, plant, or geometric motifs in black and colors",,,,,,False,2021,pair_095_native_SS_g2_r1_s2021,pair_095,95,,,,,,True,1,sample_0669,2,pair_095_standalone_A_g2_r1_s2021,pair_095_standalone_B_g2_r1_s2021
missing_rating,,,,an Inuit soapstone figurine,"an Inuit soapstone figurine carved from dark gray-green stone with rounded tactile surfaces, showing a compact animal or human figure with incised details",a Kenyan Kisii soapstone figurine,"a Kenyan Kisii soapstone figurine carved from pale soapstone and polished, showing an abstract intertwined human or animal form with rounded contours",,,,,,False,3032,pair_100_native_SS_g3_r2_s3032,pair_100,100,,,,,,False,2,sample_0670,3,pair_100_standalone_A_g3_r2_s3032,pair_100_standalone_B_g3_r2_s3032
missing_rating,,,,a Japanese silk kimono,"a Japanese silk kimono with a lustrous woven ground and dyed or embroidered decoration, showing cranes, cherry blossoms, water, and seasonal motifs",a Cambodian hol silk robe,"a Cambodian hol silk robe made from weft-ikat silk with feathered pattern edges, showing repeating lozenges, flowers, and temple-inspired motifs",,,,,,False,2021,pair_062_native_SS_g2_r1_s2021,pair_062,62,,,,,,False,1,sample_0671,2,pair_062_standalone_A_g2_r1_s2021,pair_062_standalone_B_g2_r1_s2021
missing_rating,,,,a Scottish tartan wool blanket,"a Scottish tartan wool blanket woven in colored wool with intersecting horizontal and vertical stripes, forming a balanced repeating clan-associated check pattern",a Swedish rya wool rug,"a Swedish rya wool rug with a long wool pile and woven backing, showing geometric diamonds, stripes, and abstract color fields",,,,,,True,1013,pair_087_native_SS_g1_r3_s1013,pair_087,87,,,,,,False,3,sample_0672,1,pair_087_standalone_A_g1_r3_s1013,pair_087_standalone_B_g1_r3_s1013
missing_rating,,,,a Japanese silk kimono,"a Japanese silk kimono with a lustrous woven ground and dyed or embroidered decoration, showing cranes, cherry blossoms, water, and seasonal motifs",a Lao sinh silk skirt,"a Lao sinh silk skirt with supplementary-weft silk bands and patterned borders, showing diamonds, serpents, temple forms, and jewel colors",,,,,,True,3031,pair_061_native_SS_g3_r1_s3031,pair_061,61,,,,,,False,1,sample_0673,3,pair_061_standalone_A_g3_r1_s3031,pair_061_standalone_B_g3_r1_s3031
missing_rating,,,,a Dutch blue-and-white Delftware plate,"a Dutch blue-and-white Delftware plate with opaque white tin glaze, painted in cobalt blue with canal-house, tulip, and ornamental border motifs",a Slovak Modra faience plate,"a Slovak Modra faience plate made of pale glazed earthenware, painted in cobalt blue, green, yellow, and manganese with stylized birds and folk flowers",,,,,,True,3033,pair_012_native_SS_g3_r3_s3033,pair_012,12,,,,,,False,3,sample_0674,3,pair_012_standalone_A_g3_r3_s3033,pair_012_standalone_B_g3_r3_s3033
missing_rating,,,,a Japanese sashiko textile panel,"a Japanese sashiko textile panel stitched with white running thread on indigo cotton, showing repeating hemp-leaf, wave, and linked-diamond reinforcement patterns",a Romanian ie-embroidery textile panel,"a Romanian ie-embroidery textile panel worked in red, black, blue, and metallic thread, showing vertical floral bands, diamonds, and region-specific geometric motifs",,,,,,True,1012,pair_076_native_SS_g1_r2_s1012,pair_076,76,,,,,,False,2,sample_0675,1,pair_076_standalone_A_g1_r2_s1012,pair_076_standalone_B_g1_r2_s1012
missing_rating,,,,a Panamanian mola textile panel,"a Panamanian mola textile panel made with layered reverse appliqué in colors, showing animals, plants, and maze-like geometric contours",a Ukrainian Hutsul embroidery panel,"a Ukrainian Hutsul embroidery panel worked in cross-stitch with red, orange, black, and green thread, showing diamonds, hooks, and repeated geometric bands",,,,,,False,3031,pair_079_native_SS_g3_r1_s3031,pair_079,79,,,,,,True,1,sample_0676,3,pair_079_standalone_A_g3_r1_s3031,pair_079_standalone_B_g3_r1_s3031
mixed_or_uncertain,True,True,True,a Venetian Murano glass vase,"a Venetian Murano glass vase made from vividly colored blown glass with layered canes, showing curves, millefiori accents, and polished translucent depth",a Palestinian Hebron blown-glass vase,"a Palestinian Hebron blown-glass vase made from recycled glass in translucent turquoise and green, showing a irregular hand-blown body, bubbles, and applied glass trails",2,2,True,True,False,True,3032,pair_091_native_SS_g3_r2_s3032,pair_091,91,2,3,True,False,True,True,2,sample_0677,3,pair_091_standalone_A_g3_r2_s3032,pair_091_standalone_B_g3_r2_s3032
no_consensus_shift,False,False,False,a Chinese cloisonné vase,"a Chinese cloisonné vase with turquoise and cobalt-blue enamel cells separated by gilded metal wires, showing lotus, cloud, and auspicious motifs",a Georgian Minankari enamel vase,"a Georgian Minankari enamel vase with translucent jewel-toned enamel over engraved silver, showing compact flowers, birds, and scrolling vines outlined by metalwork",4,3,True,True,True,True,1013,pair_041_native_SS_g1_r3_s1013,pair_041,41,4,4,False,True,True,True,3,sample_0678,1,pair_041_standalone_A_g1_r3_s1013,pair_041_standalone_B_g1_r3_s1013
missing_rating,,,,a Chinese bronze ritual bowl,"a Chinese bronze ritual bowl with a dark patinated bronze surface and cast relief, showing taotie-like masks, leiwen spirals, and symmetrical handles",a Korean bangjja bronze bowl,"a Korean bangjja bronze bowl made of hand-hammered bronze with a golden surface, showing a clean resonant form, hammer marks, and minimal ornament",,,,,,True,2023,pair_060_native_SS_g2_r3_s2023,pair_060,60,,,,,,False,3,sample_0679,2,pair_060_standalone_A_g2_r3_s2023,pair_060_standalone_B_g2_r3_s2023
missing_rating,,,,a Chinese famille-rose porcelain vase,"a Chinese famille-rose porcelain vase with opaque pink, green, yellow, and turquoise overglaze enamels, showing peonies, birds, and auspicious garden scenes",a Hungarian Herend porcelain vase,"a Hungarian Herend porcelain vase with polychrome enamel painting and gilded rims, showing stylized butterflies, flowers, and scale-like fishnet patterns",,,,,,True,2023,pair_008_native_SS_g2_r3_s2023,pair_008,8,,,,,,False,3,sample_0680,2,pair_008_standalone_A_g2_r3_s2023,pair_008_standalone_B_g2_r3_s2023
knowledge_insufficiency,False,True,True,a Japanese Bizen stoneware vase,"a Japanese Bizen stoneware vase with an unglazed reddish-brown body marked by natural ash deposits and flame flashes, showing an austere asymmetrical form",a French Puisaye stoneware vase,"a French Puisaye stoneware vase with a dark salt-glazed stoneware body and earthy brown-to-gray surface, showing incised bands and robust hand-thrown proportions",3,4,True,False,False,True,2022,pair_029_native_SS_g2_r2_s2022,pair_029,29,5,2,True,True,False,True,2,sample_0681,2,pair_029_standalone_A_g2_r2_s2022,pair_029_standalone_B_g2_r2_s2022
missing_rating,,,,an Indonesian batik cloth,"an Indonesian batik cloth with wax-resist dyeing in indigo, brown, and cream, showing parang diagonals, kawung rosettes, and densely repeated floral motifs",a Nigerian adire cloth,"a Nigerian adire cloth with indigo resist-dyed cotton, showing white circles, grids, comb-like marks, and hand-drawn or stitched geometric patterns",,,,,,True,2022,pair_071_native_SS_g2_r2_s2022,pair_071,71,,,,,,False,2,sample_0682,2,pair_071_standalone_A_g2_r2_s2022,pair_071_standalone_B_g2_r2_s2022
missing_rating,,,,a Japanese Tsugaru-nuri lacquerware box,"a Japanese Tsugaru-nuri lacquerware box with many polished lacquer layers forming mottled red, black, yellow, and green patterns across a geometric form",a Kashmiri papier-mâché lacquer box,"a Kashmiri papier-mâché lacquer box with a lacquered paper-pulp body painted in gold and jewel colors, showing chinar leaves, flowers, and arabesques",,,,,,True,3033,pair_039_native_SS_g3_r3_s3033,pair_039,39,,,,,,False,3,sample_0683,3,pair_039_standalone_A_g3_r3_s3033,pair_039_standalone_B_g3_r3_s3033
missing_rating,,,,a Chinese famille-rose porcelain vase,"a Chinese famille-rose porcelain vase with opaque pink, green, yellow, and turquoise overglaze enamels, showing peonies, birds, and auspicious garden scenes",a Hungarian Herend porcelain vase,"a Hungarian Herend porcelain vase with polychrome enamel painting and gilded rims, showing stylized butterflies, flowers, and scale-like fishnet patterns",,,,,,True,2021,pair_008_native_SS_g2_r1_s2021,pair_008,8,,,,,,False,1,sample_0684,2,pair_008_standalone_A_g2_r1_s2021,pair_008_standalone_B_g2_r1_s2021
mixed_or_uncertain,False,True,True,an Indonesian ikat textile panel,"an Indonesian ikat textile panel woven from resist-dyed threads with feathered edges, showing diamonds, ancestor figures, and rhythmic color bands",a Sumbanese hinggi textile panel,"a Sumbanese hinggi textile panel woven in warp ikat with indigo, rust red, and cream, showing horses, roosters, skull trees, and large heraldic figures",3,1,True,True,False,True,2021,pair_069_native_SS_g2_r1_s2021,pair_069,69,4,3,True,True,True,True,1,sample_0685,2,pair_069_standalone_A_g2_r1_s2021,pair_069_standalone_B_g2_r1_s2021
no_consensus_shift,False,False,False,a Hungarian Matyó embroidery panel,"a Hungarian Matyó embroidery panel worked in red, pink, blue, yellow, and green thread, showing densely packed roses and curling floral sprays",a Slovak Detva embroidery panel,"a Slovak Detva embroidery panel worked in chain stitch and satin stitch, showing compact geometric flowers, hearts, and rhythmic folk borders",3,3,True,True,True,True,3031,pair_077_native_SS_g3_r1_s3031,pair_077,77,4,4,False,True,True,True,1,sample_0686,3,pair_077_standalone_A_g3_r1_s3031,pair_077_standalone_B_g3_r1_s3031
knowledge_insufficiency,True,True,True,a Chinese silk-embroidery panel,"a Chinese silk-embroidery panel worked in multicolored silk thread, showing peonies, birds, butterflies, and long-and-short stitch shading",a Vietnamese silk-embroidery panel,"a Vietnamese silk-embroidery panel worked in colored silk thread with delicate tonal blending, showing village landscapes, lotus ponds, and graceful birds",2,2,True,False,False,True,2023,pair_065_native_SS_g2_r3_s2023,pair_065,65,2,3,True,False,False,True,3,sample_0687,2,pair_065_standalone_A_g2_r3_s2023,pair_065_standalone_B_g2_r3_s2023
missing_rating,,,,a Chinese cloisonné enamel plate,"a Chinese cloisonné enamel plate with turquoise and cobalt-blue enamel cells separated by gilded metal wires, showing lotus, cloud, and auspicious motifs",a French Limoges painted-enamel plate,"a French Limoges painted-enamel plate with opaque and translucent enamel painted over copper, showing Renaissance figures, grisaille shading, and jewel-toned borders",,,,,,False,1013,pair_049_native_SS_g1_r3_s1013,pair_049,49,,,,,,True,3,sample_0688,1,pair_049_standalone_A_g1_r3_s1013,pair_049_standalone_B_g1_r3_s1013
mixed_or_uncertain,True,False,True,a Turkish flat-woven kilim,"a Turkish flat-woven kilim with interlocked wool wefts in red, blue, orange, and cream, showing hooked diamonds, ram horns, and stepped medallions",a Romanian Oltenian kilim,"a Romanian Oltenian kilim with a flat-woven wool surface in red, green, blue, and cream, showing stylized flowers, birds, and vertical bouquet arrangements",2,2,True,False,False,True,2022,pair_085_native_SS_g2_r2_s2022,pair_085,85,2,4,True,True,True,True,2,sample_0689,2,pair_085_standalone_A_g2_r2_s2022,pair_085_standalone_B_g2_r2_s2022
missing_rating,,,,a Moroccan engraved-brass tray,"a Moroccan engraved-brass tray with a polished brass surface densely chased with radiating stars, arabesques, and scalloped geometric borders",a Persian qalamzani copper tray,"a Persian qalamzani copper tray with a darkened chased copper surface, showing hunting scenes, birds, flowers, and concentric arabesque bands",,,,,,True,3031,pair_051_native_SS_g3_r1_s3031,pair_051,51,,,,,,False,1,sample_0690,3,pair_051_standalone_A_g3_r1_s3031,pair_051_standalone_B_g3_r1_s3031
missing_rating,,,,a Panamanian mola textile panel,"a Panamanian mola textile panel made with layered reverse appliqué in colors, showing animals, plants, and maze-like geometric contours",a Ukrainian Hutsul embroidery panel,"a Ukrainian Hutsul embroidery panel worked in cross-stitch with red, orange, black, and green thread, showing diamonds, hooks, and repeated geometric bands",,,,,,True,1013,pair_079_native_SS_g1_r3_s1013,pair_079,79,,,,,,False,3,sample_0691,1,pair_079_standalone_A_g1_r3_s1013,pair_079_standalone_B_g1_r3_s1013
missing_rating,,,,a Chinese silk-embroidery panel,"a Chinese silk-embroidery panel worked in multicolored silk thread, showing peonies, birds, butterflies, and long-and-short stitch shading",a Vietnamese silk-embroidery panel,"a Vietnamese silk-embroidery panel worked in colored silk thread with delicate tonal blending, showing village landscapes, lotus ponds, and graceful birds",,,,,,True,2021,pair_065_native_SS_g2_r1_s2021,pair_065,65,,,,,,False,1,sample_0692,2,pair_065_standalone_A_g2_r1_s2021,pair_065_standalone_B_g2_r1_s2021
no_consensus_shift,False,False,False,a German Meissen porcelain figurine,"a German Meissen porcelain figurine with modeled forms, painted in overglaze colors with gilded Rococo details",an Italian Capodimonte porcelain figurine,"an Italian Capodimonte porcelain figurine with modeled porcelain drapery and flowers, painted in pastel colors with theatrical Baroque gestures",3,3,True,True,True,True,2021,pair_006_native_SS_g2_r1_s2021,pair_006,6,4,4,False,True,True,True,1,sample_0693,2,pair_006_standalone_A_g2_r1_s2021,pair_006_standalone_B_g2_r1_s2021
no_consensus_shift,False,False,False,a Dutch blue-and-white Delftware vase,"a Dutch blue-and-white Delftware vase with opaque white tin glaze, painted in cobalt blue with canal-house, tulip, and ornamental border motifs",a Tunisian Qallaline faience vase,"a Tunisian Qallaline faience vase with tin glaze, painted in cobalt blue, green, ochre, and manganese with cypress, arch, and floral motifs",4,2,True,True,False,True,1011,pair_013_native_SS_g1_r1_s1011,pair_013,13,5,5,False,True,True,True,1,sample_0694,1,pair_013_standalone_A_g1_r1_s1011,pair_013_standalone_B_g1_r1_s1011
missing_rating,,,,a Moroccan Beni Ourain wool rug,"a Moroccan Beni Ourain wool rug with a thick cream wool pile and sparse dark-brown lines, showing large asymmetrical diamonds and open geometric spacing",a Ukrainian Hutsul lizhnyk wool rug,"a Ukrainian Hutsul lizhnyk wool rug with a shaggy woven wool surface in gray, cream, brown, and muted color, showing stepped diamonds and rhythmic zigzag bands",,,,,,True,1012,pair_084_native_SS_g1_r2_s1012,pair_084,84,,,,,,False,2,sample_0695,1,pair_084_standalone_A_g1_r2_s1012,pair_084_standalone_B_g1_r2_s1012
no_consensus_shift,False,False,False,an Indian Banarasi brocade sari,"an Indian Banarasi brocade sari woven in rich silk with gold zari, showing floral buta, scrolling vines, and elaborate architectural borders",a Bhutanese kushuthara silk kira,"a Bhutanese kushuthara silk kira woven in silk with supplementary-weft patterning, showing geometric flowers, diamonds, and horizontal bands",3,1,True,True,False,True,2023,pair_063_native_SS_g2_r3_s2023,pair_063,63,5,5,False,True,True,True,3,sample_0696,2,pair_063_standalone_A_g2_r3_s2023,pair_063_standalone_B_g2_r3_s2023
missing_rating,,,,a Persian floral carpet,"a Persian floral carpet with a wool pile and central medallion, showing curving vines, palmettes, and flowers in deep red, blue, and ivory",an Azerbaijani Kuba carpet,"an Azerbaijani Kuba carpet with a knotted wool pile, showing angular medallions, stylized animals, and blue, red, and ivory geometric borders",,,,,,True,1013,pair_082_native_SS_g1_r3_s1013,pair_082,82,,,,,,False,3,sample_0697,1,pair_082_standalone_A_g1_r3_s1013,pair_082_standalone_B_g1_r3_s1013
missing_rating,,,,a Japanese Raku tea bowl,"a Japanese Raku tea bowl with a hand-shaped low-fired body and irregular black glaze, showing a warped rim and tactile matte-to-gloss surface",a Japanese Onta ware bowl,"a Japanese Onta ware bowl made of stoneware with slip-trailed and combed decoration, showing rhythmic white, brown, and ochre bands made by wheel techniques",,,,,,False,2023,pair_019_native_SS_g2_r3_s2023,pair_019,19,,,,,,False,3,sample_0698,2,pair_019_standalone_A_g2_r3_s2023,pair_019_standalone_B_g2_r3_s2023
missing_rating,,,,a Chinese cloisonné box,"a Chinese cloisonné box with turquoise and cobalt-blue enamel cells separated by gilded metal wires, showing lotus, cloud, and auspicious motifs",a Korean chilbo enamel box,"a Korean chilbo enamel box with colored enamel over a metal base, showing simplified plum blossoms, cranes, and geometric motifs in compact panels",,,,,,False,1012,pair_042_native_SS_g1_r2_s1012,pair_042,42,,,,,,False,2,sample_0699,1,pair_042_standalone_A_g1_r2_s1012,pair_042_standalone_B_g1_r2_s1012
mixed_or_uncertain,True,True,True,a Japanese silk kimono,"a Japanese silk kimono with a lustrous woven ground and dyed or embroidered decoration, showing cranes, cherry blossoms, water, and seasonal motifs",a Cambodian hol silk robe,"a Cambodian hol silk robe made from weft-ikat silk with feathered pattern edges, showing repeating lozenges, flowers, and temple-inspired motifs",3,2,True,True,True,True,3031,pair_062_native_SS_g3_r1_s3031,pair_062,62,0,3,True,False,True,True,1,sample_0700,3,pair_062_standalone_A_g3_r1_s3031,pair_062_standalone_B_g3_r1_s3031
missing_rating,,,,a Japanese silk kimono,"a Japanese silk kimono with a lustrous woven ground and dyed or embroidered decoration, showing cranes, cherry blossoms, water, and seasonal motifs",a Cambodian hol silk robe,"a Cambodian hol silk robe made from weft-ikat silk with feathered pattern edges, showing repeating lozenges, flowers, and temple-inspired motifs",,,,,,False,3033,pair_062_native_SS_g3_r3_s3033,pair_062,62,,,,,,False,3,sample_0701,3,pair_062_standalone_A_g3_r3_s3033,pair_062_standalone_B_g3_r3_s3033
no_consensus_shift,False,False,False,a Chinese lacquered folding screen,"a Chinese lacquered folding screen with deep black lacquer, gilded outlines, and carved or painted garden scenes showing pavilions, birds, and flowering trees",a Vietnamese sơn mài lacquer screen,"a Vietnamese sơn mài lacquer screen with layered black, red, and gold lacquer polished to depth, showing stylized village scenes, bamboo, and eggshell inlay",4,2,True,True,False,True,3032,pair_040_native_SS_g3_r2_s3032,pair_040,40,5,4,False,True,True,True,2,sample_0702,3,pair_040_standalone_A_g3_r2_s3032,pair_040_standalone_B_g3_r2_s3032
missing_rating,,,,a Chinese Longquan celadon vase,"a Chinese Longquan celadon vase with a thick translucent sea-green glaze over a balanced stoneware form, showing carved lotus petals and defined ridges",a Thai Si Satchanalai celadon vase,"a Thai Si Satchanalai celadon vase with an olive-green crackled glaze over gray stoneware, showing incised lotus petals, ring bands, and a high-shouldered profile",,,,,,False,2021,pair_030_native_SS_g2_r1_s2021,pair_030,30,,,,,,True,1,sample_0703,2,pair_030_standalone_A_g2_r1_s2021,pair_030_standalone_B_g2_r1_s2021
missing_rating,,,,a Mexican Talavera de Puebla plate,"a Mexican Talavera de Puebla plate with opaque white tin glaze, decorated with cobalt-blue, yellow, green, and orange painted floral and geometric bands",a Romanian Horezu pottery plate,"a Romanian Horezu pottery plate made of glazed earthenware with combed slip decoration, showing brown, green, blue, and ochre spirals, rosettes, and the Horezu rooster",,,,,,False,1013,pair_016_native_SS_g1_r3_s1013,pair_016,16,,,,,,False,3,sample_0704,1,pair_016_standalone_A_g1_r3_s1013,pair_016_standalone_B_g1_r3_s1013
missing_rating,,,,a Mexican Talavera de Puebla plate,"a Mexican Talavera de Puebla plate with opaque white tin glaze, decorated with cobalt-blue, yellow, green, and orange painted floral and geometric bands",a Romanian Horezu pottery plate,"a Romanian Horezu pottery plate made of glazed earthenware with combed slip decoration, showing brown, green, blue, and ochre spirals, rosettes, and the Horezu rooster",,,,,,True,2023,pair_016_native_SS_g2_r3_s2023,pair_016,16,,,,,,False,3,sample_0705,2,pair_016_standalone_A_g2_r3_s2023,pair_016_standalone_B_g2_r3_s2023
missing_rating,,,,a Polish Bolesławiec stoneware jug,"a Polish Bolesławiec stoneware jug with a cream glazed body stamped in cobalt blue, showing repeated dots, peacock-eye rosettes, and circular folk patterns",a Bulgarian Troyan pottery jug,"a Bulgarian Troyan pottery jug with a dark glazed earthenware body and feathered slip decoration, showing brown, green, yellow, and cream wave patterns",,,,,,True,1012,pair_020_native_SS_g1_r2_s1012,pair_020,20,,,,,,False,2,sample_0706,1,pair_020_standalone_A_g1_r2_s1012,pair_020_standalone_B_g1_r2_s1012
knowledge_insufficiency,False,True,True,a Dutch blue-and-white Delftware plate,"a Dutch blue-and-white Delftware plate with opaque white tin glaze, painted in cobalt blue with canal-house, tulip, and ornamental border motifs",a Slovak Modra faience plate,"a Slovak Modra faience plate made of pale glazed earthenware, painted in cobalt blue, green, yellow, and manganese with stylized birds and folk flowers",4,2,True,True,False,True,3031,pair_012_native_SS_g3_r1_s3031,pair_012,12,4,2,True,True,False,True,1,sample_0707,3,pair_012_standalone_A_g3_r1_s3031,pair_012_standalone_B_g3_r1_s3031
knowledge_insufficiency,True,False,True,an Italian Renaissance maiolica plate,"an Italian Renaissance maiolica plate with opaque white tin glaze, painted in cobalt blue, ochre yellow, copper green, and manganese purple with a figurative medallion and scrolling foliage",a French Nevers faience plate,"a French Nevers faience plate with white tin glaze, painted in deep blue, yellow, and manganese with heraldic, pastoral, and symmetrical floral motifs",3,3,True,False,False,True,2021,pair_014_native_SS_g2_r1_s2021,pair_014,14,2,4,True,False,True,True,1,sample_0708,2,pair_014_standalone_A_g2_r1_s2021,pair_014_standalone_B_g2_r1_s2021
missing_rating,,,,an Ottoman İznik ceramic plate,"an Ottoman İznik ceramic plate with a white fritware body, cobalt blue, turquoise, emerald green, and raised bole-red painting, showing tulips, carnations, and saz leaves",an Armenian Kütahya ceramic plate,"an Armenian Kütahya ceramic plate with a white glazed body and blue, green, yellow, and red painting, showing rosettes, crosses, birds, and floral borders",,,,,,True,1011,pair_017_native_SS_g1_r1_s1011,pair_017,17,,,,,,False,1,sample_0709,1,pair_017_standalone_A_g1_r1_s1011,pair_017_standalone_B_g1_r1_s1011
mixed_or_uncertain,True,True,True,an Indian Banarasi brocade textile panel,"an Indian Banarasi brocade textile panel woven in rich silk with gold zari, showing floral buta, scrolling vines, and elaborate architectural borders",a Turkmen keteni silk textile panel,"a Turkmen keteni silk textile panel woven in narrow bands of red, yellow, green, and purple silk, showing stripes and geometric accents",2,2,True,True,False,True,2023,pair_064_native_SS_g2_r3_s2023,pair_064,64,2,2,True,True,True,True,3,sample_0710,2,pair_064_standalone_A_g2_r3_s2023,pair_064_standalone_B_g2_r3_s2023
mixed_or_uncertain,True,False,True,a Japanese maki-e lacquerware tray,"a Japanese maki-e lacquerware tray with deep black lacquer sprinkled with gold and silver powder, showing cranes, pine branches, and landscape motifs",a Burmese shwe zawa lacquerware tray,"a Burmese shwe zawa lacquerware tray with a black lacquer ground and engraved gold-leaf decoration, showing courtly figures, mythical animals, and filled borders",2,2,True,False,False,True,2021,pair_032_native_SS_g2_r1_s2021,pair_032,32,3,4,True,True,True,True,1,sample_0711,2,pair_032_standalone_A_g2_r1_s2021,pair_032_standalone_B_g2_r1_s2021
knowledge_insufficiency,False,True,True,a Chinese blue-and-white porcelain vase,"a Chinese blue-and-white porcelain vase with cobalt-blue underglaze painting, showing Chinese landscape, lotus, and scrolling-cloud motifs",a Vietnamese Bát Tràng blue-and-white ceramic vase,"a Vietnamese Bát Tràng blue-and-white ceramic vase with cobalt-blue hand-painted decoration on pale glaze, showing stylized lotus, fish, and scrolling foliage",4,2,True,True,False,True,3032,pair_001_native_SS_g3_r2_s3032,pair_001,1,5,3,True,True,False,True,2,sample_0712,3,pair_001_standalone_A_g3_r2_s3032,pair_001_standalone_B_g3_r2_s3032
missing_rating,,,,a Russian Fabergé-style guilloché enamel box,"a Russian Fabergé-style guilloché enamel box with translucent enamel over machine-engraved radiating patterns, showing pastel color fields, gold mounts, and jeweled accents",an Indian Jaipur meenakari enamel box,"an Indian Jaipur meenakari enamel box with opaque red, green, blue, and white enamel on gilded metal, showing peacocks, flowers, and scrolling foliage",,,,,,True,3031,pair_043_native_SS_g3_r1_s3031,pair_043,43,,,,,,False,1,sample_0713,3,pair_043_standalone_A_g3_r1_s3031,pair_043_standalone_B_g3_r1_s3031
no_consensus_shift,False,False,False,a Turkish flat-woven kilim,"a Turkish flat-woven kilim with interlocked wool wefts in red, blue, orange, and cream, showing hooked diamonds, ram horns, and stepped medallions",a Romanian Oltenian kilim,"a Romanian Oltenian kilim with a flat-woven wool surface in red, green, blue, and cream, showing stylized flowers, birds, and vertical bouquet arrangements",4,2,True,True,False,True,2023,pair_085_native_SS_g2_r3_s2023,pair_085,85,4,4,False,True,True,True,3,sample_0714,2,pair_085_standalone_A_g2_r3_s2023,pair_085_standalone_B_g2_r3_s2023
missing_rating,,,,an Indian Bidriware vase,"an Indian Bidriware vase made of blackened zinc alloy inlaid with silver, showing poppy flowers, geometric lattices, and arabesques",a Syrian Damascene inlaid-brass vase,"a Syrian Damascene inlaid-brass vase made of darkened brass inlaid with silver and copper, showing calligraphic bands, interlaced stars, and scrolling arabesques",,,,,,True,3033,pair_047_native_SS_g3_r3_s3033,pair_047,47,,,,,,False,3,sample_0715,3,pair_047_standalone_A_g3_r3_s3033,pair_047_standalone_B_g3_r3_s3033
missing_rating,,,,a Japanese raden lacquerware lidded box,"a Japanese raden lacquerware lidded box with deep black lacquer and iridescent mother-of-pearl shell inlay forming bird, flower, and geometric motifs",a Mexican Olinalá lacquerware lidded box,"a Mexican Olinalá lacquerware lidded box made from linaloe wood, with red, ochre, green, blue, and white floral and animal decoration and incised rayado patterns",,,,,,True,2021,pair_034_native_SS_g2_r1_s2021,pair_034,34,,,,,,False,1,sample_0716,2,pair_034_standalone_A_g2_r1_s2021,pair_034_standalone_B_g2_r1_s2021
missing_rating,,,,a Chinese celadon ceramic bowl,"a Chinese celadon ceramic bowl with translucent blue-green glaze, showing carved lotus petals beneath the glaze",a Vietnamese Lý–Trần celadon ceramic bowl,"a Vietnamese Lý–Trần celadon ceramic bowl with a pale jade-green glaze and lightly crackled surface, showing carved lotus petals and combed floral decoration",,,,,,True,2022,pair_010_native_SS_g2_r2_s2022,pair_010,10,,,,,,False,2,sample_0717,2,pair_010_standalone_A_g2_r2_s2022,pair_010_standalone_B_g2_r2_s2022
missing_rating,,,,a Japanese maki-e lacquerware tray,"a Japanese maki-e lacquerware tray with deep black lacquer sprinkled with gold and silver powder, showing cranes, pine branches, and landscape motifs",a Burmese shwe zawa lacquerware tray,"a Burmese shwe zawa lacquerware tray with a black lacquer ground and engraved gold-leaf decoration, showing courtly figures, mythical animals, and filled borders",,,,,,False,1012,pair_032_native_SS_g1_r2_s1012,pair_032,32,,,,,,True,2,sample_0718,1,pair_032_standalone_A_g1_r2_s1012,pair_032_standalone_B_g1_r2_s1012
mixed_or_uncertain,True,True,True,a Japanese maki-e lacquerware tray,"a Japanese maki-e lacquerware tray with deep black lacquer sprinkled with gold and silver powder, showing cranes, pine branches, and landscape motifs",a Burmese shwe zawa lacquerware tray,"a Burmese shwe zawa lacquerware tray with a black lacquer ground and engraved gold-leaf decoration, showing courtly figures, mythical animals, and filled borders",3,3,True,False,False,True,3031,pair_032_native_SS_g3_r1_s3031,pair_032,32,2,3,True,True,True,True,1,sample_0719,3,pair_032_standalone_A_g3_r1_s3031,pair_032_standalone_B_g3_r1_s3031
missing_rating,,,,a Chinese Longquan celadon vase,"a Chinese Longquan celadon vase with a thick translucent sea-green glaze over a balanced stoneware form, showing carved lotus petals and defined ridges",a Thai Si Satchanalai celadon vase,"a Thai Si Satchanalai celadon vase with an olive-green crackled glaze over gray stoneware, showing incised lotus petals, ring bands, and a high-shouldered profile",,,,,,False,1011,pair_030_native_SS_g1_r1_s1011,pair_030,30,,,,,,False,1,sample_0720,1,pair_030_standalone_A_g1_r1_s1011,pair_030_standalone_B_g1_r1_s1011
missing_rating,,,,a Moroccan Beni Ourain wool rug,"a Moroccan Beni Ourain wool rug with a thick cream wool pile and sparse dark-brown lines, showing large asymmetrical diamonds and open geometric spacing",a Ukrainian Hutsul lizhnyk wool rug,"a Ukrainian Hutsul lizhnyk wool rug with a shaggy woven wool surface in gray, cream, brown, and muted color, showing stepped diamonds and rhythmic zigzag bands",,,,,,True,1013,pair_084_native_SS_g1_r3_s1013,pair_084,84,,,,,,False,3,sample_0721,1,pair_084_standalone_A_g1_r3_s1013,pair_084_standalone_B_g1_r3_s1013
missing_rating,,,,a Dutch blue-and-white Delftware vase,"a Dutch blue-and-white Delftware vase with opaque white tin glaze, painted in cobalt blue with canal-house, tulip, and ornamental border motifs",a Tunisian Qallaline faience vase,"a Tunisian Qallaline faience vase with tin glaze, painted in cobalt blue, green, ochre, and manganese with cypress, arch, and floral motifs",,,,,,False,2023,pair_013_native_SS_g2_r3_s2023,pair_013,13,,,,,,False,3,sample_0722,2,pair_013_standalone_A_g2_r3_s2023,pair_013_standalone_B_g2_r3_s2023
missing_rating,,,,a Russian Khokhloma painted wooden bowl,"a Russian Khokhloma painted wooden bowl with a black and gold ground painted in red, showing curling berries, leaves, and sweeping floral stems",a Ryukyuan lacquerware bowl,"a Ryukyuan lacquerware bowl with a vermilion lacquer surface and delicate gold decoration, showing hibiscus, birds, and island landscape motifs",,,,,,True,2021,pair_038_native_SS_g2_r1_s2021,pair_038,38,,,,,,False,1,sample_0723,2,pair_038_standalone_A_g2_r1_s2021,pair_038_standalone_B_g2_r1_s2021
missing_rating,,,,an Indian Banarasi brocade textile panel,"an Indian Banarasi brocade textile panel woven in rich silk with gold zari, showing floral buta, scrolling vines, and elaborate architectural borders",a Turkmen keteni silk textile panel,"a Turkmen keteni silk textile panel woven in narrow bands of red, yellow, green, and purple silk, showing stripes and geometric accents",,,,,,True,2022,pair_064_native_SS_g2_r2_s2022,pair_064,64,,,,,,False,2,sample_0724,2,pair_064_standalone_A_g2_r2_s2022,pair_064_standalone_B_g2_r2_s2022
missing_rating,,,,a Mexican Otomi embroidery panel,"a Mexican Otomi embroidery panel worked in flat satin stitch on pale cotton, showing mirrored birds, deer, flowers, and fantastical animals",a Palestinian tatreez embroidery panel,"a Palestinian tatreez embroidery panel worked in red and multicolored cross-stitch, showing cypress trees, stars, feathers, and region-specific geometric motifs",,,,,,False,2021,pair_074_native_SS_g2_r1_s2021,pair_074,74,,,,,,True,1,sample_0725,2,pair_074_standalone_A_g2_r1_s2021,pair_074_standalone_B_g2_r1_s2021
missing_rating,,,,a Chinese carved-jade pendant,"a Chinese carved-jade pendant made from polished pale green or white jade, showing pierced clouds, dragons, or floral scrolls in low relief",a Māori pounamu hei tiki pendant,"a Māori pounamu hei tiki pendant carved from translucent greenstone in a compact ancestral figure, showing an inclined head, large eyes, and curved limbs",,,,,,False,1013,pair_099_native_SS_g1_r3_s1013,pair_099,99,,,,,,True,3,sample_0726,1,pair_099_standalone_A_g1_r3_s1013,pair_099_standalone_B_g1_r3_s1013
composition_mechanism_failure,True,True,True,a Benin bronze relief plaque,"a Benin bronze relief plaque made of cast brass with high-relief court figures, showing patterned robes, coral regalia, and a hierarchical composition",a Nepalese repoussé copper plaque,"a Nepalese repoussé copper plaque made of hammered copper worked from the reverse, showing a Buddhist deity, lotus throne, and flame-like halo with gilded details",3,3,True,True,True,True,2022,pair_056_native_SS_g2_r2_s2022,pair_056,56,3,3,True,True,True,True,2,sample_0727,2,pair_056_standalone_A_g2_r2_s2022,pair_056_standalone_B_g2_r2_s2022
no_consensus_shift,False,False,False,a Persian floral carpet,"a Persian floral carpet with a wool pile and central medallion, showing curving vines, palmettes, and flowers in deep red, blue, and ivory",an Azerbaijani Kuba carpet,"an Azerbaijani Kuba carpet with a knotted wool pile, showing angular medallions, stylized animals, and blue, red, and ivory geometric borders",5,2,True,True,True,True,1011,pair_082_native_SS_g1_r1_s1011,pair_082,82,5,5,False,True,True,True,1,sample_0728,1,pair_082_standalone_A_g1_r1_s1011,pair_082_standalone_B_g1_r1_s1011
missing_rating,,,,a Chinese silk-embroidery panel,"a Chinese silk-embroidery panel worked in multicolored silk thread, showing peonies, birds, butterflies, and long-and-short stitch shading",a Vietnamese silk-embroidery panel,"a Vietnamese silk-embroidery panel worked in colored silk thread with delicate tonal blending, showing village landscapes, lotus ponds, and graceful birds",,,,,,True,3032,pair_065_native_SS_g3_r2_s3032,pair_065,65,,,,,,False,2,sample_0729,3,pair_065_standalone_A_g3_r2_s3032,pair_065_standalone_B_g3_r2_s3032
missing_rating,,,,an Italian Renaissance maiolica plate,"an Italian Renaissance maiolica plate with opaque white tin glaze, painted in cobalt blue, ochre yellow, copper green, and manganese purple with a figurative medallion and scrolling foliage",a French Nevers faience plate,"a French Nevers faience plate with white tin glaze, painted in deep blue, yellow, and manganese with heraldic, pastoral, and symmetrical floral motifs",,,,,,False,3032,pair_014_native_SS_g3_r2_s3032,pair_014,14,,,,,,True,2,sample_0730,3,pair_014_standalone_A_g3_r2_s3032,pair_014_standalone_B_g3_r2_s3032
no_consensus_shift,False,False,False,a Persian floral carpet,"a Persian floral carpet with a wool pile and central medallion, showing curving vines, palmettes, and flowers in deep red, blue, and ivory",an Armenian Karabakh carpet,"an Armenian Karabakh carpet with a wool pile in red, blue, green, and cream, showing floral medallions and elongated geometric forms",4,3,True,True,True,True,1011,pair_083_native_SS_g1_r1_s1011,pair_083,83,5,5,False,True,True,True,1,sample_0731,1,pair_083_standalone_A_g1_r1_s1011,pair_083_standalone_B_g1_r1_s1011
missing_rating,,,,a Moroccan tooled-leather box,"a Moroccan tooled-leather box covered in brown leather with stamped and painted ornament, showing stars, arabesques, and scalloped geometric borders",a Tuareg tooled-leather box,"a Tuareg tooled-leather box covered in dark leather with incised and colored decoration, showing triangles, crosses, zigzags, and applied metal studs",,,,,,True,2022,pair_096_native_SS_g2_r2_s2022,pair_096,96,,,,,,False,2,sample_0732,2,pair_096_standalone_A_g2_r2_s2022,pair_096_standalone_B_g2_r2_s2022
missing_rating,,,,a Benin bronze relief plaque,"a Benin bronze relief plaque made of cast brass with high-relief court figures, showing patterned robes, coral regalia, and a hierarchical composition",a Nepalese repoussé copper plaque,"a Nepalese repoussé copper plaque made of hammered copper worked from the reverse, showing a Buddhist deity, lotus throne, and flame-like halo with gilded details",,,,,,True,2023,pair_056_native_SS_g2_r3_s2023,pair_056,56,,,,,,False,3,sample_0733,2,pair_056_standalone_A_g2_r3_s2023,pair_056_standalone_B_g2_r3_s2023
missing_rating,,,,a Navajo wool rug,"a Navajo wool rug with a woven flat surface and red, black, gray, and cream geometry, showing stepped diamonds and serrated bands",a Kyrgyz shyrdak felt rug,"a Kyrgyz shyrdak felt rug made from cut and inlaid wool felt in contrasting colors, showing mirrored horn motifs, scrolling forms, and outlined geometry",,,,,,False,3031,pair_088_native_SS_g3_r1_s3031,pair_088,88,,,,,,True,1,sample_0734,3,pair_088_standalone_A_g3_r1_s3031,pair_088_standalone_B_g3_r1_s3031
missing_rating,,,,a Persian floral carpet,"a Persian floral carpet with a wool pile and central medallion, showing curving vines, palmettes, and flowers in deep red, blue, and ivory",an Azerbaijani Kuba carpet,"an Azerbaijani Kuba carpet with a knotted wool pile, showing angular medallions, stylized animals, and blue, red, and ivory geometric borders",,,,,,True,3033,pair_082_native_SS_g3_r3_s3033,pair_082,82,,,,,,False,3,sample_0735,3,pair_082_standalone_A_g3_r3_s3033,pair_082_standalone_B_g3_r3_s3033
missing_rating,,,,an Indian kantha quilt,"an Indian kantha quilt made from layered cotton joined by running stitches, showing rippling lines, lotus flowers, animals, and narrative folk scenes",a Korean bojagi patchwork wrapping cloth,"a Korean bojagi patchwork wrapping cloth assembled from translucent or opaque fabric rectangles, showing asymmetrical geometric seams and jewel-toned color blocks",,,,,,True,1013,pair_078_native_SS_g1_r3_s1013,pair_078,78,,,,,,False,3,sample_0736,1,pair_078_standalone_A_g1_r3_s1013,pair_078_standalone_B_g1_r3_s1013
missing_rating,,,,an English Wedgwood jasperware vase,"an English Wedgwood jasperware vase with a matte blue stoneware body and white relief decoration, showing classical figures, laurel swags, and geometric borders",a Portuguese Caldas da Rainha ceramic vase,"a Portuguese Caldas da Rainha ceramic vase with brightly glazed sculptural earthenware, showing naturalistic leaves, fruit, insects, and textured relief surfaces",,,,,,True,2022,pair_027_native_SS_g2_r2_s2022,pair_027,27,,,,,,False,2,sample_0737,2,pair_027_standalone_A_g2_r2_s2022,pair_027_standalone_B_g2_r2_s2022
missing_rating,,,,a Russian brass samovar,"a Russian brass samovar with a polished urn-shaped body, side handles, and ornate spigot, showing engraved floral bands and architectural details",an Iranian Qajar brass samovar,"an Iranian Qajar brass samovar with a tall faceted brass body, curved handles, and engraved panels showing birds, flowers, and courtly motifs",,,,,,True,3031,pair_058_native_SS_g3_r1_s3031,pair_058,58,,,,,,False,1,sample_0738,3,pair_058_standalone_A_g3_r1_s3031,pair_058_standalone_B_g3_r1_s3031
composition_mechanism_failure,False,True,True,a Ghanaian kente cloth,"a Ghanaian kente cloth woven in narrow strips of silk or rayon, showing alternating geometric blocks in gold, green, red, blue, and black",a Bhutanese yathra wool textile,"a Bhutanese yathra wool textile woven in thick colored wool with supplementary-weft motifs, showing repeating diamonds, flowers, and horizontal geometric bands",3,2,True,True,True,True,2021,pair_080_native_SS_g2_r1_s2021,pair_080,80,4,2,True,True,True,True,1,sample_0739,2,pair_080_standalone_A_g2_r1_s2021,pair_080_standalone_B_g2_r1_s2021
no_consensus_shift,False,False,False,an Indian Bidriware vase,"an Indian Bidriware vase made of blackened zinc alloy inlaid with silver, showing poppy flowers, geometric lattices, and arabesques",a Syrian Damascene inlaid-brass vase,"a Syrian Damascene inlaid-brass vase made of darkened brass inlaid with silver and copper, showing calligraphic bands, interlaced stars, and scrolling arabesques",2,4,True,False,True,True,1011,pair_047_native_SS_g1_r1_s1011,pair_047,47,4,4,False,True,True,True,1,sample_0740,1,pair_047_standalone_A_g1_r1_s1011,pair_047_standalone_B_g1_r1_s1011
missing_rating,,,,a Japanese silk kimono,"a Japanese silk kimono with a lustrous woven ground and dyed or embroidered decoration, showing cranes, cherry blossoms, water, and seasonal motifs",a Cambodian hol silk robe,"a Cambodian hol silk robe made from weft-ikat silk with feathered pattern edges, showing repeating lozenges, flowers, and temple-inspired motifs",,,,,,True,1013,pair_062_native_SS_g1_r3_s1013,pair_062,62,,,,,,False,3,sample_0741,1,pair_062_standalone_A_g1_r3_s1013,pair_062_standalone_B_g1_r3_s1013
missing_rating,,,,a Mexican Talavera de Puebla plate,"a Mexican Talavera de Puebla plate with opaque white tin glaze, decorated with cobalt-blue, yellow, green, and orange painted floral and geometric bands",a Romanian Horezu pottery plate,"a Romanian Horezu pottery plate made of glazed earthenware with combed slip decoration, showing brown, green, blue, and ochre spirals, rosettes, and the Horezu rooster",,,,,,False,1012,pair_016_native_SS_g1_r2_s1012,pair_016,16,,,,,,True,2,sample_0742,1,pair_016_standalone_A_g1_r2_s1012,pair_016_standalone_B_g1_r2_s1012
missing_rating,,,,a Japanese woven-bamboo basket,"a Japanese woven-bamboo basket made from split bamboo in a open weave, showing hexagonal plaiting, curved handles, and an asymmetrical sculptural profile",a Philippine nito-vine basket,"a Philippine nito-vine basket woven from dark nito vine over a lighter structural frame, showing tight black-and-tan spirals, diamonds, and rhythmic geometric bands",,,,,,True,2023,pair_094_native_SS_g2_r3_s2023,pair_094,94,,,,,,False,3,sample_0743,2,pair_094_standalone_A_g2_r3_s2023,pair_094_standalone_B_g2_r3_s2023
no_consensus_shift,False,False,False,a Moroccan tooled-leather box,"a Moroccan tooled-leather box covered in brown leather with stamped and painted ornament, showing stars, arabesques, and scalloped geometric borders",a Tuareg tooled-leather box,"a Tuareg tooled-leather box covered in dark leather with incised and colored decoration, showing triangles, crosses, zigzags, and applied metal studs",2,3,True,True,True,True,3032,pair_096_native_SS_g3_r2_s3032,pair_096,96,5,5,False,True,True,True,2,sample_0744,3,pair_096_standalone_A_g3_r2_s3032,pair_096_standalone_B_g3_r2_s3032
missing_rating,,,,an Indonesian batik textile panel,"an Indonesian batik textile panel with wax-resist dyeing in indigo, brown, and cream, showing parang diagonals, kawung rosettes, and densely repeated floral motifs",a Japanese katazome textile panel,"a Japanese katazome textile panel with stencil-resist dyeing on cotton in indigo and white, showing waves, chrysanthemums, birds, and repeating geometric motifs",,,,,,False,2022,pair_072_native_SS_g2_r2_s2022,pair_072,72,,,,,,True,2,sample_0745,2,pair_072_standalone_A_g2_r2_s2022,pair_072_standalone_B_g2_r2_s2022
missing_rating,,,,a Japanese raden lacquerware tray,"a Japanese raden lacquerware tray with deep black lacquer and iridescent mother-of-pearl shell inlay forming bird, flower, and geometric motifs",a Korean najeonchilgi lacquerware tray,"a Korean najeonchilgi lacquerware tray with black lacquer and mother-of-pearl inlay, showing chrysanthemum scrolls, cranes, and repeated geometric borders",,,,,,True,2022,pair_035_native_SS_g2_r2_s2022,pair_035,35,,,,,,False,2,sample_0746,2,pair_035_standalone_A_g2_r2_s2022,pair_035_standalone_B_g2_r2_s2022
no_consensus_shift,False,False,False,a Russian Khokhloma painted wooden bowl,"a Russian Khokhloma painted wooden bowl with a black and gold ground painted in red, showing curling berries, leaves, and sweeping floral stems",a Ryukyuan lacquerware bowl,"a Ryukyuan lacquerware bowl with a vermilion lacquer surface and delicate gold decoration, showing hibiscus, birds, and island landscape motifs",2,2,True,False,False,True,2022,pair_038_native_SS_g2_r2_s2022,pair_038,38,5,5,False,True,True,True,2,sample_0747,2,pair_038_standalone_A_g2_r2_s2022,pair_038_standalone_B_g2_r2_s2022
missing_rating,,,,a Chinese lacquered folding screen,"a Chinese lacquered folding screen with deep black lacquer, gilded outlines, and carved or painted garden scenes showing pavilions, birds, and flowering trees",a Vietnamese sơn mài lacquer screen,"a Vietnamese sơn mài lacquer screen with layered black, red, and gold lacquer polished to depth, showing stylized village scenes, bamboo, and eggshell inlay",,,,,,True,3031,pair_040_native_SS_g3_r1_s3031,pair_040,40,,,,,,False,1,sample_0748,3,pair_040_standalone_A_g3_r1_s3031,pair_040_standalone_B_g3_r1_s3031
missing_rating,,,,a Dutch blue-and-white Delftware plate,"a Dutch blue-and-white Delftware plate with opaque white tin glaze, painted in cobalt blue with canal-house, tulip, and ornamental border motifs",a Slovak Modra faience plate,"a Slovak Modra faience plate made of pale glazed earthenware, painted in cobalt blue, green, yellow, and manganese with stylized birds and folk flowers",,,,,,True,1011,pair_012_native_SS_g1_r1_s1011,pair_012,12,,,,,,False,1,sample_0749,1,pair_012_standalone_A_g1_r1_s1011,pair_012_standalone_B_g1_r1_s1011
knowledge_insufficiency,False,True,True,a Chinese Longquan celadon vase,"a Chinese Longquan celadon vase with a thick translucent sea-green glaze over a balanced stoneware form, showing carved lotus petals and defined ridges",a Thai Si Satchanalai celadon vase,"a Thai Si Satchanalai celadon vase with an olive-green crackled glaze over gray stoneware, showing incised lotus petals, ring bands, and a high-shouldered profile",3,2,True,False,False,True,1012,pair_030_native_SS_g1_r2_s1012,pair_030,30,2,2,True,False,False,True,2,sample_0750,1,pair_030_standalone_A_g1_r2_s1012,pair_030_standalone_B_g1_r2_s1012
missing_rating,,,,a Persian silver-filigree box,"a Persian silver-filigree box with delicate silver wire scrollwork forming an airy surface, showing repeated palmettes, rosettes, and geometric borders",a Yemeni silver-filigree box,"a Yemeni silver-filigree box with twisted silver wire, granulation, and applied bosses, showing compact geometric and amuletic patterns",,,,,,True,3033,pair_053_native_SS_g3_r3_s3033,pair_053,53,,,,,,False,3,sample_0751,3,pair_053_standalone_A_g3_r3_s3033,pair_053_standalone_B_g3_r3_s3033
composition_mechanism_failure,False,True,True,a Japanese Raku tea bowl,"a Japanese Raku tea bowl with a hand-shaped low-fired body and irregular black glaze, showing a warped rim and tactile matte-to-gloss surface",a Korean buncheong tea bowl,"a Korean buncheong tea bowl made of gray stoneware brushed with white slip, showing stamped, incised, or freely painted decoration beneath a translucent glaze",2,2,True,True,True,True,3031,pair_021_native_SS_g3_r1_s3031,pair_021,21,4,3,True,True,True,True,1,sample_0752,3,pair_021_standalone_A_g3_r1_s3031,pair_021_standalone_B_g3_r1_s3031
missing_rating,,,,a Persian minakari enamel plate,"a Persian minakari enamel plate with blue, turquoise, red, and white enamel over copper, showing floral arabesques and central medallions",a Georgian Minankari enamel plate,"a Georgian Minankari enamel plate with translucent jewel-toned enamel over engraved silver, showing compact flowers, birds, and scrolling vines outlined by metalwork",,,,,,False,1012,pair_050_native_SS_g1_r2_s1012,pair_050,50,,,,,,True,2,sample_0753,1,pair_050_standalone_A_g1_r2_s1012,pair_050_standalone_B_g1_r2_s1012
composition_mechanism_failure,True,True,True,a Chinese silk-brocade robe,"a Chinese silk-brocade robe woven with colored silk and gold thread, showing dragons, clouds, waves, and organized auspicious emblems",an Assamese muga-silk robe,"an Assamese muga-silk robe woven from naturally golden silk with red, green, and black supplementary motifs, showing stylized flowers and geometric borders",2,2,True,True,True,True,3031,pair_066_native_SS_g3_r1_s3031,pair_066,66,3,4,True,True,True,True,1,sample_0754,3,pair_066_standalone_A_g3_r1_s3031,pair_066_standalone_B_g3_r1_s3031
missing_rating,,,,a Spanish Toledo damascened box,"a Spanish Toledo damascened box made of blackened steel inlaid with gold and silver, showing Moorish arabesques and geometric filigree patterns",a Japanese nunome-zōgan metal-inlay box,"a Japanese nunome-zōgan metal-inlay box made of dark iron overlaid with gold and silver textile-like inlay, showing waves, flowers, and geometric bands",,,,,,True,1013,pair_045_native_SS_g1_r3_s1013,pair_045,45,,,,,,False,3,sample_0755,1,pair_045_standalone_A_g1_r3_s1013,pair_045_standalone_B_g1_r3_s1013
missing_rating,,,,a Moroccan Safi pottery vase,"a Moroccan Safi pottery vase with a glazed earthenware body painted in blue, green, yellow, and brown, showing arabesques and floral medallions",a Tunisian Nabeul pottery vase,"a Tunisian Nabeul pottery vase with a white glazed body painted in cobalt blue, turquoise, yellow, and green, showing fish, flowers, and Mediterranean geometric borders",,,,,,False,3032,pair_026_native_SS_g3_r2_s3032,pair_026,26,,,,,,False,2,sample_0756,3,pair_026_standalone_A_g3_r2_s3032,pair_026_standalone_B_g3_r2_s3032
missing_rating,,,,a Persian floral carpet,"a Persian floral carpet with a wool pile and central medallion, showing curving vines, palmettes, and flowers in deep red, blue, and ivory",a Turkmen Tekke carpet,"a Turkmen Tekke carpet with a deep red wool pile and repeated octagonal guls, showing compact black, white, and dark-blue tribal geometry",,,,,,True,3033,pair_081_native_SS_g3_r3_s3033,pair_081,81,,,,,,False,3,sample_0757,3,pair_081_standalone_A_g3_r3_s3033,pair_081_standalone_B_g3_r3_s3033
missing_rating,,,,a Korean Goryeo celadon maebyeong vase,"a Korean Goryeo celadon maebyeong vase with a green celadon glaze and pale slip inlay, showing cranes, clouds, and chrysanthemum medallions",a Thai Sawankhalok celadon jar,"a Thai Sawankhalok celadon jar with an olive-green crackled glaze on a stoneware body, showing incised lotus petals and simple ring bands",,,,,,False,1011,pair_011_native_SS_g1_r1_s1011,pair_011,11,,,,,,True,1,sample_0758,1,pair_011_standalone_A_g1_r1_s1011,pair_011_standalone_B_g1_r1_s1011
missing_rating,,,,a Moroccan Safi pottery vase,"a Moroccan Safi pottery vase with a glazed earthenware body painted in blue, green, yellow, and brown, showing arabesques and floral medallions",a Tunisian Nabeul pottery vase,"a Tunisian Nabeul pottery vase with a white glazed body painted in cobalt blue, turquoise, yellow, and green, showing fish, flowers, and Mediterranean geometric borders",,,,,,False,1011,pair_026_native_SS_g1_r1_s1011,pair_026,26,,,,,,False,1,sample_0759,1,pair_026_standalone_A_g1_r1_s1011,pair_026_standalone_B_g1_r1_s1011
missing_rating,,,,a Chinese carved cinnabar-lacquer box,"a Chinese carved cinnabar-lacquer box with thick vermilion lacquer carved in deep relief, showing peonies, dragons, and layered landscape scenes over geometric grounds",a Bhutanese lacquered wooden box,"a Bhutanese lacquered wooden box with a red or black lacquer surface, showing hand-painted lotus petals, cloud bands, and Buddhist auspicious motifs",,,,,,False,1011,pair_033_native_SS_g1_r1_s1011,pair_033,33,,,,,,True,1,sample_0760,1,pair_033_standalone_A_g1_r1_s1011,pair_033_standalone_B_g1_r1_s1011
no_consensus_shift,False,False,False,an Ottoman İznik ceramic plate,"an Ottoman İznik ceramic plate with a white fritware body, cobalt blue, turquoise, emerald green, and raised bole-red painting, showing tulips, carnations, and saz leaves",an Armenian Kütahya ceramic plate,"an Armenian Kütahya ceramic plate with a white glazed body and blue, green, yellow, and red painting, showing rosettes, crosses, birds, and floral borders",4,3,False,False,False,True,3033,pair_017_native_SS_g3_r3_s3033,pair_017,17,4,4,False,True,True,True,3,sample_0761,3,pair_017_standalone_A_g3_r3_s3033,pair_017_standalone_B_g3_r3_s3033
knowledge_insufficiency,True,False,True,a Panamanian mola textile panel,"a Panamanian mola textile panel made with layered reverse appliqué in colors, showing animals, plants, and maze-like geometric contours",a Ukrainian Hutsul embroidery panel,"a Ukrainian Hutsul embroidery panel worked in cross-stitch with red, orange, black, and green thread, showing diamonds, hooks, and repeated geometric bands",1,2,True,False,False,True,3033,pair_079_native_SS_g3_r3_s3033,pair_079,79,2,5,True,False,True,True,3,sample_0762,3,pair_079_standalone_A_g3_r3_s3033,pair_079_standalone_B_g3_r3_s3033
no_consensus_shift,False,False,False,an Indonesian batik cloth,"an Indonesian batik cloth with wax-resist dyeing in indigo, brown, and cream, showing parang diagonals, kawung rosettes, and densely repeated floral motifs",a Nigerian adire cloth,"a Nigerian adire cloth with indigo resist-dyed cotton, showing white circles, grids, comb-like marks, and hand-drawn or stitched geometric patterns",2,3,True,False,True,True,1012,pair_071_native_SS_g1_r2_s1012,pair_071,71,4,4,False,True,True,True,2,sample_0763,1,pair_071_standalone_A_g1_r2_s1012,pair_071_standalone_B_g1_r2_s1012
composition_mechanism_failure,True,False,True,a Mexican Otomi embroidery panel,"a Mexican Otomi embroidery panel worked in flat satin stitch on pale cotton, showing mirrored birds, deer, flowers, and fantastical animals",a Palestinian tatreez embroidery panel,"a Palestinian tatreez embroidery panel worked in red and multicolored cross-stitch, showing cypress trees, stars, feathers, and region-specific geometric motifs",2,3,True,True,True,True,2022,pair_074_native_SS_g2_r2_s2022,pair_074,74,3,4,True,True,True,True,2,sample_0764,2,pair_074_standalone_A_g2_r2_s2022,pair_074_standalone_B_g2_r2_s2022
mixed_or_uncertain,True,False,True,a Turkish flat-woven kilim,"a Turkish flat-woven kilim with interlocked wool wefts in red, blue, orange, and cream, showing hooked diamonds, ram horns, and stepped medallions",a Serbian Pirot kilim,"a Serbian Pirot kilim with a reversible flat weave and red, black, blue, and white geometry, showing turtles, hooks, and repeated protective motifs",2,3,True,False,True,True,2022,pair_086_native_SS_g2_r2_s2022,pair_086,86,2,4,True,True,True,True,2,sample_0765,2,pair_086_standalone_A_g2_r2_s2022,pair_086_standalone_B_g2_r2_s2022
missing_rating,,,,an Indian Banarasi brocade textile panel,"an Indian Banarasi brocade textile panel woven in rich silk with gold zari, showing floral buta, scrolling vines, and elaborate architectural borders",a Turkmen keteni silk textile panel,"a Turkmen keteni silk textile panel woven in narrow bands of red, yellow, green, and purple silk, showing stripes and geometric accents",,,,,,True,1013,pair_064_native_SS_g1_r3_s1013,pair_064,64,,,,,,False,3,sample_0766,1,pair_064_standalone_A_g1_r3_s1013,pair_064_standalone_B_g1_r3_s1013
mixed_or_uncertain,False,True,True,a Turkish flat-woven kilim,"a Turkish flat-woven kilim with interlocked wool wefts in red, blue, orange, and cream, showing hooked diamonds, ram horns, and stepped medallions",a Romanian Oltenian kilim,"a Romanian Oltenian kilim with a flat-woven wool surface in red, green, blue, and cream, showing stylized flowers, birds, and vertical bouquet arrangements",3,1,True,True,False,True,3032,pair_085_native_SS_g3_r2_s3032,pair_085,85,4,3,True,True,True,True,2,sample_0767,3,pair_085_standalone_A_g3_r2_s3032,pair_085_standalone_B_g3_r2_s3032
composition_mechanism_failure,False,True,True,a Chinese Dehua blanc-de-Chine porcelain figurine,"a Chinese Dehua blanc-de-Chine porcelain figurine with an ivory-white surface, modeled robes, and carved details without painted color",a Japanese Hirado porcelain figurine,"a Japanese Hirado porcelain figurine with delicate underglaze-blue accents, showing miniature modeling and textile details",4,3,True,True,True,True,1011,pair_009_native_SS_g1_r1_s1011,pair_009,9,4,3,True,True,True,True,1,sample_0768,1,pair_009_standalone_A_g1_r1_s1011,pair_009_standalone_B_g1_r1_s1011
missing_rating,,,,an English Wedgwood jasperware vase,"an English Wedgwood jasperware vase with a matte blue stoneware body and white relief decoration, showing classical figures, laurel swags, and geometric borders",a Portuguese Caldas da Rainha ceramic vase,"a Portuguese Caldas da Rainha ceramic vase with brightly glazed sculptural earthenware, showing naturalistic leaves, fruit, insects, and textured relief surfaces",,,,,,True,2021,pair_027_native_SS_g2_r1_s2021,pair_027,27,,,,,,False,1,sample_0769,2,pair_027_standalone_A_g2_r1_s2021,pair_027_standalone_B_g2_r1_s2021
missing_rating,,,,an English Wedgwood jasperware vase,"an English Wedgwood jasperware vase with a matte blue stoneware body and white relief decoration, showing classical figures, laurel swags, and geometric borders",a Portuguese Caldas da Rainha ceramic vase,"a Portuguese Caldas da Rainha ceramic vase with brightly glazed sculptural earthenware, showing naturalistic leaves, fruit, insects, and textured relief surfaces",,,,,,False,3032,pair_027_native_SS_g3_r2_s3032,pair_027,27,,,,,,False,2,sample_0770,3,pair_027_standalone_A_g3_r2_s3032,pair_027_standalone_B_g3_r2_s3032
mixed_or_uncertain,True,True,True,an ancient Greek black-figure ceramic amphora,"an ancient Greek black-figure ceramic amphora with black silhouettes on red clay, showing mythological figures arranged in horizontal narrative registers",an ancient Cypriot bichrome ceramic amphora,"an ancient Cypriot bichrome ceramic amphora with red and black painted lines on a pale clay body, showing concentric circles, birds, and compact geometric panels",3,2,True,True,False,True,3033,pair_023_native_SS_g3_r3_s3033,pair_023,23,4,4,True,True,False,True,3,sample_0771,3,pair_023_standalone_A_g3_r3_s3033,pair_023_standalone_B_g3_r3_s3033
composition_mechanism_failure,True,False,True,a French Sèvres porcelain vase,"a French Sèvres porcelain vase with a bleu-céleste ground, gilded bronze-like ornament, and painted floral or courtly reserve panels",a Russian Imperial Porcelain cobalt-net vase,"a Russian Imperial Porcelain cobalt-net vase with cobalt-blue lattice, gold intersections, and radiating rosette motifs",2,2,True,True,True,True,1013,pair_007_native_SS_g1_r3_s1013,pair_007,7,4,5,True,True,True,True,3,sample_0772,1,pair_007_standalone_A_g1_r3_s1013,pair_007_standalone_B_g1_r3_s1013
missing_rating,,,,a Persian minakari enamel plate,"a Persian minakari enamel plate with blue, turquoise, red, and white enamel over copper, showing floral arabesques and central medallions",a Georgian Minankari enamel plate,"a Georgian Minankari enamel plate with translucent jewel-toned enamel over engraved silver, showing compact flowers, birds, and scrolling vines outlined by metalwork",,,,,,True,3032,pair_050_native_SS_g3_r2_s3032,pair_050,50,,,,,,False,2,sample_0773,3,pair_050_standalone_A_g3_r2_s3032,pair_050_standalone_B_g3_r2_s3032
missing_rating,,,,a Spanish Toledo damascened vase,"a Spanish Toledo damascened vase made of blackened steel inlaid with gold and silver, showing Moorish arabesques and geometric filigree patterns",a Korean ipsa metal-inlay vase,"a Korean ipsa metal-inlay vase made of dark patinated metal inlaid with silver wire, showing cranes, clouds, and sparse linear landscape motifs",,,,,,True,2023,pair_046_native_SS_g2_r3_s2023,pair_046,46,,,,,,False,3,sample_0774,2,pair_046_standalone_A_g2_r3_s2023,pair_046_standalone_B_g2_r3_s2023
mixed_or_uncertain,True,True,True,a Chinese silk-brocade robe,"a Chinese silk-brocade robe woven with colored silk and gold thread, showing dragons, clouds, waves, and organized auspicious emblems",an Assamese muga-silk robe,"an Assamese muga-silk robe woven from naturally golden silk with red, green, and black supplementary motifs, showing stylized flowers and geometric borders",3,3,True,True,True,True,2022,pair_066_native_SS_g2_r2_s2022,pair_066,66,2,3,True,False,True,True,2,sample_0775,2,pair_066_standalone_A_g2_r2_s2022,pair_066_standalone_B_g2_r2_s2022
no_consensus_shift,False,False,False,a Japanese woven-bamboo basket,"a Japanese woven-bamboo basket made from split bamboo in a open weave, showing hexagonal plaiting, curved handles, and an asymmetrical sculptural profile",a Philippine nito-vine basket,"a Philippine nito-vine basket woven from dark nito vine over a lighter structural frame, showing tight black-and-tan spirals, diamonds, and rhythmic geometric bands",2,2,True,False,False,True,2022,pair_094_native_SS_g2_r2_s2022,pair_094,94,3,4,False,False,True,True,2,sample_0776,2,pair_094_standalone_A_g2_r2_s2022,pair_094_standalone_B_g2_r2_s2022
missing_rating,,,,a Dutch blue-and-white Delftware plate,"a Dutch blue-and-white Delftware plate with opaque white tin glaze, painted in cobalt blue with canal-house, tulip, and ornamental border motifs",a Slovak Modra faience plate,"a Slovak Modra faience plate made of pale glazed earthenware, painted in cobalt blue, green, yellow, and manganese with stylized birds and folk flowers",,,,,,False,1012,pair_012_native_SS_g1_r2_s1012,pair_012,12,,,,,,False,2,sample_0777,1,pair_012_standalone_A_g1_r2_s1012,pair_012_standalone_B_g1_r2_s1012
missing_rating,,,,a Chinese cloisonné vase,"a Chinese cloisonné vase with turquoise and cobalt-blue enamel cells separated by gilded metal wires, showing lotus, cloud, and auspicious motifs",a Georgian Minankari enamel vase,"a Georgian Minankari enamel vase with translucent jewel-toned enamel over engraved silver, showing compact flowers, birds, and scrolling vines outlined by metalwork",,,,,,True,2022,pair_041_native_SS_g2_r2_s2022,pair_041,41,,,,,,False,2,sample_0778,2,pair_041_standalone_A_g2_r2_s2022,pair_041_standalone_B_g2_r2_s2022
mixed_or_uncertain,True,True,True,an Indian Ajrakh block-printed cloth,"an Indian Ajrakh block-printed cloth with layered resist printing in indigo, madder red, black, and white, showing precisely repeated stars and interlocking geometry",a Chinese Nantong blue-calico cloth,"a Chinese Nantong blue-calico cloth with indigo resist dyeing on cotton, showing white flowers, birds, fish, and auspicious folk motifs against a deep-blue ground",2,2,True,False,False,True,3033,pair_073_native_SS_g3_r3_s3033,pair_073,73,2,3,True,True,True,True,3,sample_0779,3,pair_073_standalone_A_g3_r3_s3033,pair_073_standalone_B_g3_r3_s3033
missing_rating,,,,a Japanese Imari porcelain plate,"a Japanese Imari porcelain plate with cobalt-blue underglaze and iron-red and gold overglaze decoration, showing radial floral panels and patterned reserves",a Japanese Kutani porcelain plate,"a Japanese Kutani porcelain plate with polychrome overglaze enamels in green, yellow, red, purple, and blue, showing floral and landscape panels",,,,,,True,1013,pair_005_native_SS_g1_r3_s1013,pair_005,5,,,,,,False,3,sample_0780,1,pair_005_standalone_A_g1_r3_s1013,pair_005_standalone_B_g1_r3_s1013
no_consensus_shift,False,False,False,an Ottoman İznik ceramic plate,"an Ottoman İznik ceramic plate with a white fritware body, cobalt blue, turquoise, emerald green, and raised bole-red painting, showing tulips, carnations, and saz leaves",an Armenian Kütahya ceramic plate,"an Armenian Kütahya ceramic plate with a white glazed body and blue, green, yellow, and red painting, showing rosettes, crosses, birds, and floral borders",2,2,True,False,False,True,3031,pair_017_native_SS_g3_r1_s3031,pair_017,17,4,4,False,True,True,True,1,sample_0781,3,pair_017_standalone_A_g3_r1_s3031,pair_017_standalone_B_g3_r1_s3031
missing_rating,,,,an Indonesian batik cloth,"an Indonesian batik cloth with wax-resist dyeing in indigo, brown, and cream, showing parang diagonals, kawung rosettes, and densely repeated floral motifs",a Nigerian adire cloth,"a Nigerian adire cloth with indigo resist-dyed cotton, showing white circles, grids, comb-like marks, and hand-drawn or stitched geometric patterns",,,,,,True,3032,pair_071_native_SS_g3_r2_s3032,pair_071,71,,,,,,False,2,sample_0782,3,pair_071_standalone_A_g3_r2_s3032,pair_071_standalone_B_g3_r2_s3032
composition_mechanism_failure,True,False,True,a Moroccan Fes ceramic bowl,"a Moroccan Fes ceramic bowl with a white glazed body painted in cobalt blue, green, and yellow, showing organized star, arabesque, and palmette motifs",an Algerian Kabyle pottery bowl,"an Algerian Kabyle pottery bowl made of hand-built earthenware with red, black, and white painted decoration, showing triangles, chevrons, and protective geometric signs",2,4,True,True,False,True,1011,pair_018_native_SS_g1_r1_s1011,pair_018,18,2,3,True,True,True,True,1,sample_0783,1,pair_018_standalone_A_g1_r1_s1011,pair_018_standalone_B_g1_r1_s1011
missing_rating,,,,a Japanese maki-e lacquerware box,"a Japanese maki-e lacquerware box with deep black lacquer sprinkled with gold and silver powder, showing cranes, pine branches, and landscape motifs",a Thai lai rod nam lacquerware box,"a Thai lai rod nam lacquerware box with black lacquer covered by gold-leaf resist decoration, showing flame, deity, and scrolling vegetal patterns",,,,,,False,1012,pair_031_native_SS_g1_r2_s1012,pair_031,31,,,,,,True,2,sample_0784,1,pair_031_standalone_A_g1_r2_s1012,pair_031_standalone_B_g1_r2_s1012
missing_rating,,,,a Japanese Imari porcelain plate,"a Japanese Imari porcelain plate with cobalt-blue underglaze and iron-red and gold overglaze decoration, showing radial floral panels and patterned reserves",a Japanese Kutani porcelain plate,"a Japanese Kutani porcelain plate with polychrome overglaze enamels in green, yellow, red, purple, and blue, showing floral and landscape panels",,,,,,True,3033,pair_005_native_SS_g3_r3_s3033,pair_005,5,,,,,,False,3,sample_0785,3,pair_005_standalone_A_g3_r3_s3033,pair_005_standalone_B_g3_r3_s3033
mixed_or_uncertain,False,True,True,an Italian tooled-leather wall panel,"an Italian tooled-leather wall panel made from embossed and gilded leather, showing scrolling acanthus leaves, heraldic forms, and brown-and-gold relief",a Spanish Córdoba guadamecí leather panel,"a Spanish Córdoba guadamecí leather panel made from silvered, painted, and embossed leather, showing Renaissance arabesques, flowers, and richly colored metallic relief",3,2,True,False,False,True,3033,pair_097_native_SS_g3_r3_s3033,pair_097,97,4,2,True,False,True,True,3,sample_0786,3,pair_097_standalone_A_g3_r3_s3033,pair_097_standalone_B_g3_r3_s3033
missing_rating,,,,a Japanese sashiko textile panel,"a Japanese sashiko textile panel stitched with white running thread on indigo cotton, showing repeating hemp-leaf, wave, and linked-diamond reinforcement patterns",a Romanian ie-embroidery textile panel,"a Romanian ie-embroidery textile panel worked in red, black, blue, and metallic thread, showing vertical floral bands, diamonds, and region-specific geometric motifs",,,,,,True,2023,pair_076_native_SS_g2_r3_s2023,pair_076,76,,,,,,False,3,sample_0787,2,pair_076_standalone_A_g2_r3_s2023,pair_076_standalone_B_g2_r3_s2023
missing_rating,,,,a Mexican Mata Ortiz pottery jar,"a Mexican Mata Ortiz pottery jar with a thin-walled polished clay body and black-and-red painting, showing interlocking geometric and Mimbres-inspired animal motifs",a Serbian Zlakusa pottery jar,"a Serbian Zlakusa pottery jar made from clay mixed with ground calcite, showing a unglazed surface, rounded cooking-vessel form, and sparse incised bands",,,,,,False,2022,pair_025_native_SS_g2_r2_s2022,pair_025,25,,,,,,True,2,sample_0788,2,pair_025_standalone_A_g2_r2_s2022,pair_025_standalone_B_g2_r2_s2022
missing_rating,,,,a Japanese Bizen stoneware vase,"a Japanese Bizen stoneware vase with an unglazed reddish-brown body marked by natural ash deposits and flame flashes, showing an austere asymmetrical form",a French Puisaye stoneware vase,"a French Puisaye stoneware vase with a dark salt-glazed stoneware body and earthy brown-to-gray surface, showing incised bands and robust hand-thrown proportions",,,,,,False,3031,pair_029_native_SS_g3_r1_s3031,pair_029,29,,,,,,True,1,sample_0789,3,pair_029_standalone_A_g3_r1_s3031,pair_029_standalone_B_g3_r1_s3031
missing_rating,,,,a Japanese Imari porcelain plate,"a Japanese Imari porcelain plate with cobalt-blue underglaze and iron-red and gold overglaze decoration, showing radial floral panels and patterned reserves",a Japanese Kutani porcelain plate,"a Japanese Kutani porcelain plate with polychrome overglaze enamels in green, yellow, red, purple, and blue, showing floral and landscape panels",,,,,,False,2021,pair_005_native_SS_g2_r1_s2021,pair_005,5,,,,,,True,1,sample_0790,2,pair_005_standalone_A_g2_r1_s2021,pair_005_standalone_B_g2_r1_s2021
missing_rating,,,,an ancient Greek black-figure ceramic amphora,"an ancient Greek black-figure ceramic amphora with black silhouettes on red clay, showing mythological figures arranged in horizontal narrative registers",an ancient Cypriot bichrome ceramic amphora,"an ancient Cypriot bichrome ceramic amphora with red and black painted lines on a pale clay body, showing concentric circles, birds, and compact geometric panels",,,,,,False,3032,pair_023_native_SS_g3_r2_s3032,pair_023,23,,,,,,False,2,sample_0791,3,pair_023_standalone_A_g3_r2_s3032,pair_023_standalone_B_g3_r2_s3032
knowledge_insufficiency,True,False,True,an Indian Dhokra bronze figurine,"an Indian Dhokra bronze figurine made by lost-wax casting with an earthy bronze surface, showing elongated limbs, coiled-wire textures, and stylized tribal ornament",a Ghanaian Asante brass goldweight figurine,"a Ghanaian Asante brass goldweight figurine made by lost-wax casting in compact geometric form, showing a proverb-inspired human, animal, or tool motif with textured details",2,2,True,False,True,True,1012,pair_055_native_SS_g1_r2_s1012,pair_055,55,0,4,True,False,True,True,2,sample_0792,1,pair_055_standalone_A_g1_r2_s1012,pair_055_standalone_B_g1_r2_s1012
mixed_or_uncertain,True,True,True,an Indian Bidriware box,"an Indian Bidriware box made of blackened zinc alloy inlaid with silver, showing poppy flowers, geometric lattices, and arabesques",an Egyptian Mamluk-style inlaid-brass box,"an Egyptian Mamluk-style inlaid-brass box made of brass inlaid with silver and copper, showing monumental calligraphy, interlaced medallions, and geometric borders",2,2,True,True,False,True,1012,pair_048_native_SS_g1_r2_s1012,pair_048,48,2,2,True,True,True,True,2,sample_0793,1,pair_048_standalone_A_g1_r2_s1012,pair_048_standalone_B_g1_r2_s1012
missing_rating,,,,a Moroccan engraved-brass tray,"a Moroccan engraved-brass tray with a polished brass surface densely chased with radiating stars, arabesques, and scalloped geometric borders",a Persian qalamzani copper tray,"a Persian qalamzani copper tray with a darkened chased copper surface, showing hunting scenes, birds, flowers, and concentric arabesque bands",,,,,,True,1013,pair_051_native_SS_g1_r3_s1013,pair_051,51,,,,,,False,3,sample_0794,1,pair_051_standalone_A_g1_r3_s1013,pair_051_standalone_B_g1_r3_s1013
knowledge_insufficiency,True,True,True,an Inuit soapstone figurine,"an Inuit soapstone figurine carved from dark gray-green stone with rounded tactile surfaces, showing a compact animal or human figure with incised details",a Kenyan Kisii soapstone figurine,"a Kenyan Kisii soapstone figurine carved from pale soapstone and polished, showing an abstract intertwined human or animal form with rounded contours",2,2,True,False,False,True,1011,pair_100_native_SS_g1_r1_s1011,pair_100,100,2,3,True,False,False,True,1,sample_0795,1,pair_100_standalone_A_g1_r1_s1011,pair_100_standalone_B_g1_r1_s1011
missing_rating,,,,a Japanese woven-bamboo basket,"a Japanese woven-bamboo basket made from split bamboo in a open weave, showing hexagonal plaiting, curved handles, and an asymmetrical sculptural profile",a Philippine nito-vine basket,"a Philippine nito-vine basket woven from dark nito vine over a lighter structural frame, showing tight black-and-tan spirals, diamonds, and rhythmic geometric bands",,,,,,True,3032,pair_094_native_SS_g3_r2_s3032,pair_094,94,,,,,,False,2,sample_0796,3,pair_094_standalone_A_g3_r2_s3032,pair_094_standalone_B_g3_r2_s3032
composition_mechanism_failure,True,False,True,a Japanese Imari porcelain jar,"a Japanese Imari porcelain jar with cobalt-blue underglaze and iron-red and gold overglaze decoration, showing floral panels and patterned reserves",a Korean Joseon iron-painted porcelain jar,"a Korean Joseon iron-painted porcelain jar with freely brushed iron-brown decoration on white porcelain, showing dragons, bamboo, or abbreviated floral motifs",3,2,True,True,False,True,2022,pair_004_native_SS_g2_r2_s2022,pair_004,4,2,4,True,True,True,True,2,sample_0797,2,pair_004_standalone_A_g2_r2_s2022,pair_004_standalone_B_g2_r2_s2022
missing_rating,,,,a Chinese silk-embroidery panel,"a Chinese silk-embroidery panel worked in multicolored silk thread, showing peonies, birds, butterflies, and long-and-short stitch shading",a Vietnamese silk-embroidery panel,"a Vietnamese silk-embroidery panel worked in colored silk thread with delicate tonal blending, showing village landscapes, lotus ponds, and graceful birds",,,,,,False,2022,pair_065_native_SS_g2_r2_s2022,pair_065,65,,,,,,False,2,sample_0798,2,pair_065_standalone_A_g2_r2_s2022,pair_065_standalone_B_g2_r2_s2022
missing_rating,,,,a Chinese carved cinnabar-lacquer box,"a Chinese carved cinnabar-lacquer box with thick vermilion lacquer carved in deep relief, showing peonies, dragons, and layered landscape scenes over geometric grounds",a Bhutanese lacquered wooden box,"a Bhutanese lacquered wooden box with a red or black lacquer surface, showing hand-painted lotus petals, cloud bands, and Buddhist auspicious motifs",,,,,,False,3032,pair_033_native_SS_g3_r2_s3032,pair_033,33,,,,,,True,2,sample_0799,3,pair_033_standalone_A_g3_r2_s3032,pair_033_standalone_B_g3_r2_s3032
missing_rating,,,,a Persian floral carpet,"a Persian floral carpet with a wool pile and central medallion, showing curving vines, palmettes, and flowers in deep red, blue, and ivory",an Azerbaijani Kuba carpet,"an Azerbaijani Kuba carpet with a knotted wool pile, showing angular medallions, stylized animals, and blue, red, and ivory geometric borders",,,,,,True,1012,pair_082_native_SS_g1_r2_s1012,pair_082,82,,,,,,False,2,sample_0800,1,pair_082_standalone_A_g1_r2_s1012,pair_082_standalone_B_g1_r2_s1012
missing_rating,,,,a Chinese bronze ritual bowl,"a Chinese bronze ritual bowl with a dark patinated bronze surface and cast relief, showing taotie-like masks, leiwen spirals, and symmetrical handles",a Korean bangjja bronze bowl,"a Korean bangjja bronze bowl made of hand-hammered bronze with a golden surface, showing a clean resonant form, hammer marks, and minimal ornament",,,,,,False,3033,pair_060_native_SS_g3_r3_s3033,pair_060,60,,,,,,False,3,sample_0801,3,pair_060_standalone_A_g3_r3_s3033,pair_060_standalone_B_g3_r3_s3033
missing_rating,,,,a Russian brass samovar,"a Russian brass samovar with a polished urn-shaped body, side handles, and ornate spigot, showing engraved floral bands and architectural details",an Iranian Qajar brass samovar,"an Iranian Qajar brass samovar with a tall faceted brass body, curved handles, and engraved panels showing birds, flowers, and courtly motifs",,,,,,True,2022,pair_058_native_SS_g2_r2_s2022,pair_058,58,,,,,,False,2,sample_0802,2,pair_058_standalone_A_g2_r2_s2022,pair_058_standalone_B_g2_r2_s2022
missing_rating,,,,a Chinese cloisonné vase,"a Chinese cloisonné vase with turquoise and cobalt-blue enamel cells separated by gilded metal wires, showing lotus, cloud, and auspicious motifs",a Georgian Minankari enamel vase,"a Georgian Minankari enamel vase with translucent jewel-toned enamel over engraved silver, showing compact flowers, birds, and scrolling vines outlined by metalwork",,,,,,False,3033,pair_041_native_SS_g3_r3_s3033,pair_041,41,,,,,,True,3,sample_0803,3,pair_041_standalone_A_g3_r3_s3033,pair_041_standalone_B_g3_r3_s3033
missing_rating,,,,a Benin bronze relief plaque,"a Benin bronze relief plaque made of cast brass with high-relief court figures, showing patterned robes, coral regalia, and a hierarchical composition",a Nepalese repoussé copper plaque,"a Nepalese repoussé copper plaque made of hammered copper worked from the reverse, showing a Buddhist deity, lotus throne, and flame-like halo with gilded details",,,,,,True,1013,pair_056_native_SS_g1_r3_s1013,pair_056,56,,,,,,False,3,sample_0804,1,pair_056_standalone_A_g1_r3_s1013,pair_056_standalone_B_g1_r3_s1013
missing_rating,,,,a Mexican Mata Ortiz pottery jar,"a Mexican Mata Ortiz pottery jar with a thin-walled polished clay body and black-and-red painting, showing interlocking geometric and Mimbres-inspired animal motifs",a Serbian Zlakusa pottery jar,"a Serbian Zlakusa pottery jar made from clay mixed with ground calcite, showing a unglazed surface, rounded cooking-vessel form, and sparse incised bands",,,,,,False,3032,pair_025_native_SS_g3_r2_s3032,pair_025,25,,,,,,False,2,sample_0805,3,pair_025_standalone_A_g3_r2_s3032,pair_025_standalone_B_g3_r2_s3032
missing_rating,,,,a Japanese sashiko textile panel,"a Japanese sashiko textile panel stitched with white running thread on indigo cotton, showing repeating hemp-leaf, wave, and linked-diamond reinforcement patterns",a Romanian ie-embroidery textile panel,"a Romanian ie-embroidery textile panel worked in red, black, blue, and metallic thread, showing vertical floral bands, diamonds, and region-specific geometric motifs",,,,,,True,3031,pair_076_native_SS_g3_r1_s3031,pair_076,76,,,,,,False,1,sample_0806,3,pair_076_standalone_A_g3_r1_s3031,pair_076_standalone_B_g3_r1_s3031
missing_rating,,,,a Chinese blue-and-white porcelain vase,"a Chinese blue-and-white porcelain vase with cobalt-blue underglaze painting, showing Chinese landscape, lotus, and scrolling-cloud motifs",a Vietnamese Bát Tràng blue-and-white ceramic vase,"a Vietnamese Bát Tràng blue-and-white ceramic vase with cobalt-blue hand-painted decoration on pale glaze, showing stylized lotus, fish, and scrolling foliage",,,,,,True,2021,pair_001_native_SS_g2_r1_s2021,pair_001,1,,,,,,False,1,sample_0807,2,pair_001_standalone_A_g2_r1_s2021,pair_001_standalone_B_g2_r1_s2021
mixed_or_uncertain,False,True,True,an Acoma Pueblo pottery jar,"an Acoma Pueblo pottery jar with a pale clay body and black-and-red painting, showing -line rain, stepped-cloud, and interlocking geometric motifs",a Catawba burnished pottery jar,"a Catawba burnished pottery jar made of unglazed hand-coiled clay with a smoky brown surface, showing a polished finish and incised details",2,2,True,True,False,True,3031,pair_024_native_SS_g3_r1_s3031,pair_024,24,4,3,True,True,True,True,1,sample_0808,3,pair_024_standalone_A_g3_r1_s3031,pair_024_standalone_B_g3_r1_s3031
missing_rating,,,,a Mexican Taxco silver bowl,"a Mexican Taxco silver bowl with a polished hand-hammered silver surface and modern curves, showing geometric or pre-Columbian-inspired accents",an Indonesian Kotagede silver bowl,"an Indonesian Kotagede silver bowl with a oxidized silver surface worked in repoussé and filigree, showing lotus scrolls, vines, and stippled grounds",,,,,,True,1013,pair_054_native_SS_g1_r3_s1013,pair_054,54,,,,,,False,3,sample_0809,1,pair_054_standalone_A_g1_r3_s1013,pair_054_standalone_B_g1_r3_s1013
no_consensus_shift,False,False,False,a Persian silver-filigree box,"a Persian silver-filigree box with delicate silver wire scrollwork forming an airy surface, showing repeated palmettes, rosettes, and geometric borders",a Yemeni silver-filigree box,"a Yemeni silver-filigree box with twisted silver wire, granulation, and applied bosses, showing compact geometric and amuletic patterns",3,3,True,True,True,True,2023,pair_053_native_SS_g2_r3_s2023,pair_053,53,5,5,False,True,True,True,3,sample_0810,2,pair_053_standalone_A_g2_r3_s2023,pair_053_standalone_B_g2_r3_s2023
missing_rating,,,,a Persian floral carpet,"a Persian floral carpet with a wool pile and central medallion, showing curving vines, palmettes, and flowers in deep red, blue, and ivory",a Turkmen Tekke carpet,"a Turkmen Tekke carpet with a deep red wool pile and repeated octagonal guls, showing compact black, white, and dark-blue tribal geometry",,,,,,True,3032,pair_081_native_SS_g3_r2_s3032,pair_081,81,,,,,,False,2,sample_0811,3,pair_081_standalone_A_g3_r2_s3032,pair_081_standalone_B_g3_r2_s3032
knowledge_insufficiency,True,False,True,a Chinese sancai glazed ceramic jar,"a Chinese sancai glazed ceramic jar with amber, green, and cream lead glazes over a rounded earthenware body, showing drips and molded relief bands",a Peruvian Chulucanas pottery jar,"a Peruvian Chulucanas pottery jar with a burnished clay surface in black, cream, and brown, showing negative-painted geometric bands and abstract figures",2,3,True,False,True,True,1011,pair_022_native_SS_g1_r1_s1011,pair_022,22,2,5,True,False,True,True,1,sample_0812,1,pair_022_standalone_A_g1_r1_s1011,pair_022_standalone_B_g1_r1_s1011
missing_rating,,,,an Ottoman tinned-copper ewer,"an Ottoman tinned-copper ewer with a reflective silver-toned tinned surface, tall curved spout, and chased tulip, cypress, and arabesque decoration",a Bosnian engraved-copper coffee ewer,"a Bosnian engraved-copper coffee ewer with a copper body, long curved spout, and hand-hammered rosette, star, and interlaced geometric motifs",,,,,,True,2021,pair_052_native_SS_g2_r1_s2021,pair_052,52,,,,,,False,1,sample_0813,2,pair_052_standalone_A_g2_r1_s2021,pair_052_standalone_B_g2_r1_s2021
missing_rating,,,,an Ottoman tinned-copper ewer,"an Ottoman tinned-copper ewer with a reflective silver-toned tinned surface, tall curved spout, and chased tulip, cypress, and arabesque decoration",a Bosnian engraved-copper coffee ewer,"a Bosnian engraved-copper coffee ewer with a copper body, long curved spout, and hand-hammered rosette, star, and interlaced geometric motifs",,,,,,True,2022,pair_052_native_SS_g2_r2_s2022,pair_052,52,,,,,,False,2,sample_0814,2,pair_052_standalone_A_g2_r2_s2022,pair_052_standalone_B_g2_r2_s2022
missing_rating,,,,an Indian Banarasi brocade sari,"an Indian Banarasi brocade sari woven in rich silk with gold zari, showing floral buta, scrolling vines, and elaborate architectural borders",a Bhutanese kushuthara silk kira,"a Bhutanese kushuthara silk kira woven in silk with supplementary-weft patterning, showing geometric flowers, diamonds, and horizontal bands",,,,,,True,3031,pair_063_native_SS_g3_r1_s3031,pair_063,63,,,,,,False,1,sample_0815,3,pair_063_standalone_A_g3_r1_s3031,pair_063_standalone_B_g3_r1_s3031
missing_rating,,,,an Indonesian batik textile panel,"an Indonesian batik textile panel with wax-resist dyeing in indigo, brown, and cream, showing parang diagonals, kawung rosettes, and densely repeated floral motifs",a Japanese katazome textile panel,"a Japanese katazome textile panel with stencil-resist dyeing on cotton in indigo and white, showing waves, chrysanthemums, birds, and repeating geometric motifs",,,,,,False,2021,pair_072_native_SS_g2_r1_s2021,pair_072,72,,,,,,True,1,sample_0816,2,pair_072_standalone_A_g2_r1_s2021,pair_072_standalone_B_g2_r1_s2021
missing_rating,,,,a German Meissen porcelain figurine,"a German Meissen porcelain figurine with modeled forms, painted in overglaze colors with gilded Rococo details",an Italian Capodimonte porcelain figurine,"an Italian Capodimonte porcelain figurine with modeled porcelain drapery and flowers, painted in pastel colors with theatrical Baroque gestures",,,,,,True,1013,pair_006_native_SS_g1_r3_s1013,pair_006,6,,,,,,False,3,sample_0817,1,pair_006_standalone_A_g1_r3_s1013,pair_006_standalone_B_g1_r3_s1013
missing_rating,,,,an Italian Renaissance maiolica vase,"an Italian Renaissance maiolica vase with opaque white tin glaze, painted in cobalt blue, ochre yellow, copper green, and manganese purple with a figurative medallion and scrolling foliage",a Spanish Manises lusterware vase,"a Spanish Manises lusterware vase made of tin-glazed earthenware with coppery metallic luster, showing cobalt-blue vines, heraldic shields, and repeating leaf motifs",,,,,,False,2021,pair_015_native_SS_g2_r1_s2021,pair_015,15,,,,,,True,1,sample_0818,2,pair_015_standalone_A_g2_r1_s2021,pair_015_standalone_B_g2_r1_s2021
missing_rating,,,,a Scottish tartan wool blanket,"a Scottish tartan wool blanket woven in colored wool with intersecting horizontal and vertical stripes, forming a balanced repeating clan-associated check pattern",a Swedish rya wool rug,"a Swedish rya wool rug with a long wool pile and woven backing, showing geometric diamonds, stripes, and abstract color fields",,,,,,False,1012,pair_087_native_SS_g1_r2_s1012,pair_087,87,,,,,,False,2,sample_0819,1,pair_087_standalone_A_g1_r2_s1012,pair_087_standalone_B_g1_r2_s1012
knowledge_insufficiency,True,True,True,an Indian Dhokra bronze figurine,"an Indian Dhokra bronze figurine made by lost-wax casting with an earthy bronze surface, showing elongated limbs, coiled-wire textures, and stylized tribal ornament",a Ghanaian Asante brass goldweight figurine,"a Ghanaian Asante brass goldweight figurine made by lost-wax casting in compact geometric form, showing a proverb-inspired human, animal, or tool motif with textured details",3,2,True,False,False,True,2023,pair_055_native_SS_g2_r3_s2023,pair_055,55,0,0,True,False,False,True,3,sample_0820,2,pair_055_standalone_A_g2_r3_s2023,pair_055_standalone_B_g2_r3_s2023
missing_rating,,,,a Persian minakari enamel plate,"a Persian minakari enamel plate with blue, turquoise, red, and white enamel over copper, showing floral arabesques and central medallions",a Georgian Minankari enamel plate,"a Georgian Minankari enamel plate with translucent jewel-toned enamel over engraved silver, showing compact flowers, birds, and scrolling vines outlined by metalwork",,,,,,False,3031,pair_050_native_SS_g3_r1_s3031,pair_050,50,,,,,,False,1,sample_0821,3,pair_050_standalone_A_g3_r1_s3031,pair_050_standalone_B_g3_r1_s3031
missing_rating,,,,a Navajo coiled basket,"a Navajo coiled basket woven from plant fibers in a shallow circular form, showing a central opening and radiating red, black, and natural spiral motifs",a Panamanian Wounaan chunga basket,"a Panamanian Wounaan chunga basket coiled from palm fiber, showing exceptionally tight weaving and animal, plant, or geometric motifs in black and colors",,,,,,True,1013,pair_095_native_SS_g1_r3_s1013,pair_095,95,,,,,,False,3,sample_0822,1,pair_095_standalone_A_g1_r3_s1013,pair_095_standalone_B_g1_r3_s1013
missing_rating,,,,an Acoma Pueblo pottery jar,"an Acoma Pueblo pottery jar with a pale clay body and black-and-red painting, showing -line rain, stepped-cloud, and interlocking geometric motifs",a Catawba burnished pottery jar,"a Catawba burnished pottery jar made of unglazed hand-coiled clay with a smoky brown surface, showing a polished finish and incised details",,,,,,True,2021,pair_024_native_SS_g2_r1_s2021,pair_024,24,,,,,,False,1,sample_0823,2,pair_024_standalone_A_g2_r1_s2021,pair_024_standalone_B_g2_r1_s2021
missing_rating,,,,a Hungarian Matyó embroidery panel,"a Hungarian Matyó embroidery panel worked in red, pink, blue, yellow, and green thread, showing densely packed roses and curling floral sprays",a Slovak Detva embroidery panel,"a Slovak Detva embroidery panel worked in chain stitch and satin stitch, showing compact geometric flowers, hearts, and rhythmic folk borders",,,,,,True,1011,pair_077_native_SS_g1_r1_s1011,pair_077,77,,,,,,False,1,sample_0824,1,pair_077_standalone_A_g1_r1_s1011,pair_077_standalone_B_g1_r1_s1011
missing_rating,,,,a Mexican Taxco silver bowl,"a Mexican Taxco silver bowl with a polished hand-hammered silver surface and modern curves, showing geometric or pre-Columbian-inspired accents",an Indonesian Kotagede silver bowl,"an Indonesian Kotagede silver bowl with a oxidized silver surface worked in repoussé and filigree, showing lotus scrolls, vines, and stippled grounds",,,,,,True,1012,pair_054_native_SS_g1_r2_s1012,pair_054,54,,,,,,False,2,sample_0825,1,pair_054_standalone_A_g1_r2_s1012,pair_054_standalone_B_g1_r2_s1012
composition_mechanism_failure,False,True,True,a Japanese sashiko textile panel,"a Japanese sashiko textile panel stitched with white running thread on indigo cotton, showing repeating hemp-leaf, wave, and linked-diamond reinforcement patterns",a Romanian ie-embroidery textile panel,"a Romanian ie-embroidery textile panel worked in red, black, blue, and metallic thread, showing vertical floral bands, diamonds, and region-specific geometric motifs",4,2,True,True,True,True,1013,pair_076_native_SS_g1_r3_s1013,pair_076,76,2,1,True,False,True,True,3,sample_0826,1,pair_076_standalone_A_g1_r3_s1013,pair_076_standalone_B_g1_r3_s1013
mixed_or_uncertain,True,True,True,a Spanish Toledo damascened box,"a Spanish Toledo damascened box made of blackened steel inlaid with gold and silver, showing Moorish arabesques and geometric filigree patterns",a Japanese nunome-zōgan metal-inlay box,"a Japanese nunome-zōgan metal-inlay box made of dark iron overlaid with gold and silver textile-like inlay, showing waves, flowers, and geometric bands",2,3,True,True,False,True,3031,pair_045_native_SS_g3_r1_s3031,pair_045,45,2,3,True,False,True,True,1,sample_0827,3,pair_045_standalone_A_g3_r1_s3031,pair_045_standalone_B_g3_r1_s3031
missing_rating,,,,a Chinese sancai glazed ceramic jar,"a Chinese sancai glazed ceramic jar with amber, green, and cream lead glazes over a rounded earthenware body, showing drips and molded relief bands",a Peruvian Chulucanas pottery jar,"a Peruvian Chulucanas pottery jar with a burnished clay surface in black, cream, and brown, showing negative-painted geometric bands and abstract figures",,,,,,False,2021,pair_022_native_SS_g2_r1_s2021,pair_022,22,,,,,,False,1,sample_0828,2,pair_022_standalone_A_g2_r1_s2021,pair_022_standalone_B_g2_r1_s2021
missing_rating,,,,a Chinese bronze ritual bowl,"a Chinese bronze ritual bowl with a dark patinated bronze surface and cast relief, showing taotie-like masks, leiwen spirals, and symmetrical handles",a Korean bangjja bronze bowl,"a Korean bangjja bronze bowl made of hand-hammered bronze with a golden surface, showing a clean resonant form, hammer marks, and minimal ornament",,,,,,True,1012,pair_060_native_SS_g1_r2_s1012,pair_060,60,,,,,,False,2,sample_0829,1,pair_060_standalone_A_g1_r2_s1012,pair_060_standalone_B_g1_r2_s1012
shift_location_disagreement,False,False,True,a Moroccan geometric wool rug,"a Moroccan geometric wool rug with a hand-knotted or flat-woven wool surface, showing diamonds, zigzags, and irregular bands in earth colors",an Afghan Baluch wool rug,"an Afghan Baluch wool rug with a dark wool pile in deep red, brown, navy, and ivory, showing repeated prayer niches, hooked medallions, and compact tribal borders",4,2,True,True,True,True,3032,pair_090_native_SS_g3_r2_s3032,pair_090,90,3,4,True,True,True,True,2,sample_0830,3,pair_090_standalone_A_g3_r2_s3032,pair_090_standalone_B_g3_r2_s3032
missing_rating,,,,an ancient Greek black-figure ceramic amphora,"an ancient Greek black-figure ceramic amphora with black silhouettes on red clay, showing mythological figures arranged in horizontal narrative registers",an ancient Cypriot bichrome ceramic amphora,"an ancient Cypriot bichrome ceramic amphora with red and black painted lines on a pale clay body, showing concentric circles, birds, and compact geometric panels",,,,,,False,1012,pair_023_native_SS_g1_r2_s1012,pair_023,23,,,,,,True,2,sample_0831,1,pair_023_standalone_A_g1_r2_s1012,pair_023_standalone_B_g1_r2_s1012
missing_rating,,,,an Indian kantha quilt,"an Indian kantha quilt made from layered cotton joined by running stitches, showing rippling lines, lotus flowers, animals, and narrative folk scenes",a Korean bojagi patchwork wrapping cloth,"a Korean bojagi patchwork wrapping cloth assembled from translucent or opaque fabric rectangles, showing asymmetrical geometric seams and jewel-toned color blocks",,,,,,True,3031,pair_078_native_SS_g3_r1_s3031,pair_078,78,,,,,,False,1,sample_0832,3,pair_078_standalone_A_g3_r1_s3031,pair_078_standalone_B_g3_r1_s3031
missing_rating,,,,a Chinese blue-and-white porcelain plate,"a Chinese blue-and-white porcelain plate with cobalt-blue underglaze painting, showing Chinese landscape, lotus, and scrolling-cloud motifs",a Japanese Nabeshima porcelain plate,"a Japanese Nabeshima porcelain plate with underglaze-blue outlines and sparse overglaze color, showing asymmetrical flowers, textiles, and geometric border motifs",,,,,,False,3033,pair_002_native_SS_g3_r3_s3033,pair_002,2,,,,,,True,3,sample_0833,3,pair_002_standalone_A_g3_r3_s3033,pair_002_standalone_B_g3_r3_s3033
missing_rating,,,,a Chinese blue-and-white porcelain vase,"a Chinese blue-and-white porcelain vase with cobalt-blue underglaze painting, showing Chinese landscape, lotus, and scrolling-cloud motifs",a Thai Bencharong porcelain vase,"a Thai Bencharong porcelain vase with polychrome overglaze enamel and gold outlines, showing repeating flame, deity, and floral motifs on a dark ground",,,,,,False,3031,pair_003_native_SS_g3_r1_s3031,pair_003,3,,,,,,False,1,sample_0834,3,pair_003_standalone_A_g3_r1_s3031,pair_003_standalone_B_g3_r1_s3031
missing_rating,,,,a Persian floral carpet,"a Persian floral carpet with a wool pile and central medallion, showing curving vines, palmettes, and flowers in deep red, blue, and ivory",a Turkmen Tekke carpet,"a Turkmen Tekke carpet with a deep red wool pile and repeated octagonal guls, showing compact black, white, and dark-blue tribal geometry",,,,,,True,2021,pair_081_native_SS_g2_r1_s2021,pair_081,81,,,,,,False,1,sample_0835,2,pair_081_standalone_A_g2_r1_s2021,pair_081_standalone_B_g2_r1_s2021
missing_rating,,,,an Indian Bidriware box,"an Indian Bidriware box made of blackened zinc alloy inlaid with silver, showing poppy flowers, geometric lattices, and arabesques",an Egyptian Mamluk-style inlaid-brass box,"an Egyptian Mamluk-style inlaid-brass box made of brass inlaid with silver and copper, showing monumental calligraphy, interlaced medallions, and geometric borders",,,,,,False,3032,pair_048_native_SS_g3_r2_s3032,pair_048,48,,,,,,True,2,sample_0836,3,pair_048_standalone_A_g3_r2_s3032,pair_048_standalone_B_g3_r2_s3032
missing_rating,,,,an Italian Renaissance maiolica plate,"an Italian Renaissance maiolica plate with opaque white tin glaze, painted in cobalt blue, ochre yellow, copper green, and manganese purple with a figurative medallion and scrolling foliage",a French Nevers faience plate,"a French Nevers faience plate with white tin glaze, painted in deep blue, yellow, and manganese with heraldic, pastoral, and symmetrical floral motifs",,,,,,True,2023,pair_014_native_SS_g2_r3_s2023,pair_014,14,,,,,,False,3,sample_0837,2,pair_014_standalone_A_g2_r3_s2023,pair_014_standalone_B_g2_r3_s2023
mixed_or_uncertain,False,True,True,a Turkish flat-woven kilim,"a Turkish flat-woven kilim with interlocked wool wefts in red, blue, orange, and cream, showing hooked diamonds, ram horns, and stepped medallions",a Romanian Oltenian kilim,"a Romanian Oltenian kilim with a flat-woven wool surface in red, green, blue, and cream, showing stylized flowers, birds, and vertical bouquet arrangements",4,2,True,False,False,True,1012,pair_085_native_SS_g1_r2_s1012,pair_085,85,4,2,True,True,True,True,2,sample_0838,1,pair_085_standalone_A_g1_r2_s1012,pair_085_standalone_B_g1_r2_s1012
mixed_or_uncertain,True,True,True,an Italian tooled-leather wall panel,"an Italian tooled-leather wall panel made from embossed and gilded leather, showing scrolling acanthus leaves, heraldic forms, and brown-and-gold relief",a Spanish Córdoba guadamecí leather panel,"a Spanish Córdoba guadamecí leather panel made from silvered, painted, and embossed leather, showing Renaissance arabesques, flowers, and richly colored metallic relief",2,2,True,True,False,True,3032,pair_097_native_SS_g3_r2_s3032,pair_097,97,5,3,True,True,True,True,2,sample_0839,3,pair_097_standalone_A_g3_r2_s3032,pair_097_standalone_B_g3_r2_s3032
missing_rating,,,,a Bohemian cut-glass vase,"a Bohemian cut-glass vase made from clear or ruby-overlaid crystal with deep wheel-cut facets, showing stars, fans, and sharply sparkling geometric panels",a Czech Železný Brod art-glass vase,"a Czech Železný Brod art-glass vase made from hand-shaped colored glass with clean modern curves, showing layered transparent tones, internal bubbles, and sculptural forms",,,,,,False,2022,pair_092_native_SS_g2_r2_s2022,pair_092,92,,,,,,True,2,sample_0840,2,pair_092_standalone_A_g2_r2_s2022,pair_092_standalone_B_g2_r2_s2022
missing_rating,,,,a Chinese blue-and-white porcelain vase,"a Chinese blue-and-white porcelain vase with cobalt-blue underglaze painting, showing Chinese landscape, lotus, and scrolling-cloud motifs",a Vietnamese Bát Tràng blue-and-white ceramic vase,"a Vietnamese Bát Tràng blue-and-white ceramic vase with cobalt-blue hand-painted decoration on pale glaze, showing stylized lotus, fish, and scrolling foliage",,,,,,False,3033,pair_001_native_SS_g3_r3_s3033,pair_001,1,,,,,,False,3,sample_0841,3,pair_001_standalone_A_g3_r3_s3033,pair_001_standalone_B_g3_r3_s3033
composition_mechanism_failure,False,True,True,a Japanese silk kimono,"a Japanese silk kimono with a lustrous woven ground and dyed or embroidered decoration, showing cranes, cherry blossoms, water, and seasonal motifs",a Lao sinh silk skirt,"a Lao sinh silk skirt with supplementary-weft silk bands and patterned borders, showing diamonds, serpents, temple forms, and jewel colors",4,2,True,True,True,True,1011,pair_061_native_SS_g1_r1_s1011,pair_061,61,3,2,True,True,True,True,1,sample_0842,1,pair_061_standalone_A_g1_r1_s1011,pair_061_standalone_B_g1_r1_s1011
mixed_or_uncertain,False,True,True,a Mexican Talavera de Puebla plate,"a Mexican Talavera de Puebla plate with opaque white tin glaze, decorated with cobalt-blue, yellow, green, and orange painted floral and geometric bands",a Romanian Horezu pottery plate,"a Romanian Horezu pottery plate made of glazed earthenware with combed slip decoration, showing brown, green, blue, and ochre spirals, rosettes, and the Horezu rooster",4,1,True,True,False,True,3033,pair_016_native_SS_g3_r3_s3033,pair_016,16,5,3,True,True,True,True,3,sample_0843,3,pair_016_standalone_A_g3_r3_s3033,pair_016_standalone_B_g3_r3_s3033
missing_rating,,,,a Japanese raden lacquerware tray,"a Japanese raden lacquerware tray with deep black lacquer and iridescent mother-of-pearl shell inlay forming bird, flower, and geometric motifs",a Korean najeonchilgi lacquerware tray,"a Korean najeonchilgi lacquerware tray with black lacquer and mother-of-pearl inlay, showing chrysanthemum scrolls, cranes, and repeated geometric borders",,,,,,True,1011,pair_035_native_SS_g1_r1_s1011,pair_035,35,,,,,,False,1,sample_0844,1,pair_035_standalone_A_g1_r1_s1011,pair_035_standalone_B_g1_r1_s1011
no_consensus_shift,False,False,False,an Ottoman İznik ceramic plate,"an Ottoman İznik ceramic plate with a white fritware body, cobalt blue, turquoise, emerald green, and raised bole-red painting, showing tulips, carnations, and saz leaves",an Armenian Kütahya ceramic plate,"an Armenian Kütahya ceramic plate with a white glazed body and blue, green, yellow, and red painting, showing rosettes, crosses, birds, and floral borders",3,2,True,False,False,True,3032,pair_017_native_SS_g3_r2_s3032,pair_017,17,5,5,False,True,True,True,2,sample_0845,3,pair_017_standalone_A_g3_r2_s3032,pair_017_standalone_B_g3_r2_s3032
missing_rating,,,,a Japanese brocade obi sash,"a Japanese brocade obi sash woven in silk and metallic thread, showing large chrysanthemums, cranes, fans, and rhythmic geometric grounds",a Korean gold-thread brocade sash,"a Korean gold-thread brocade sash woven in colored silk with metallic thread, showing compact clouds, peonies, phoenixes, and repeating geometric borders",,,,,,True,1011,pair_067_native_SS_g1_r1_s1011,pair_067,67,,,,,,False,1,sample_0846,1,pair_067_standalone_A_g1_r1_s1011,pair_067_standalone_B_g1_r1_s1011
composition_mechanism_failure,True,False,True,an Acoma Pueblo pottery jar,"an Acoma Pueblo pottery jar with a pale clay body and black-and-red painting, showing -line rain, stepped-cloud, and interlocking geometric motifs",a Catawba burnished pottery jar,"a Catawba burnished pottery jar made of unglazed hand-coiled clay with a smoky brown surface, showing a polished finish and incised details",2,3,True,True,True,True,3032,pair_024_native_SS_g3_r2_s3032,pair_024,24,3,5,True,True,True,True,2,sample_0847,3,pair_024_standalone_A_g3_r2_s3032,pair_024_standalone_B_g3_r2_s3032
missing_rating,,,,a Russian brass samovar,"a Russian brass samovar with a polished urn-shaped body, side handles, and ornate spigot, showing engraved floral bands and architectural details",an Iranian Qajar brass samovar,"an Iranian Qajar brass samovar with a tall faceted brass body, curved handles, and engraved panels showing birds, flowers, and courtly motifs",,,,,,False,2023,pair_058_native_SS_g2_r3_s2023,pair_058,58,,,,,,False,3,sample_0848,2,pair_058_standalone_A_g2_r3_s2023,pair_058_standalone_B_g2_r3_s2023
missing_rating,,,,an Indian Banarasi brocade sari,"an Indian Banarasi brocade sari woven in rich silk with gold zari, showing floral buta, scrolling vines, and elaborate architectural borders",a Bhutanese kushuthara silk kira,"a Bhutanese kushuthara silk kira woven in silk with supplementary-weft patterning, showing geometric flowers, diamonds, and horizontal bands",,,,,,False,3033,pair_063_native_SS_g3_r3_s3033,pair_063,63,,,,,,False,3,sample_0849,3,pair_063_standalone_A_g3_r3_s3033,pair_063_standalone_B_g3_r3_s3033
missing_rating,,,,a Persian floral carpet,"a Persian floral carpet with a wool pile and central medallion, showing curving vines, palmettes, and flowers in deep red, blue, and ivory",an Azerbaijani Kuba carpet,"an Azerbaijani Kuba carpet with a knotted wool pile, showing angular medallions, stylized animals, and blue, red, and ivory geometric borders",,,,,,True,2023,pair_082_native_SS_g2_r3_s2023,pair_082,82,,,,,,False,3,sample_0850,2,pair_082_standalone_A_g2_r3_s2023,pair_082_standalone_B_g2_r3_s2023
missing_rating,,,,a Moroccan tooled-leather box,"a Moroccan tooled-leather box covered in brown leather with stamped and painted ornament, showing stars, arabesques, and scalloped geometric borders",a Tuareg tooled-leather box,"a Tuareg tooled-leather box covered in dark leather with incised and colored decoration, showing triangles, crosses, zigzags, and applied metal studs",,,,,,False,2021,pair_096_native_SS_g2_r1_s2021,pair_096,96,,,,,,False,1,sample_0851,2,pair_096_standalone_A_g2_r1_s2021,pair_096_standalone_B_g2_r1_s2021
missing_rating,,,,an Indian kantha quilt,"an Indian kantha quilt made from layered cotton joined by running stitches, showing rippling lines, lotus flowers, animals, and narrative folk scenes",a Korean bojagi patchwork wrapping cloth,"a Korean bojagi patchwork wrapping cloth assembled from translucent or opaque fabric rectangles, showing asymmetrical geometric seams and jewel-toned color blocks",,,,,,True,1011,pair_078_native_SS_g1_r1_s1011,pair_078,78,,,,,,False,1,sample_0852,1,pair_078_standalone_A_g1_r1_s1011,pair_078_standalone_B_g1_r1_s1011
missing_rating,,,,a Japanese Imari porcelain jar,"a Japanese Imari porcelain jar with cobalt-blue underglaze and iron-red and gold overglaze decoration, showing floral panels and patterned reserves",a Korean Joseon iron-painted porcelain jar,"a Korean Joseon iron-painted porcelain jar with freely brushed iron-brown decoration on white porcelain, showing dragons, bamboo, or abbreviated floral motifs",,,,,,False,2023,pair_004_native_SS_g2_r3_s2023,pair_004,4,,,,,,False,3,sample_0853,2,pair_004_standalone_A_g2_r3_s2023,pair_004_standalone_B_g2_r3_s2023
missing_rating,,,,a Tibetan silver ritual box,"a Tibetan silver ritual box with repoussé silver, turquoise settings, and gilded details, showing lotus petals, cloud scrolls, and Buddhist auspicious symbols",a Balkan silver-filigree reliquary box,"a Balkan silver-filigree reliquary box with twisted silver wire and granulated bosses, showing crosses, rosettes, and compact geometric latticework",,,,,,False,3031,pair_059_native_SS_g3_r1_s3031,pair_059,59,,,,,,False,1,sample_0854,3,pair_059_standalone_A_g3_r1_s3031,pair_059_standalone_B_g3_r1_s3031
no_consensus_shift,False,False,False,a Chinese celadon ceramic bowl,"a Chinese celadon ceramic bowl with translucent blue-green glaze, showing carved lotus petals beneath the glaze",a Vietnamese Lý–Trần celadon ceramic bowl,"a Vietnamese Lý–Trần celadon ceramic bowl with a pale jade-green glaze and lightly crackled surface, showing carved lotus petals and combed floral decoration",4,3,True,False,False,True,2021,pair_010_native_SS_g2_r1_s2021,pair_010,10,4,4,False,False,False,True,1,sample_0855,2,pair_010_standalone_A_g2_r1_s2021,pair_010_standalone_B_g2_r1_s2021
missing_rating,,,,a Venetian Murano glass vase,"a Venetian Murano glass vase made from vividly colored blown glass with layered canes, showing curves, millefiori accents, and polished translucent depth",a Palestinian Hebron blown-glass vase,"a Palestinian Hebron blown-glass vase made from recycled glass in translucent turquoise and green, showing a irregular hand-blown body, bubbles, and applied glass trails",,,,,,True,2023,pair_091_native_SS_g2_r3_s2023,pair_091,91,,,,,,False,3,sample_0856,2,pair_091_standalone_A_g2_r3_s2023,pair_091_standalone_B_g2_r3_s2023
missing_rating,,,,an Indian Patola double-ikat textile panel,"an Indian Patola double-ikat textile panel woven from precisely resist-dyed silk warp and weft, showing dancing figures, elephants, flowers, and geometric grids",a Timorese tais textile panel,"a Timorese tais textile panel woven in cotton warp ikat with red, black, yellow, and white bands, showing hooks, diamonds, and locally specific ancestral motifs",,,,,,True,2021,pair_070_native_SS_g2_r1_s2021,pair_070,70,,,,,,False,1,sample_0857,2,pair_070_standalone_A_g2_r1_s2021,pair_070_standalone_B_g2_r1_s2021
missing_rating,,,,a Spanish Toledo damascened box,"a Spanish Toledo damascened box made of blackened steel inlaid with gold and silver, showing Moorish arabesques and geometric filigree patterns",a Japanese nunome-zōgan metal-inlay box,"a Japanese nunome-zōgan metal-inlay box made of dark iron overlaid with gold and silver textile-like inlay, showing waves, flowers, and geometric bands",,,,,,False,3032,pair_045_native_SS_g3_r2_s3032,pair_045,45,,,,,,False,2,sample_0858,3,pair_045_standalone_A_g3_r2_s3032,pair_045_standalone_B_g3_r2_s3032
missing_rating,,,,a Chinese blue-and-white porcelain plate,"a Chinese blue-and-white porcelain plate with cobalt-blue underglaze painting, showing Chinese landscape, lotus, and scrolling-cloud motifs",a Japanese Nabeshima porcelain plate,"a Japanese Nabeshima porcelain plate with underglaze-blue outlines and sparse overglaze color, showing asymmetrical flowers, textiles, and geometric border motifs",,,,,,False,1011,pair_002_native_SS_g1_r1_s1011,pair_002,2,,,,,,False,1,sample_0859,1,pair_002_standalone_A_g1_r1_s1011,pair_002_standalone_B_g1_r1_s1011
missing_rating,,,,a Japanese cast-iron tetsubin teapot,"a Japanese cast-iron tetsubin teapot with a dark textured iron body, arched handle, and relief decoration showing hailstone, pine, or geometric motifs",an Azerbaijani engraved-copper teapot,"an Azerbaijani engraved-copper teapot with a hammered copper body, curved spout, and incised floral medallions, boteh motifs, and geometric borders",,,,,,False,2021,pair_057_native_SS_g2_r1_s2021,pair_057,57,,,,,,True,1,sample_0860,2,pair_057_standalone_A_g2_r1_s2021,pair_057_standalone_B_g2_r1_s2021
knowledge_insufficiency,False,True,True,a Japanese Bizen stoneware vase,"a Japanese Bizen stoneware vase with an unglazed reddish-brown body marked by natural ash deposits and flame flashes, showing an austere asymmetrical form",a French Puisaye stoneware vase,"a French Puisaye stoneware vase with a dark salt-glazed stoneware body and earthy brown-to-gray surface, showing incised bands and robust hand-thrown proportions",4,2,True,True,False,True,1012,pair_029_native_SS_g1_r2_s1012,pair_029,29,3,2,True,False,False,True,2,sample_0861,1,pair_029_standalone_A_g1_r2_s1012,pair_029_standalone_B_g1_r2_s1012
missing_rating,,,,a Dutch blue-and-white Delftware plate,"a Dutch blue-and-white Delftware plate with opaque white tin glaze, painted in cobalt blue with canal-house, tulip, and ornamental border motifs",a Slovak Modra faience plate,"a Slovak Modra faience plate made of pale glazed earthenware, painted in cobalt blue, green, yellow, and manganese with stylized birds and folk flowers",,,,,,False,2023,pair_012_native_SS_g2_r3_s2023,pair_012,12,,,,,,False,3,sample_0862,2,pair_012_standalone_A_g2_r3_s2023,pair_012_standalone_B_g2_r3_s2023
composition_mechanism_failure,False,True,True,a Japanese sashiko textile panel,"a Japanese sashiko textile panel stitched with white running thread on indigo cotton, showing repeating hemp-leaf, wave, and linked-diamond reinforcement patterns",a Romanian ie-embroidery textile panel,"a Romanian ie-embroidery textile panel worked in red, black, blue, and metallic thread, showing vertical floral bands, diamonds, and region-specific geometric motifs",3,2,True,False,True,True,3033,pair_076_native_SS_g3_r3_s3033,pair_076,76,2,1,True,False,True,True,3,sample_0863,3,pair_076_standalone_A_g3_r3_s3033,pair_076_standalone_B_g3_r3_s3033
knowledge_insufficiency,True,True,True,an Indian Dhokra bronze figurine,"an Indian Dhokra bronze figurine made by lost-wax casting with an earthy bronze surface, showing elongated limbs, coiled-wire textures, and stylized tribal ornament",a Ghanaian Asante brass goldweight figurine,"a Ghanaian Asante brass goldweight figurine made by lost-wax casting in compact geometric form, showing a proverb-inspired human, animal, or tool motif with textured details",2,2,True,False,False,True,3032,pair_055_native_SS_g3_r2_s3032,pair_055,55,2,3,True,False,False,True,2,sample_0864,3,pair_055_standalone_A_g3_r2_s3032,pair_055_standalone_B_g3_r2_s3032
missing_rating,,,,a Japanese Raku tea bowl,"a Japanese Raku tea bowl with a hand-shaped low-fired body and irregular black glaze, showing a warped rim and tactile matte-to-gloss surface",a Korean buncheong tea bowl,"a Korean buncheong tea bowl made of gray stoneware brushed with white slip, showing stamped, incised, or freely painted decoration beneath a translucent glaze",,,,,,False,3033,pair_021_native_SS_g3_r3_s3033,pair_021,21,,,,,,False,3,sample_0865,3,pair_021_standalone_A_g3_r3_s3033,pair_021_standalone_B_g3_r3_s3033
missing_rating,,,,a Benin bronze relief plaque,"a Benin bronze relief plaque made of cast brass with high-relief court figures, showing patterned robes, coral regalia, and a hierarchical composition",a Nepalese repoussé copper plaque,"a Nepalese repoussé copper plaque made of hammered copper worked from the reverse, showing a Buddhist deity, lotus throne, and flame-like halo with gilded details",,,,,,False,3033,pair_056_native_SS_g3_r3_s3033,pair_056,56,,,,,,True,3,sample_0866,3,pair_056_standalone_A_g3_r3_s3033,pair_056_standalone_B_g3_r3_s3033
knowledge_insufficiency,True,True,True,a Chinese Longquan celadon vase,"a Chinese Longquan celadon vase with a thick translucent sea-green glaze over a balanced stoneware form, showing carved lotus petals and defined ridges",a Thai Si Satchanalai celadon vase,"a Thai Si Satchanalai celadon vase with an olive-green crackled glaze over gray stoneware, showing incised lotus petals, ring bands, and a high-shouldered profile",2,2,True,False,False,True,3031,pair_030_native_SS_g3_r1_s3031,pair_030,30,3,3,True,False,False,True,1,sample_0867,3,pair_030_standalone_A_g3_r1_s3031,pair_030_standalone_B_g3_r1_s3031
mixed_or_uncertain,False,True,True,a Dutch blue-and-white Delftware vase,"a Dutch blue-and-white Delftware vase with opaque white tin glaze, painted in cobalt blue with canal-house, tulip, and ornamental border motifs",a Tunisian Qallaline faience vase,"a Tunisian Qallaline faience vase with tin glaze, painted in cobalt blue, green, ochre, and manganese with cypress, arch, and floral motifs",4,2,True,True,False,True,1012,pair_013_native_SS_g1_r2_s1012,pair_013,13,5,3,True,True,True,True,2,sample_0868,1,pair_013_standalone_A_g1_r2_s1012,pair_013_standalone_B_g1_r2_s1012
no_consensus_shift,False,False,False,an Indian kantha quilt,"an Indian kantha quilt made from layered cotton joined by running stitches, showing rippling lines, lotus flowers, animals, and narrative folk scenes",a Korean bojagi patchwork wrapping cloth,"a Korean bojagi patchwork wrapping cloth assembled from translucent or opaque fabric rectangles, showing asymmetrical geometric seams and jewel-toned color blocks",3,2,True,False,False,True,2023,pair_078_native_SS_g2_r3_s2023,pair_078,78,5,5,False,True,True,True,3,sample_0869,2,pair_078_standalone_A_g2_r3_s2023,pair_078_standalone_B_g2_r3_s2023
missing_rating,,,,an Ottoman İznik ceramic plate,"an Ottoman İznik ceramic plate with a white fritware body, cobalt blue, turquoise, emerald green, and raised bole-red painting, showing tulips, carnations, and saz leaves",an Armenian Kütahya ceramic plate,"an Armenian Kütahya ceramic plate with a white glazed body and blue, green, yellow, and red painting, showing rosettes, crosses, birds, and floral borders",,,,,,True,2023,pair_017_native_SS_g2_r3_s2023,pair_017,17,,,,,,False,3,sample_0870,2,pair_017_standalone_A_g2_r3_s2023,pair_017_standalone_B_g2_r3_s2023
missing_rating,,,,a Navajo coiled basket,"a Navajo coiled basket woven from plant fibers in a shallow circular form, showing a central opening and radiating red, black, and natural spiral motifs",a Panamanian Wounaan chunga basket,"a Panamanian Wounaan chunga basket coiled from palm fiber, showing exceptionally tight weaving and animal, plant, or geometric motifs in black and colors",,,,,,True,1012,pair_095_native_SS_g1_r2_s1012,pair_095,95,,,,,,False,2,sample_0871,1,pair_095_standalone_A_g1_r2_s1012,pair_095_standalone_B_g1_r2_s1012
missing_rating,,,,a Japanese maki-e lacquerware box,"a Japanese maki-e lacquerware box with deep black lacquer sprinkled with gold and silver powder, showing cranes, pine branches, and landscape motifs",a Thai lai rod nam lacquerware box,"a Thai lai rod nam lacquerware box with black lacquer covered by gold-leaf resist decoration, showing flame, deity, and scrolling vegetal patterns",,,,,,False,3033,pair_031_native_SS_g3_r3_s3033,pair_031,31,,,,,,False,3,sample_0872,3,pair_031_standalone_A_g3_r3_s3033,pair_031_standalone_B_g3_r3_s3033
missing_rating,,,,a Japanese Tsugaru-nuri lacquerware box,"a Japanese Tsugaru-nuri lacquerware box with many polished lacquer layers forming mottled red, black, yellow, and green patterns across a geometric form",a Kashmiri papier-mâché lacquer box,"a Kashmiri papier-mâché lacquer box with a lacquered paper-pulp body painted in gold and jewel colors, showing chinar leaves, flowers, and arabesques",,,,,,True,1013,pair_039_native_SS_g1_r3_s1013,pair_039,39,,,,,,False,3,sample_0873,1,pair_039_standalone_A_g1_r3_s1013,pair_039_standalone_B_g1_r3_s1013
missing_rating,,,,an Italian Renaissance maiolica vase,"an Italian Renaissance maiolica vase with opaque white tin glaze, painted in cobalt blue, ochre yellow, copper green, and manganese purple with a figurative medallion and scrolling foliage",a Spanish Manises lusterware vase,"a Spanish Manises lusterware vase made of tin-glazed earthenware with coppery metallic luster, showing cobalt-blue vines, heraldic shields, and repeating leaf motifs",,,,,,False,1011,pair_015_native_SS_g1_r1_s1011,pair_015,15,,,,,,False,1,sample_0874,1,pair_015_standalone_A_g1_r1_s1011,pair_015_standalone_B_g1_r1_s1011
missing_rating,,,,a Japanese maki-e lacquerware box,"a Japanese maki-e lacquerware box with deep black lacquer sprinkled with gold and silver powder, showing cranes, pine branches, and landscape motifs",a Thai lai rod nam lacquerware box,"a Thai lai rod nam lacquerware box with black lacquer covered by gold-leaf resist decoration, showing flame, deity, and scrolling vegetal patterns",,,,,,True,2022,pair_031_native_SS_g2_r2_s2022,pair_031,31,,,,,,False,2,sample_0875,2,pair_031_standalone_A_g2_r2_s2022,pair_031_standalone_B_g2_r2_s2022
no_consensus_shift,False,False,False,a Persian minakari enamel plate,"a Persian minakari enamel plate with blue, turquoise, red, and white enamel over copper, showing floral arabesques and central medallions",a Georgian Minankari enamel plate,"a Georgian Minankari enamel plate with translucent jewel-toned enamel over engraved silver, showing compact flowers, birds, and scrolling vines outlined by metalwork",4,3,True,True,False,True,1011,pair_050_native_SS_g1_r1_s1011,pair_050,50,5,5,False,True,True,True,1,sample_0876,1,pair_050_standalone_A_g1_r1_s1011,pair_050_standalone_B_g1_r1_s1011
no_consensus_shift,False,False,False,a Russian Khokhloma painted wooden bowl,"a Russian Khokhloma painted wooden bowl with a black and gold ground painted in red, showing curling berries, leaves, and sweeping floral stems",a Ryukyuan lacquerware bowl,"a Ryukyuan lacquerware bowl with a vermilion lacquer surface and delicate gold decoration, showing hibiscus, birds, and island landscape motifs",2,2,True,False,False,True,3031,pair_038_native_SS_g3_r1_s3031,pair_038,38,5,5,False,True,True,True,1,sample_0877,3,pair_038_standalone_A_g3_r1_s3031,pair_038_standalone_B_g3_r1_s3031
missing_rating,,,,an Indian Banarasi brocade sari,"an Indian Banarasi brocade sari woven in rich silk with gold zari, showing floral buta, scrolling vines, and elaborate architectural borders",a Bhutanese kushuthara silk kira,"a Bhutanese kushuthara silk kira woven in silk with supplementary-weft patterning, showing geometric flowers, diamonds, and horizontal bands",,,,,,False,1012,pair_063_native_SS_g1_r2_s1012,pair_063,63,,,,,,True,2,sample_0878,1,pair_063_standalone_A_g1_r2_s1012,pair_063_standalone_B_g1_r2_s1012
missing_rating,,,,an Italian Renaissance maiolica vase,"an Italian Renaissance maiolica vase with opaque white tin glaze, painted in cobalt blue, ochre yellow, copper green, and manganese purple with a figurative medallion and scrolling foliage",a Spanish Manises lusterware vase,"a Spanish Manises lusterware vase made of tin-glazed earthenware with coppery metallic luster, showing cobalt-blue vines, heraldic shields, and repeating leaf motifs",,,,,,True,2022,pair_015_native_SS_g2_r2_s2022,pair_015,15,,,,,,False,2,sample_0879,2,pair_015_standalone_A_g2_r2_s2022,pair_015_standalone_B_g2_r2_s2022
missing_rating,,,,an Indonesian batik textile panel,"an Indonesian batik textile panel with wax-resist dyeing in indigo, brown, and cream, showing parang diagonals, kawung rosettes, and densely repeated floral motifs",a Japanese katazome textile panel,"a Japanese katazome textile panel with stencil-resist dyeing on cotton in indigo and white, showing waves, chrysanthemums, birds, and repeating geometric motifs",,,,,,False,1011,pair_072_native_SS_g1_r1_s1011,pair_072,72,,,,,,True,1,sample_0880,1,pair_072_standalone_A_g1_r1_s1011,pair_072_standalone_B_g1_r1_s1011
mixed_or_uncertain,False,True,True,a Persian floral carpet,"a Persian floral carpet with a wool pile and central medallion, showing curving vines, palmettes, and flowers in deep red, blue, and ivory",a Tibetan khaden carpet,"a Tibetan khaden carpet with a compact wool pile in red, blue, yellow, and cream, showing snow lions, lotus flowers, clouds, or checkerboard motifs",4,2,True,True,False,True,1012,pair_089_native_SS_g1_r2_s1012,pair_089,89,5,1,True,True,True,True,2,sample_0881,1,pair_089_standalone_A_g1_r2_s1012,pair_089_standalone_B_g1_r2_s1012
missing_rating,,,,an Inuit soapstone figurine,"an Inuit soapstone figurine carved from dark gray-green stone with rounded tactile surfaces, showing a compact animal or human figure with incised details",a Kenyan Kisii soapstone figurine,"a Kenyan Kisii soapstone figurine carved from pale soapstone and polished, showing an abstract intertwined human or animal form with rounded contours",,,,,,True,1012,pair_100_native_SS_g1_r2_s1012,pair_100,100,,,,,,False,2,sample_0882,1,pair_100_standalone_A_g1_r2_s1012,pair_100_standalone_B_g1_r2_s1012
missing_rating,,,,a Chinese blue-and-white porcelain vase,"a Chinese blue-and-white porcelain vase with cobalt-blue underglaze painting, showing Chinese landscape, lotus, and scrolling-cloud motifs",a Thai Bencharong porcelain vase,"a Thai Bencharong porcelain vase with polychrome overglaze enamel and gold outlines, showing repeating flame, deity, and floral motifs on a dark ground",,,,,,True,1011,pair_003_native_SS_g1_r1_s1011,pair_003,3,,,,,,False,1,sample_0883,1,pair_003_standalone_A_g1_r1_s1011,pair_003_standalone_B_g1_r1_s1011
missing_rating,,,,a Mexican Otomi embroidery panel,"a Mexican Otomi embroidery panel worked in flat satin stitch on pale cotton, showing mirrored birds, deer, flowers, and fantastical animals",a Palestinian tatreez embroidery panel,"a Palestinian tatreez embroidery panel worked in red and multicolored cross-stitch, showing cypress trees, stars, feathers, and region-specific geometric motifs",,,,,,True,3033,pair_074_native_SS_g3_r3_s3033,pair_074,74,,,,,,False,3,sample_0884,3,pair_074_standalone_A_g3_r3_s3033,pair_074_standalone_B_g3_r3_s3033
missing_rating,,,,a Benin bronze relief plaque,"a Benin bronze relief plaque made of cast brass with high-relief court figures, showing patterned robes, coral regalia, and a hierarchical composition",a Nepalese repoussé copper plaque,"a Nepalese repoussé copper plaque made of hammered copper worked from the reverse, showing a Buddhist deity, lotus throne, and flame-like halo with gilded details",,,,,,False,1012,pair_056_native_SS_g1_r2_s1012,pair_056,56,,,,,,True,2,sample_0885,1,pair_056_standalone_A_g1_r2_s1012,pair_056_standalone_B_g1_r2_s1012
missing_rating,,,,a Russian Khokhloma painted wooden bowl,"a Russian Khokhloma painted wooden bowl with a black and gold ground painted in red, showing curling berries, leaves, and sweeping floral stems",a Ryukyuan lacquerware bowl,"a Ryukyuan lacquerware bowl with a vermilion lacquer surface and delicate gold decoration, showing hibiscus, birds, and island landscape motifs",,,,,,False,1011,pair_038_native_SS_g1_r1_s1011,pair_038,38,,,,,,False,1,sample_0886,1,pair_038_standalone_A_g1_r1_s1011,pair_038_standalone_B_g1_r1_s1011
missing_rating,,,,a Chinese bronze ritual bowl,"a Chinese bronze ritual bowl with a dark patinated bronze surface and cast relief, showing taotie-like masks, leiwen spirals, and symmetrical handles",a Korean bangjja bronze bowl,"a Korean bangjja bronze bowl made of hand-hammered bronze with a golden surface, showing a clean resonant form, hammer marks, and minimal ornament",,,,,,True,2021,pair_060_native_SS_g2_r1_s2021,pair_060,60,,,,,,False,1,sample_0887,2,pair_060_standalone_A_g2_r1_s2021,pair_060_standalone_B_g2_r1_s2021
missing_rating,,,,a Japanese Imari porcelain jar,"a Japanese Imari porcelain jar with cobalt-blue underglaze and iron-red and gold overglaze decoration, showing floral panels and patterned reserves",a Korean Joseon iron-painted porcelain jar,"a Korean Joseon iron-painted porcelain jar with freely brushed iron-brown decoration on white porcelain, showing dragons, bamboo, or abbreviated floral motifs",,,,,,False,2021,pair_004_native_SS_g2_r1_s2021,pair_004,4,,,,,,False,1,sample_0888,2,pair_004_standalone_A_g2_r1_s2021,pair_004_standalone_B_g2_r1_s2021
missing_rating,,,,a Dutch blue-and-white Delftware vase,"a Dutch blue-and-white Delftware vase with opaque white tin glaze, painted in cobalt blue with canal-house, tulip, and ornamental border motifs",a Tunisian Qallaline faience vase,"a Tunisian Qallaline faience vase with tin glaze, painted in cobalt blue, green, ochre, and manganese with cypress, arch, and floral motifs",,,,,,True,3033,pair_013_native_SS_g3_r3_s3033,pair_013,13,,,,,,False,3,sample_0889,3,pair_013_standalone_A_g3_r3_s3033,pair_013_standalone_B_g3_r3_s3033
missing_rating,,,,a Mexican Otomi embroidered blouse,"a Mexican Otomi embroidered blouse worked in flat satin stitch, showing mirrored birds, deer, flowers, and fantastical animals around the neckline and sleeves",a Guatemalan huipil blouse,"a Guatemalan huipil blouse woven and embroidered in colors, showing diamonds, birds, maize, and community-specific geometric bands",,,,,,True,3031,pair_075_native_SS_g3_r1_s3031,pair_075,75,,,,,,False,1,sample_0890,3,pair_075_standalone_A_g3_r1_s3031,pair_075_standalone_B_g3_r1_s3031
missing_rating,,,,an Indian kantha quilt,"an Indian kantha quilt made from layered cotton joined by running stitches, showing rippling lines, lotus flowers, animals, and narrative folk scenes",a Korean bojagi patchwork wrapping cloth,"a Korean bojagi patchwork wrapping cloth assembled from translucent or opaque fabric rectangles, showing asymmetrical geometric seams and jewel-toned color blocks",,,,,,True,1012,pair_078_native_SS_g1_r2_s1012,pair_078,78,,,,,,False,2,sample_0891,1,pair_078_standalone_A_g1_r2_s1012,pair_078_standalone_B_g1_r2_s1012
missing_rating,,,,a Japanese sashiko textile panel,"a Japanese sashiko textile panel stitched with white running thread on indigo cotton, showing repeating hemp-leaf, wave, and linked-diamond reinforcement patterns",a Romanian ie-embroidery textile panel,"a Romanian ie-embroidery textile panel worked in red, black, blue, and metallic thread, showing vertical floral bands, diamonds, and region-specific geometric motifs",,,,,,False,2022,pair_076_native_SS_g2_r2_s2022,pair_076,76,,,,,,True,2,sample_0892,2,pair_076_standalone_A_g2_r2_s2022,pair_076_standalone_B_g2_r2_s2022
missing_rating,,,,a Scottish tartan wool blanket,"a Scottish tartan wool blanket woven in colored wool with intersecting horizontal and vertical stripes, forming a balanced repeating clan-associated check pattern",a Swedish rya wool rug,"a Swedish rya wool rug with a long wool pile and woven backing, showing geometric diamonds, stripes, and abstract color fields",,,,,,False,3033,pair_087_native_SS_g3_r3_s3033,pair_087,87,,,,,,False,3,sample_0893,3,pair_087_standalone_A_g3_r3_s3033,pair_087_standalone_B_g3_r3_s3033
missing_rating,,,,a Korean Goryeo celadon maebyeong vase,"a Korean Goryeo celadon maebyeong vase with a green celadon glaze and pale slip inlay, showing cranes, clouds, and chrysanthemum medallions",a Thai Sawankhalok celadon jar,"a Thai Sawankhalok celadon jar with an olive-green crackled glaze on a stoneware body, showing incised lotus petals and simple ring bands",,,,,,True,3032,pair_011_native_SS_g3_r2_s3032,pair_011,11,,,,,,False,2,sample_0894,3,pair_011_standalone_A_g3_r2_s3032,pair_011_standalone_B_g3_r2_s3032
missing_rating,,,,a Spanish Toledo damascened vase,"a Spanish Toledo damascened vase made of blackened steel inlaid with gold and silver, showing Moorish arabesques and geometric filigree patterns",a Korean ipsa metal-inlay vase,"a Korean ipsa metal-inlay vase made of dark patinated metal inlaid with silver wire, showing cranes, clouds, and sparse linear landscape motifs",,,,,,True,3032,pair_046_native_SS_g3_r2_s3032,pair_046,46,,,,,,False,2,sample_0895,3,pair_046_standalone_A_g3_r2_s3032,pair_046_standalone_B_g3_r2_s3032
missing_rating,,,,a Japanese maki-e lacquerware tray,"a Japanese maki-e lacquerware tray with deep black lacquer sprinkled with gold and silver powder, showing cranes, pine branches, and landscape motifs",a Burmese shwe zawa lacquerware tray,"a Burmese shwe zawa lacquerware tray with a black lacquer ground and engraved gold-leaf decoration, showing courtly figures, mythical animals, and filled borders",,,,,,False,1011,pair_032_native_SS_g1_r1_s1011,pair_032,32,,,,,,True,1,sample_0896,1,pair_032_standalone_A_g1_r1_s1011,pair_032_standalone_B_g1_r1_s1011
missing_rating,,,,a Chinese cloisonné box,"a Chinese cloisonné box with turquoise and cobalt-blue enamel cells separated by gilded metal wires, showing lotus, cloud, and auspicious motifs",a Korean chilbo enamel box,"a Korean chilbo enamel box with colored enamel over a metal base, showing simplified plum blossoms, cranes, and geometric motifs in compact panels",,,,,,True,2022,pair_042_native_SS_g2_r2_s2022,pair_042,42,,,,,,False,2,sample_0897,2,pair_042_standalone_A_g2_r2_s2022,pair_042_standalone_B_g2_r2_s2022
missing_rating,,,,a Persian floral carpet,"a Persian floral carpet with a wool pile and central medallion, showing curving vines, palmettes, and flowers in deep red, blue, and ivory",a Tibetan khaden carpet,"a Tibetan khaden carpet with a compact wool pile in red, blue, yellow, and cream, showing snow lions, lotus flowers, clouds, or checkerboard motifs",,,,,,True,3033,pair_089_native_SS_g3_r3_s3033,pair_089,89,,,,,,False,3,sample_0898,3,pair_089_standalone_A_g3_r3_s3033,pair_089_standalone_B_g3_r3_s3033
no_consensus_shift,False,False,False,a Hungarian Matyó embroidery panel,"a Hungarian Matyó embroidery panel worked in red, pink, blue, yellow, and green thread, showing densely packed roses and curling floral sprays",a Slovak Detva embroidery panel,"a Slovak Detva embroidery panel worked in chain stitch and satin stitch, showing compact geometric flowers, hearts, and rhythmic folk borders",2,3,True,True,False,True,2023,pair_077_native_SS_g2_r3_s2023,pair_077,77,4,4,False,True,True,True,3,sample_0899,2,pair_077_standalone_A_g2_r3_s2023,pair_077_standalone_B_g2_r3_s2023
missing_rating,,,,a Chinese blue-and-white porcelain vase,"a Chinese blue-and-white porcelain vase with cobalt-blue underglaze painting, showing Chinese landscape, lotus, and scrolling-cloud motifs",a Thai Bencharong porcelain vase,"a Thai Bencharong porcelain vase with polychrome overglaze enamel and gold outlines, showing repeating flame, deity, and floral motifs on a dark ground",,,,,,False,3033,pair_003_native_SS_g3_r3_s3033,pair_003,3,,,,,,False,3,sample_0900,3,pair_003_standalone_A_g3_r3_s3033,pair_003_standalone_B_g3_r3_s3033
