eval_id,sample_id,pair_id,seed_group,replicate,latent_seed,condition,qwen_correct,gemini_correct,dual_vlm_correct,automated_consensus_correct
eval_0001,sample_0424,pair_032,3,2,3032,native_SS,1,0,0,0
eval_0002,sample_0643,pair_036,3,3,3033,native_SS,0,0,0,0
eval_0003,sample_0564,pair_031,3,1,3031,lsda_clean,1,1,1,0
eval_0004,sample_0354,pair_036,3,2,3032,lsda_clean,1,1,1,0
eval_0005,sample_0500,pair_059,2,3,2023,lsda_clean,1,0,0,0
eval_0006,sample_0179,pair_096,2,3,2023,native_SS,0,0,0,1
eval_0007,sample_0423,pair_082,2,2,2022,lsda_clean,1,1,1,0
eval_0008,sample_0897,pair_042,2,2,2022,lsda_clean,1,0,0,0
eval_0009,sample_0744,pair_096,3,2,3032,native_SS,1,1,1,0
eval_0010,sample_0592,pair_021,2,2,2022,lsda_clean,1,1,1,0
eval_0011,sample_0461,pair_084,2,2,2022,lsda_clean,1,1,1,1
eval_0012,sample_0250,pair_100,3,3,3033,lsda_clean,1,1,1,0
eval_0013,sample_0055,pair_071,3,1,3031,native_SS,0,0,0,0
eval_0014,sample_0446,pair_091,3,1,3031,native_SS,0,0,0,0
eval_0015,sample_0662,pair_005,3,1,3031,lsda_clean,1,1,1,0
eval_0016,sample_0434,pair_026,3,1,3031,native_SS,0,0,0,0
eval_0017,sample_0277,pair_100,1,3,1013,lsda_clean,1,1,1,0
eval_0018,sample_0763,pair_071,1,2,1012,lsda_clean,1,1,1,1
eval_0019,sample_0469,pair_036,1,1,1011,native_SS,0,0,0,0
eval_0020,sample_0841,pair_001,3,3,3033,native_SS,1,1,1,1
eval_0021,sample_0114,pair_040,1,3,1013,native_SS,1,0,0,0
eval_0022,sample_0609,pair_032,1,3,1013,native_SS,0,0,0,0
eval_0023,sample_0651,pair_069,1,1,1011,native_SS,0,0,0,0
eval_0024,sample_0225,pair_028,3,3,3033,lsda_clean,1,1,1,1
eval_0025,sample_0261,pair_004,1,1,1011,lsda_clean,1,1,1,0
eval_0026,sample_0421,pair_033,3,3,3033,lsda_clean,1,1,1,0
eval_0027,sample_0366,pair_098,3,2,3032,lsda_clean,1,1,1,0
eval_0028,sample_0228,pair_037,2,3,2023,lsda_clean,1,1,1,0
eval_0029,sample_0168,pair_044,2,3,2023,lsda_clean,1,1,1,0
eval_0030,sample_0729,pair_065,3,2,3032,lsda_clean,1,1,1,0
eval_0031,sample_0020,pair_045,2,1,2021,native_SS,1,0,0,0
eval_0032,sample_0693,pair_006,2,1,2021,lsda_clean,1,0,0,0
eval_0033,sample_0015,pair_100,2,3,2023,native_SS,1,1,1,0
eval_0034,sample_0596,pair_017,1,2,1012,native_SS,1,0,0,1
eval_0035,sample_0156,pair_092,1,2,1012,native_SS,1,1,1,1
eval_0036,sample_0675,pair_076,1,2,1012,lsda_clean,1,1,1,1
eval_0037,sample_0813,pair_052,2,1,2021,native_SS,1,1,1,1
eval_0038,sample_0322,pair_049,1,1,1011,lsda_clean,0,1,0,0
eval_0039,sample_0214,pair_051,2,3,2023,lsda_clean,1,1,1,1
eval_0040,sample_0448,pair_089,2,1,2021,lsda_clean,1,1,1,1
eval_0041,sample_0541,pair_069,2,3,2023,lsda_clean,1,1,1,0
eval_0042,sample_0169,pair_037,2,1,2021,native_SS,1,1,1,0
eval_0043,sample_0345,pair_028,1,2,1012,native_SS,0,0,0,0
eval_0044,sample_0495,pair_023,2,1,2021,lsda_clean,1,1,1,1
eval_0045,sample_0449,pair_072,1,3,1013,lsda_clean,1,1,1,0
eval_0046,sample_0353,pair_061,2,1,2021,native_SS,0,0,0,0
eval_0047,sample_0043,pair_017,2,2,2022,lsda_clean,1,1,1,0
eval_0048,sample_0149,pair_077,2,2,2022,native_SS,1,1,1,0
eval_0049,sample_0058,pair_024,2,3,2023,native_SS,1,0,0,1
eval_0050,sample_0218,pair_008,1,1,1011,lsda_clean,1,1,1,1
eval_0051,sample_0839,pair_097,3,2,3032,lsda_clean,1,1,1,0
eval_0052,sample_0733,pair_056,2,3,2023,native_SS,1,0,0,0
eval_0053,sample_0613,pair_068,1,2,1012,native_SS,1,1,1,0
eval_0054,sample_0652,pair_058,3,3,3033,lsda_clean,1,1,1,1
eval_0055,sample_0832,pair_078,3,1,3031,lsda_clean,1,1,1,0
eval_0056,sample_0076,pair_023,1,3,1013,native_SS,0,0,0,0
eval_0057,sample_0432,pair_028,1,1,1011,lsda_clean,1,1,1,0
eval_0058,sample_0659,pair_082,3,2,3032,lsda_clean,1,1,1,1
eval_0059,sample_0244,pair_007,2,2,2022,lsda_clean,1,1,1,1
eval_0060,sample_0123,pair_013,3,2,3032,native_SS,0,0,0,0
eval_0061,sample_0259,pair_078,2,2,2022,native_SS,0,0,0,0
eval_0062,sample_0532,pair_054,2,3,2023,native_SS,1,0,0,0
eval_0063,sample_0364,pair_088,2,1,2021,lsda_clean,1,1,1,0
eval_0064,sample_0488,pair_099,2,3,2023,lsda_clean,1,1,1,0
eval_0065,sample_0545,pair_075,1,2,1012,native_SS,0,0,0,0
eval_0066,sample_0580,pair_034,3,1,3031,lsda_clean,1,1,1,1
eval_0067,sample_0883,pair_003,1,1,1011,native_SS,0,0,0,0
eval_0068,sample_0257,pair_019,2,1,2021,native_SS,0,0,0,0
eval_0069,sample_0848,pair_058,2,3,2023,native_SS,0,0,0,0
eval_0070,sample_0777,pair_012,1,2,1012,lsda_clean,1,0,0,0
eval_0071,sample_0768,pair_009,1,1,1011,native_SS,1,1,1,0
eval_0072,sample_0794,pair_051,1,3,1013,native_SS,1,1,1,0
eval_0073,sample_0063,pair_007,1,1,1011,native_SS,1,1,1,0
eval_0074,sample_0650,pair_030,2,2,2022,native_SS,1,1,1,0
eval_0075,sample_0085,pair_098,2,3,2023,native_SS,1,1,1,0
eval_0076,sample_0360,pair_061,1,3,1013,native_SS,1,1,1,1
eval_0077,sample_0557,pair_052,3,2,3032,lsda_clean,1,0,0,0
eval_0078,sample_0387,pair_080,2,2,2022,lsda_clean,1,1,1,1
eval_0079,sample_0625,pair_075,2,1,2021,native_SS,1,1,1,0
eval_0080,sample_0141,pair_091,3,3,3033,lsda_clean,1,1,1,1
eval_0081,sample_0217,pair_056,2,1,2021,native_SS,1,0,0,0
eval_0082,sample_0686,pair_077,3,1,3031,lsda_clean,1,1,1,0
eval_0083,sample_0499,pair_079,1,1,1011,native_SS,0,0,0,0
eval_0084,sample_0821,pair_050,3,1,3031,native_SS,1,1,1,1
eval_0085,sample_0554,pair_069,1,2,1012,lsda_clean,1,1,1,0
eval_0086,sample_0341,pair_070,3,3,3033,lsda_clean,1,1,1,1
eval_0087,sample_0192,pair_085,3,3,3033,native_SS,1,1,1,0
eval_0088,sample_0503,pair_092,1,3,1013,lsda_clean,1,1,1,1
eval_0089,sample_0127,pair_047,2,3,2023,lsda_clean,1,1,1,0
eval_0090,sample_0895,pair_046,3,2,3032,native_SS,0,0,0,0
eval_0091,sample_0467,pair_058,1,3,1013,lsda_clean,1,1,1,1
eval_0092,sample_0615,pair_059,2,1,2021,native_SS,1,0,0,0
eval_0093,sample_0280,pair_063,3,2,3032,lsda_clean,1,1,1,1
eval_0094,sample_0145,pair_027,2,3,2023,native_SS,0,0,0,0
eval_0095,sample_0368,pair_015,1,3,1013,native_SS,0,0,0,0
eval_0096,sample_0003,pair_013,3,1,3031,native_SS,0,0,0,0
eval_0097,sample_0856,pair_091,2,3,2023,lsda_clean,1,0,0,1
eval_0098,sample_0764,pair_074,2,2,2022,native_SS,1,1,1,1
eval_0099,sample_0256,pair_057,1,2,1012,native_SS,1,1,1,0
eval_0100,sample_0475,pair_034,1,3,1013,native_SS,1,0,0,0
eval_0101,sample_0514,pair_064,2,1,2021,native_SS,1,0,0,0
eval_0102,sample_0031,pair_085,1,1,1011,lsda_clean,1,1,1,0
eval_0103,sample_0790,pair_005,2,1,2021,native_SS,0,0,0,0
eval_0104,sample_0457,pair_055,3,3,3033,lsda_clean,1,1,1,0
eval_0105,sample_0488,pair_099,2,3,2023,native_SS,1,1,1,1
eval_0106,sample_0063,pair_007,1,1,1011,lsda_clean,1,1,1,1
eval_0107,sample_0749,pair_012,1,1,1011,native_SS,1,0,0,0
eval_0108,sample_0806,pair_076,3,1,3031,lsda_clean,1,1,1,0
eval_0109,sample_0637,pair_092,3,1,3031,lsda_clean,1,1,1,1
eval_0110,sample_0068,pair_061,2,3,2023,native_SS,1,0,0,0
eval_0111,sample_0708,pair_014,2,1,2021,native_SS,1,0,0,1
eval_0112,sample_0104,pair_006,2,2,2022,native_SS,1,1,1,0
eval_0113,sample_0553,pair_037,3,3,3033,native_SS,0,0,0,0
eval_0114,sample_0622,pair_096,1,3,1013,native_SS,0,0,0,0
eval_0115,sample_0696,pair_063,2,3,2023,lsda_clean,1,1,1,0
eval_0116,sample_0732,pair_096,2,2,2022,lsda_clean,1,0,0,0
eval_0117,sample_0468,pair_022,2,3,2023,lsda_clean,1,1,1,0
eval_0118,sample_0466,pair_032,3,3,3033,native_SS,0,0,0,0
eval_0119,sample_0611,pair_001,2,2,2022,lsda_clean,1,1,1,1
eval_0120,sample_0079,pair_083,3,3,3033,lsda_clean,1,1,1,1
eval_0121,sample_0593,pair_019,3,1,3031,native_SS,1,0,0,0
eval_0122,sample_0492,pair_009,3,2,3032,lsda_clean,1,1,1,0
eval_0123,sample_0069,pair_016,2,2,2022,lsda_clean,1,1,1,0
eval_0124,sample_0041,pair_068,2,3,2023,lsda_clean,1,1,1,1
eval_0125,sample_0416,pair_014,1,2,1012,native_SS,0,0,0,0
eval_0126,sample_0065,pair_042,3,2,3032,native_SS,1,1,1,0
eval_0127,sample_0542,pair_052,1,3,1013,lsda_clean,1,1,1,0
eval_0128,sample_0568,pair_028,3,1,3031,lsda_clean,1,1,1,0
eval_0129,sample_0339,pair_061,3,3,3033,native_SS,0,0,0,0
eval_0130,sample_0204,pair_004,1,2,1012,native_SS,1,1,1,0
eval_0131,sample_0051,pair_097,2,3,2023,native_SS,1,1,1,1
eval_0132,sample_0869,pair_078,2,3,2023,lsda_clean,1,1,1,1
eval_0133,sample_0142,pair_076,2,1,2021,native_SS,0,0,0,0
eval_0134,sample_0351,pair_050,3,3,3033,lsda_clean,1,0,0,0
eval_0135,sample_0739,pair_080,2,1,2021,native_SS,1,0,0,0
eval_0136,sample_0738,pair_058,3,1,3031,lsda_clean,1,1,1,0
eval_0137,sample_0105,pair_002,2,3,2023,lsda_clean,1,1,1,0
eval_0138,sample_0181,pair_089,3,1,3031,native_SS,1,1,1,1
eval_0139,sample_0186,pair_088,3,2,3032,lsda_clean,1,1,1,1
eval_0140,sample_0245,pair_006,3,3,3033,lsda_clean,1,1,1,1
eval_0141,sample_0459,pair_012,2,1,2021,lsda_clean,1,1,1,0
eval_0142,sample_0077,pair_045,1,1,1011,lsda_clean,1,1,1,0
eval_0143,sample_0210,pair_080,1,2,1012,native_SS,1,1,1,1
eval_0144,sample_0095,pair_003,2,3,2023,native_SS,0,0,0,0
eval_0145,sample_0279,pair_002,1,2,1012,lsda_clean,1,1,1,1
eval_0146,sample_0061,pair_028,2,1,2021,lsda_clean,1,1,1,0
eval_0147,sample_0016,pair_018,3,1,3031,lsda_clean,1,1,1,0
eval_0148,sample_0021,pair_065,1,1,1011,native_SS,0,0,0,0
eval_0149,sample_0034,pair_010,2,3,2023,native_SS,1,0,0,0
eval_0150,sample_0526,pair_046,1,3,1013,lsda_clean,0,0,0,1
eval_0151,sample_0420,pair_068,2,2,2022,lsda_clean,1,1,1,1
eval_0152,sample_0792,pair_055,1,2,1012,native_SS,1,1,1,0
eval_0153,sample_0258,pair_031,2,3,2023,native_SS,1,1,1,0
eval_0154,sample_0829,pair_060,1,2,1012,native_SS,1,1,1,0
eval_0155,sample_0863,pair_076,3,3,3033,native_SS,1,1,1,0
eval_0156,sample_0378,pair_042,3,1,3031,native_SS,1,0,0,0
eval_0157,sample_0483,pair_057,3,3,3033,native_SS,1,1,1,0
eval_0158,sample_0005,pair_029,2,1,2021,lsda_clean,1,1,1,1
eval_0159,sample_0045,pair_027,3,1,3031,lsda_clean,1,1,1,0
eval_0160,sample_0286,pair_091,1,2,1012,native_SS,0,1,0,0
eval_0161,sample_0139,pair_038,1,3,1013,lsda_clean,1,1,1,0
eval_0162,sample_0329,pair_069,1,3,1013,lsda_clean,1,1,1,1
eval_0163,sample_0517,pair_075,2,2,2022,native_SS,1,1,1,1
eval_0164,sample_0694,pair_013,1,1,1011,native_SS,0,0,0,0
eval_0165,sample_0704,pair_016,1,3,1013,native_SS,1,0,0,0
eval_0166,sample_0151,pair_084,2,3,2023,native_SS,0,1,0,0
eval_0167,sample_0547,pair_089,3,2,3032,native_SS,0,0,0,0
eval_0168,sample_0215,pair_024,1,2,1012,lsda_clean,1,1,1,0
eval_0169,sample_0351,pair_050,3,3,3033,native_SS,1,1,1,0
eval_0170,sample_0097,pair_094,1,2,1012,native_SS,1,1,1,0
eval_0171,sample_0385,pair_023,3,1,3031,lsda_clean,1,0,0,0
eval_0172,sample_0783,pair_018,1,1,1011,native_SS,0,0,0,0
eval_0173,sample_0872,pair_031,3,3,3033,native_SS,0,0,0,0
eval_0174,sample_0793,pair_048,1,2,1012,lsda_clean,1,1,1,1
eval_0175,sample_0754,pair_066,3,1,3031,native_SS,0,0,0,0
eval_0176,sample_0318,pair_044,1,1,1011,native_SS,1,0,0,0
eval_0177,sample_0388,pair_065,3,1,3031,native_SS,1,1,1,1
eval_0178,sample_0284,pair_059,1,1,1011,native_SS,1,0,0,0
eval_0179,sample_0711,pair_032,2,1,2021,native_SS,1,0,0,0
eval_0180,sample_0726,pair_099,1,3,1013,lsda_clean,1,1,1,1
eval_0181,sample_0569,pair_040,1,2,1012,lsda_clean,1,0,0,0
eval_0182,sample_0473,pair_018,3,2,3032,native_SS,1,0,0,0
eval_0183,sample_0616,pair_002,2,1,2021,native_SS,1,0,0,0
eval_0184,sample_0393,pair_037,1,1,1011,lsda_clean,1,1,1,1
eval_0185,sample_0323,pair_042,3,3,3033,lsda_clean,1,1,1,0
eval_0186,sample_0006,pair_054,3,2,3032,native_SS,0,1,0,1
eval_0187,sample_0163,pair_067,1,2,1012,lsda_clean,1,1,1,0
eval_0188,sample_0388,pair_065,3,1,3031,lsda_clean,1,1,1,0
eval_0189,sample_0422,pair_030,3,2,3032,lsda_clean,1,1,1,0
eval_0190,sample_0024,pair_029,3,2,3032,native_SS,0,0,0,0
eval_0191,sample_0715,pair_047,3,3,3033,lsda_clean,1,1,1,0
eval_0192,sample_0692,pair_065,2,1,2021,lsda_clean,1,1,1,1
eval_0193,sample_0363,pair_011,3,1,3031,native_SS,1,1,1,0
eval_0194,sample_0578,pair_068,3,2,3032,lsda_clean,1,1,1,1
eval_0195,sample_0677,pair_091,3,2,3032,native_SS,0,0,0,0
eval_0196,sample_0203,pair_014,3,1,3031,native_SS,1,1,1,1
eval_0197,sample_0700,pair_062,3,1,3031,native_SS,0,0,0,0
eval_0198,sample_0454,pair_092,1,1,1011,native_SS,1,1,1,1
eval_0199,sample_0435,pair_019,3,2,3032,native_SS,1,1,1,0
eval_0200,sample_0758,pair_011,1,1,1011,native_SS,1,0,0,0
eval_0201,sample_0253,pair_028,2,3,2023,native_SS,1,1,1,0
eval_0202,sample_0583,pair_078,3,3,3033,native_SS,1,1,1,1
eval_0203,sample_0088,pair_085,1,3,1013,native_SS,1,1,1,1
eval_0204,sample_0796,pair_094,3,2,3032,native_SS,1,1,1,0
eval_0205,sample_0879,pair_015,2,2,2022,lsda_clean,1,1,1,1
eval_0206,sample_0175,pair_077,3,2,3032,native_SS,1,1,1,0
eval_0207,sample_0246,pair_070,2,2,2022,lsda_clean,1,1,1,1
eval_0208,sample_0868,pair_013,1,2,1012,native_SS,0,0,0,0
eval_0209,sample_0571,pair_073,3,2,3032,native_SS,1,1,1,1
eval_0210,sample_0353,pair_061,2,1,2021,lsda_clean,1,1,1,1
eval_0211,sample_0239,pair_071,1,3,1013,native_SS,1,0,0,0
eval_0212,sample_0114,pair_040,1,3,1013,lsda_clean,1,1,1,1
eval_0213,sample_0413,pair_098,2,1,2021,native_SS,1,1,1,0
eval_0214,sample_0750,pair_030,1,2,1012,native_SS,0,0,0,0
eval_0215,sample_0755,pair_045,1,3,1013,lsda_clean,1,1,1,1
eval_0216,sample_0431,pair_003,3,2,3032,native_SS,0,0,0,0
eval_0217,sample_0044,pair_020,3,3,3033,lsda_clean,1,0,0,0
eval_0218,sample_0660,pair_001,3,1,3031,lsda_clean,1,1,1,1
eval_0219,sample_0022,pair_041,2,1,2021,lsda_clean,1,0,0,0
eval_0220,sample_0872,pair_031,3,3,3033,lsda_clean,1,1,1,1
eval_0221,sample_0216,pair_049,2,2,2022,native_SS,1,0,0,0
eval_0222,sample_0254,pair_050,2,3,2023,native_SS,1,1,1,1
eval_0223,sample_0057,pair_097,3,1,3031,lsda_clean,1,1,1,1
eval_0224,sample_0496,pair_051,2,1,2021,lsda_clean,1,1,1,1
eval_0225,sample_0807,pair_001,2,1,2021,lsda_clean,1,1,1,0
eval_0226,sample_0584,pair_051,2,2,2022,lsda_clean,1,1,1,1
eval_0227,sample_0900,pair_003,3,3,3033,lsda_clean,1,1,1,1
eval_0228,sample_0178,pair_060,3,1,3031,lsda_clean,1,1,1,1
eval_0229,sample_0302,pair_093,2,1,2021,lsda_clean,1,1,1,0
eval_0230,sample_0391,pair_044,3,2,3032,native_SS,1,1,1,0
eval_0231,sample_0430,pair_047,1,2,1012,lsda_clean,1,1,1,0
eval_0232,sample_0255,pair_010,1,1,1011,native_SS,0,0,0,0
eval_0233,sample_0539,pair_047,3,1,3031,native_SS,1,1,1,1
eval_0234,sample_0758,pair_011,1,1,1011,lsda_clean,1,1,1,0
eval_0235,sample_0639,pair_064,1,2,1012,native_SS,0,0,0,0
eval_0236,sample_0822,pair_095,1,3,1013,native_SS,1,1,1,0
eval_0237,sample_0666,pair_060,3,2,3032,native_SS,1,0,0,0
eval_0238,sample_0792,pair_055,1,2,1012,lsda_clean,1,1,1,0
eval_0239,sample_0480,pair_009,2,3,2023,native_SS,1,1,1,0
eval_0240,sample_0860,pair_057,2,1,2021,native_SS,1,1,1,1
eval_0241,sample_0198,pair_062,2,3,2023,native_SS,1,0,0,0
eval_0242,sample_0132,pair_075,3,3,3033,native_SS,0,0,0,0
eval_0243,sample_0422,pair_030,3,2,3032,native_SS,1,1,1,0
eval_0244,sample_0541,pair_069,2,3,2023,native_SS,1,1,1,0
eval_0245,sample_0685,pair_069,2,1,2021,native_SS,1,1,1,1
eval_0246,sample_0855,pair_010,2,1,2021,lsda_clean,1,1,1,0
eval_0247,sample_0071,pair_008,3,2,3032,lsda_clean,1,1,1,1
eval_0248,sample_0170,pair_034,1,2,1012,lsda_clean,1,1,1,1
eval_0249,sample_0374,pair_081,1,1,1011,lsda_clean,1,1,1,1
eval_0250,sample_0871,pair_095,1,2,1012,lsda_clean,1,0,0,0
eval_0251,sample_0402,pair_099,3,3,3033,native_SS,1,1,1,0
eval_0252,sample_0829,pair_060,1,2,1012,lsda_clean,0,1,0,0
eval_0253,sample_0817,pair_006,1,3,1013,native_SS,0,0,0,1
eval_0254,sample_0785,pair_005,3,3,3033,native_SS,1,0,0,0
eval_0255,sample_0222,pair_068,3,3,3033,native_SS,1,1,1,1
eval_0256,sample_0305,pair_037,1,3,1013,lsda_clean,1,1,1,0
eval_0257,sample_0014,pair_026,2,2,2022,native_SS,1,1,1,0
eval_0258,sample_0735,pair_082,3,3,3033,native_SS,1,1,1,1
eval_0259,sample_0399,pair_002,3,1,3031,native_SS,0,0,0,0
eval_0260,sample_0732,pair_096,2,2,2022,native_SS,0,0,0,0
eval_0261,sample_0154,pair_051,3,3,3033,lsda_clean,1,1,1,0
eval_0262,sample_0462,pair_043,1,2,1012,lsda_clean,1,1,1,1
eval_0263,sample_0328,pair_071,2,3,2023,lsda_clean,0,0,0,0
eval_0264,sample_0724,pair_064,2,2,2022,native_SS,1,0,0,1
eval_0265,sample_0569,pair_040,1,2,1012,native_SS,1,0,0,0
eval_0266,sample_0290,pair_092,3,2,3032,lsda_clean,0,1,0,0
eval_0267,sample_0300,pair_048,2,3,2023,native_SS,1,0,0,0
eval_0268,sample_0198,pair_062,2,3,2023,lsda_clean,1,1,1,1
eval_0269,sample_0781,pair_017,3,1,3031,native_SS,1,0,0,0
eval_0270,sample_0858,pair_045,3,2,3032,lsda_clean,0,0,0,1
eval_0271,sample_0159,pair_030,1,3,1013,lsda_clean,1,1,1,1
eval_0272,sample_0733,pair_056,2,3,2023,lsda_clean,1,1,1,1
eval_0273,sample_0234,pair_099,2,1,2021,lsda_clean,1,1,1,1
eval_0274,sample_0384,pair_002,2,2,2022,native_SS,1,1,1,0
eval_0275,sample_0504,pair_080,3,3,3033,lsda_clean,1,1,1,1
eval_0276,sample_0857,pair_070,2,1,2021,lsda_clean,1,1,1,1
eval_0277,sample_0882,pair_100,1,2,1012,native_SS,1,1,1,1
eval_0278,sample_0365,pair_053,2,1,2021,lsda_clean,1,0,0,0
eval_0279,sample_0206,pair_039,2,1,2021,lsda_clean,1,1,1,1
eval_0280,sample_0798,pair_065,2,2,2022,native_SS,0,0,0,0
eval_0281,sample_0272,pair_022,1,2,1012,native_SS,1,1,1,0
eval_0282,sample_0153,pair_096,1,2,1012,native_SS,1,0,0,0
eval_0283,sample_0684,pair_008,2,1,2021,native_SS,0,0,0,0
eval_0284,sample_0588,pair_035,1,2,1012,native_SS,1,0,0,0
eval_0285,sample_0649,pair_018,2,1,2021,lsda_clean,1,1,1,0
eval_0286,sample_0193,pair_022,1,3,1013,native_SS,1,1,1,0
eval_0287,sample_0734,pair_088,3,1,3031,lsda_clean,1,0,0,0
eval_0288,sample_0862,pair_012,2,3,2023,lsda_clean,1,1,1,0
eval_0289,sample_0885,pair_056,1,2,1012,lsda_clean,1,1,1,1
eval_0290,sample_0517,pair_075,2,2,2022,lsda_clean,1,1,1,1
eval_0291,sample_0456,pair_006,1,2,1012,native_SS,1,0,0,0
eval_0292,sample_0482,pair_029,2,3,2023,lsda_clean,1,1,1,1
eval_0293,sample_0384,pair_002,2,2,2022,lsda_clean,1,1,1,0
eval_0294,sample_0802,pair_058,2,2,2022,native_SS,0,0,0,0
eval_0295,sample_0475,pair_034,1,3,1013,lsda_clean,1,0,0,1
eval_0296,sample_0863,pair_076,3,3,3033,lsda_clean,1,1,1,1
eval_0297,sample_0184,pair_083,2,2,2022,lsda_clean,1,1,1,1
eval_0298,sample_0851,pair_096,2,1,2021,native_SS,1,0,0,0
eval_0299,sample_0062,pair_021,1,1,1011,native_SS,1,1,1,0
eval_0300,sample_0196,pair_066,3,3,3033,native_SS,0,0,0,0
eval_0301,sample_0495,pair_023,2,1,2021,native_SS,1,1,1,0
eval_0302,sample_0008,pair_077,3,3,3033,lsda_clean,1,1,1,0
eval_0303,sample_0128,pair_033,3,1,3031,lsda_clean,1,1,1,0
eval_0304,sample_0511,pair_023,2,2,2022,lsda_clean,1,0,0,0
eval_0305,sample_0407,pair_030,3,3,3033,native_SS,1,1,1,0
eval_0306,sample_0299,pair_020,3,2,3032,native_SS,1,1,1,0
eval_0307,sample_0465,pair_028,1,3,1013,lsda_clean,1,1,1,0
eval_0308,sample_0407,pair_030,3,3,3033,lsda_clean,1,1,1,1
eval_0309,sample_0826,pair_076,1,3,1013,lsda_clean,1,1,1,1
eval_0310,sample_0041,pair_068,2,3,2023,native_SS,1,1,1,0
eval_0311,sample_0658,pair_038,1,2,1012,native_SS,1,1,1,0
eval_0312,sample_0689,pair_085,2,2,2022,lsda_clean,1,1,1,0
eval_0313,sample_0142,pair_076,2,1,2021,lsda_clean,1,1,1,1
eval_0314,sample_0067,pair_043,3,3,3033,lsda_clean,1,0,0,0
eval_0315,sample_0891,pair_078,1,2,1012,native_SS,1,1,1,1
eval_0316,sample_0319,pair_059,3,2,3032,native_SS,1,0,0,0
eval_0317,sample_0860,pair_057,2,1,2021,lsda_clean,1,1,1,0
eval_0318,sample_0887,pair_060,2,1,2021,native_SS,1,1,1,0
eval_0319,sample_0900,pair_003,3,3,3033,native_SS,0,1,0,0
eval_0320,sample_0880,pair_072,1,1,1011,lsda_clean,1,1,1,1
eval_0321,sample_0525,pair_037,3,1,3031,lsda_clean,1,1,1,0
eval_0322,sample_0468,pair_022,2,3,2023,native_SS,1,1,1,0
eval_0323,sample_0400,pair_042,2,3,2023,lsda_clean,1,1,1,1
eval_0324,sample_0529,pair_007,3,2,3032,native_SS,1,1,1,1
eval_0325,sample_0586,pair_025,2,3,2023,native_SS,0,0,0,1
eval_0326,sample_0242,pair_022,2,2,2022,native_SS,1,1,1,1
eval_0327,sample_0328,pair_071,2,3,2023,native_SS,0,0,0,0
eval_0328,sample_0360,pair_061,1,3,1013,lsda_clean,1,1,1,0
eval_0329,sample_0467,pair_058,1,3,1013,native_SS,0,0,0,0
eval_0330,sample_0217,pair_056,2,1,2021,lsda_clean,1,1,1,0
eval_0331,sample_0298,pair_065,3,3,3033,lsda_clean,1,0,0,1
eval_0332,sample_0540,pair_072,1,2,1012,lsda_clean,1,1,1,1
eval_0333,sample_0414,pair_082,2,1,2021,lsda_clean,1,1,1,1
eval_0334,sample_0049,pair_009,2,1,2021,lsda_clean,1,1,1,0
eval_0335,sample_0285,pair_090,3,1,3031,native_SS,0,0,0,0
eval_0336,sample_0470,pair_064,1,1,1011,native_SS,1,1,1,0
eval_0337,sample_0396,pair_080,3,1,3031,lsda_clean,1,1,1,0
eval_0338,sample_0562,pair_070,1,1,1011,native_SS,0,0,0,0
eval_0339,sample_0303,pair_086,3,3,3033,native_SS,1,1,1,1
eval_0340,sample_0660,pair_001,3,1,3031,native_SS,1,1,1,0
eval_0341,sample_0782,pair_071,3,2,3032,lsda_clean,1,1,1,0
eval_0342,sample_0072,pair_009,3,3,3033,native_SS,1,1,1,0
eval_0343,sample_0236,pair_062,1,1,1011,lsda_clean,1,1,1,1
eval_0344,sample_0160,pair_099,2,2,2022,lsda_clean,1,1,1,1
eval_0345,sample_0834,pair_003,3,1,3031,native_SS,0,0,0,0
eval_0346,sample_0515,pair_086,1,3,1013,lsda_clean,1,1,1,1
eval_0347,sample_0481,pair_093,1,2,1012,lsda_clean,1,1,1,0
eval_0348,sample_0884,pair_074,3,3,3033,native_SS,1,1,1,0
eval_0349,sample_0687,pair_065,2,3,2023,lsda_clean,1,1,1,1
eval_0350,sample_0241,pair_045,2,2,2022,native_SS,0,0,0,0
eval_0351,sample_0650,pair_030,2,2,2022,lsda_clean,0,1,0,0
eval_0352,sample_0737,pair_027,2,2,2022,native_SS,0,0,0,0
eval_0353,sample_0014,pair_026,2,2,2022,lsda_clean,1,1,1,0
eval_0354,sample_0309,pair_016,3,1,3031,native_SS,1,0,0,0
eval_0355,sample_0816,pair_072,2,1,2021,lsda_clean,1,1,1,1
eval_0356,sample_0679,pair_060,2,3,2023,lsda_clean,1,1,1,0
eval_0357,sample_0005,pair_029,2,1,2021,native_SS,0,0,0,0
eval_0358,sample_0264,pair_012,1,3,1013,lsda_clean,1,1,1,0
eval_0359,sample_0881,pair_089,1,2,1012,lsda_clean,1,1,1,1
eval_0360,sample_0581,pair_045,2,3,2023,lsda_clean,1,0,0,1
eval_0361,sample_0078,pair_098,1,3,1013,native_SS,1,1,1,0
eval_0362,sample_0804,pair_056,1,3,1013,lsda_clean,1,1,1,0
eval_0363,sample_0222,pair_068,3,3,3033,lsda_clean,1,1,1,0
eval_0364,sample_0059,pair_018,2,2,2022,native_SS,0,0,0,0
eval_0365,sample_0220,pair_094,1,1,1011,native_SS,1,1,1,0
eval_0366,sample_0740,pair_047,1,1,1011,lsda_clean,1,0,0,1
eval_0367,sample_0007,pair_087,1,1,1011,lsda_clean,1,1,1,1
eval_0368,sample_0596,pair_017,1,2,1012,lsda_clean,1,1,1,0
eval_0369,sample_0372,pair_008,1,3,1013,native_SS,1,0,0,0
eval_0370,sample_0267,pair_076,3,2,3032,lsda_clean,1,1,1,1
eval_0371,sample_0586,pair_025,2,3,2023,lsda_clean,1,1,1,0
eval_0372,sample_0238,pair_072,3,2,3032,lsda_clean,1,1,1,1
eval_0373,sample_0447,pair_057,1,3,1013,lsda_clean,1,1,1,1
eval_0374,sample_0455,pair_059,3,3,3033,lsda_clean,1,1,1,1
eval_0375,sample_0696,pair_063,2,3,2023,native_SS,1,1,1,0
eval_0376,sample_0798,pair_065,2,2,2022,lsda_clean,1,1,1,1
eval_0377,sample_0535,pair_013,2,2,2022,lsda_clean,0,0,0,0
eval_0378,sample_0595,pair_044,2,1,2021,native_SS,1,1,1,0
eval_0379,sample_0347,pair_076,1,1,1011,native_SS,0,0,0,0
eval_0380,sample_0304,pair_064,3,3,3033,lsda_clean,1,1,1,0
eval_0381,sample_0566,pair_020,1,3,1013,native_SS,0,0,0,0
eval_0382,sample_0771,pair_023,3,3,3033,lsda_clean,1,1,1,0
eval_0383,sample_0157,pair_008,2,2,2022,lsda_clean,1,0,0,0
eval_0384,sample_0839,pair_097,3,2,3032,native_SS,1,1,1,0
eval_0385,sample_0025,pair_055,2,1,2021,native_SS,1,1,1,0
eval_0386,sample_0884,pair_074,3,3,3033,lsda_clean,1,1,1,1
eval_0387,sample_0009,pair_068,2,1,2021,lsda_clean,1,1,1,1
eval_0388,sample_0493,pair_047,3,2,3032,lsda_clean,1,1,1,0
eval_0389,sample_0310,pair_036,3,1,3031,lsda_clean,1,1,1,0
eval_0390,sample_0349,pair_070,1,3,1013,native_SS,1,1,1,1
eval_0391,sample_0827,pair_045,3,1,3031,native_SS,0,0,0,0
eval_0392,sample_0245,pair_006,3,3,3033,native_SS,1,0,0,1
eval_0393,sample_0866,pair_056,3,3,3033,native_SS,1,0,0,1
eval_0394,sample_0093,pair_041,1,1,1011,native_SS,1,0,0,0
eval_0395,sample_0701,pair_062,3,3,3033,lsda_clean,1,1,1,0
eval_0396,sample_0716,pair_034,2,1,2021,lsda_clean,1,1,1,1
eval_0397,sample_0299,pair_020,3,2,3032,lsda_clean,1,1,1,0
eval_0398,sample_0331,pair_044,1,2,1012,lsda_clean,1,1,1,1
eval_0399,sample_0612,pair_068,1,1,1011,native_SS,1,1,1,0
eval_0400,sample_0196,pair_066,3,3,3033,lsda_clean,1,1,1,1
eval_0401,sample_0886,pair_038,1,1,1011,lsda_clean,1,1,1,0
eval_0402,sample_0240,pair_080,1,1,1011,lsda_clean,1,1,1,0
eval_0403,sample_0176,pair_092,3,3,3033,lsda_clean,1,1,1,0
eval_0404,sample_0226,pair_019,1,3,1013,native_SS,1,1,1,0
eval_0405,sample_0224,pair_055,3,1,3031,native_SS,0,0,0,0
eval_0406,sample_0144,pair_048,3,1,3031,native_SS,1,1,1,0
eval_0407,sample_0249,pair_057,2,3,2023,lsda_clean,1,1,1,1
eval_0408,sample_0297,pair_057,3,1,3031,native_SS,1,1,1,0
eval_0409,sample_0019,pair_053,3,1,3031,lsda_clean,1,0,0,0
eval_0410,sample_0493,pair_047,3,2,3032,native_SS,1,1,1,0
eval_0411,sample_0713,pair_043,3,1,3031,native_SS,0,1,0,0
eval_0412,sample_0682,pair_071,2,2,2022,native_SS,0,0,0,0
eval_0413,sample_0526,pair_046,1,3,1013,native_SS,0,0,0,0
eval_0414,sample_0801,pair_060,3,3,3033,native_SS,1,1,1,0
eval_0415,sample_0618,pair_026,1,2,1012,lsda_clean,1,1,1,0
eval_0416,sample_0483,pair_057,3,3,3033,lsda_clean,1,1,1,0
eval_0417,sample_0333,pair_038,3,3,3033,native_SS,1,0,0,0
eval_0418,sample_0680,pair_008,2,3,2023,lsda_clean,0,0,0,0
eval_0419,sample_0394,pair_032,2,2,2022,native_SS,1,1,1,0
eval_0420,sample_0642,pair_019,1,2,1012,lsda_clean,1,1,1,0
eval_0421,sample_0765,pair_086,2,2,2022,lsda_clean,1,1,1,1
eval_0422,sample_0716,pair_034,2,1,2021,native_SS,1,0,0,0
eval_0423,sample_0116,pair_090,1,1,1011,lsda_clean,1,1,1,1
eval_0424,sample_0463,pair_046,3,1,3031,lsda_clean,1,0,0,0
eval_0425,sample_0143,pair_003,1,3,1013,lsda_clean,1,1,1,0
eval_0426,sample_0460,pair_095,3,1,3031,lsda_clean,1,1,1,0
eval_0427,sample_0223,pair_077,2,1,2021,lsda_clean,1,1,1,0
eval_0428,sample_0852,pair_078,1,1,1011,lsda_clean,1,1,1,1
eval_0429,sample_0756,pair_026,3,2,3032,lsda_clean,1,1,1,0
eval_0430,sample_0756,pair_026,3,2,3032,native_SS,1,0,0,0
eval_0431,sample_0348,pair_087,3,2,3032,lsda_clean,1,1,1,1
eval_0432,sample_0238,pair_072,3,2,3032,native_SS,1,0,0,1
eval_0433,sample_0780,pair_005,1,3,1013,native_SS,1,1,1,0
eval_0434,sample_0158,pair_054,2,1,2021,native_SS,0,0,0,0
eval_0435,sample_0842,pair_061,1,1,1011,lsda_clean,1,1,1,1
eval_0436,sample_0759,pair_026,1,1,1011,lsda_clean,1,0,0,0
eval_0437,sample_0506,pair_026,3,3,3033,native_SS,1,0,0,0
eval_0438,sample_0072,pair_009,3,3,3033,lsda_clean,1,1,1,0
eval_0439,sample_0191,pair_024,1,1,1011,lsda_clean,1,1,1,1
eval_0440,sample_0807,pair_001,2,1,2021,native_SS,1,1,1,0
eval_0441,sample_0064,pair_040,3,3,3033,lsda_clean,1,1,1,1
eval_0442,sample_0161,pair_089,2,2,2022,lsda_clean,1,1,1,1
eval_0443,sample_0389,pair_083,2,1,2021,native_SS,1,0,0,0
eval_0444,sample_0775,pair_066,2,2,2022,native_SS,1,1,1,0
eval_0445,sample_0862,pair_012,2,3,2023,native_SS,0,0,0,1
eval_0446,sample_0690,pair_051,3,1,3031,native_SS,1,1,1,0
eval_0447,sample_0078,pair_098,1,3,1013,lsda_clean,1,1,1,0
eval_0448,sample_0042,pair_033,1,2,1012,lsda_clean,1,1,1,1
eval_0449,sample_0520,pair_060,1,3,1013,lsda_clean,1,1,1,0
eval_0450,sample_0054,pair_046,2,2,2022,lsda_clean,0,0,0,0
eval_0451,sample_0385,pair_023,3,1,3031,native_SS,1,1,1,0
eval_0452,sample_0212,pair_057,2,2,2022,native_SS,1,1,1,0
eval_0453,sample_0436,pair_043,2,2,2022,native_SS,1,0,0,0
eval_0454,sample_0563,pair_093,3,3,3033,native_SS,1,0,0,0
eval_0455,sample_0800,pair_082,1,2,1012,lsda_clean,1,1,1,1
eval_0456,sample_0346,pair_083,3,1,3031,native_SS,0,0,0,0
eval_0457,sample_0295,pair_009,3,1,3031,lsda_clean,1,1,1,0
eval_0458,sample_0163,pair_067,1,2,1012,native_SS,1,0,0,1
eval_0459,sample_0645,pair_044,3,1,3031,lsda_clean,1,1,1,1
eval_0460,sample_0183,pair_046,2,1,2021,native_SS,0,0,0,1
eval_0461,sample_0710,pair_064,2,3,2023,lsda_clean,1,1,1,0
eval_0462,sample_0371,pair_014,3,3,3033,lsda_clean,1,1,1,1
eval_0463,sample_0270,pair_021,2,1,2021,native_SS,0,0,0,0
eval_0464,sample_0673,pair_061,3,1,3031,native_SS,1,0,0,1
eval_0465,sample_0897,pair_042,2,2,2022,native_SS,0,0,0,0
eval_0466,sample_0478,pair_010,1,3,1013,lsda_clean,1,1,1,0
eval_0467,sample_0209,pair_084,3,1,3031,native_SS,0,0,0,0
eval_0468,sample_0109,pair_081,2,3,2023,lsda_clean,1,1,1,1
eval_0469,sample_0429,pair_057,3,2,3032,lsda_clean,1,1,1,0
eval_0470,sample_0293,pair_034,3,2,3032,native_SS,0,0,0,0
eval_0471,sample_0720,pair_030,1,1,1011,native_SS,1,0,0,0
eval_0472,sample_0489,pair_053,3,2,3032,native_SS,1,0,0,0
eval_0473,sample_0639,pair_064,1,2,1012,lsda_clean,1,1,1,1
eval_0474,sample_0344,pair_094,1,3,1013,lsda_clean,1,0,0,0
eval_0475,sample_0803,pair_041,3,3,3033,lsda_clean,1,1,1,1
eval_0476,sample_0298,pair_065,3,3,3033,native_SS,1,1,1,0
eval_0477,sample_0308,pair_050,2,1,2021,native_SS,1,0,0,0
eval_0478,sample_0332,pair_098,1,1,1011,lsda_clean,1,1,1,1
eval_0479,sample_0881,pair_089,1,2,1012,native_SS,1,1,1,1
eval_0480,sample_0703,pair_030,2,1,2021,lsda_clean,1,1,1,0
eval_0481,sample_0289,pair_058,2,1,2021,lsda_clean,1,1,1,0
eval_0482,sample_0004,pair_100,2,2,2022,native_SS,1,1,1,0
eval_0483,sample_0099,pair_004,1,3,1013,lsda_clean,1,1,1,1
eval_0484,sample_0295,pair_009,3,1,3031,native_SS,1,0,0,0
eval_0485,sample_0254,pair_050,2,3,2023,lsda_clean,1,1,1,0
eval_0486,sample_0247,pair_097,2,1,2021,native_SS,1,1,1,1
eval_0487,sample_0392,pair_079,1,2,1012,lsda_clean,1,1,1,0
eval_0488,sample_0300,pair_048,2,3,2023,lsda_clean,1,1,1,0
eval_0489,sample_0722,pair_013,2,3,2023,native_SS,0,0,0,0
eval_0490,sample_0173,pair_097,2,2,2022,lsda_clean,1,1,1,0
eval_0491,sample_0319,pair_059,3,2,3032,lsda_clean,1,1,1,0
eval_0492,sample_0001,pair_060,1,1,1011,lsda_clean,0,0,0,0
eval_0493,sample_0275,pair_093,1,1,1011,native_SS,0,0,0,0
eval_0494,sample_0479,pair_069,2,2,2022,native_SS,0,0,0,0
eval_0495,sample_0509,pair_085,2,1,2021,lsda_clean,1,1,1,0
eval_0496,sample_0248,pair_023,1,1,1011,lsda_clean,1,0,0,0
eval_0497,sample_0887,pair_060,2,1,2021,lsda_clean,1,1,1,1
eval_0498,sample_0713,pair_043,3,1,3031,lsda_clean,1,1,1,1
eval_0499,sample_0494,pair_044,1,3,1013,native_SS,0,0,0,0
eval_0500,sample_0565,pair_005,2,3,2023,native_SS,0,0,0,0
eval_0501,sample_0831,pair_023,1,2,1012,native_SS,1,0,0,0
eval_0502,sample_0812,pair_022,1,1,1011,native_SS,1,1,1,1
eval_0503,sample_0840,pair_092,2,2,2022,native_SS,1,0,0,1
eval_0504,sample_0671,pair_062,2,1,2021,lsda_clean,1,1,1,0
eval_0505,sample_0282,pair_002,1,3,1013,lsda_clean,1,1,1,0
eval_0506,sample_0152,pair_016,2,1,2021,native_SS,1,0,0,0
eval_0507,sample_0657,pair_068,3,1,3031,lsda_clean,1,1,1,1
eval_0508,sample_0418,pair_001,1,2,1012,lsda_clean,1,1,1,0
eval_0509,sample_0417,pair_055,2,2,2022,lsda_clean,1,1,1,0
eval_0510,sample_0642,pair_019,1,2,1012,native_SS,1,1,1,0
eval_0511,sample_0355,pair_029,3,3,3033,lsda_clean,1,1,1,1
eval_0512,sample_0707,pair_012,3,1,3031,lsda_clean,1,1,1,1
eval_0513,sample_0582,pair_018,1,2,1012,native_SS,0,0,0,0
eval_0514,sample_0080,pair_081,1,2,1012,native_SS,0,0,0,0
eval_0515,sample_0770,pair_027,3,2,3032,lsda_clean,1,1,1,0
eval_0516,sample_0575,pair_092,2,3,2023,lsda_clean,1,1,1,0
eval_0517,sample_0307,pair_007,2,1,2021,native_SS,1,1,1,0
eval_0518,sample_0135,pair_034,2,2,2022,lsda_clean,1,1,1,1
eval_0519,sample_0079,pair_083,3,3,3033,native_SS,1,1,1,0
eval_0520,sample_0690,pair_051,3,1,3031,lsda_clean,1,1,1,1
eval_0521,sample_0019,pair_053,3,1,3031,native_SS,1,1,1,0
eval_0522,sample_0100,pair_071,3,3,3033,lsda_clean,1,1,1,0
eval_0523,sample_0037,pair_088,3,3,3033,native_SS,1,1,1,0
eval_0524,sample_0786,pair_097,3,3,3033,lsda_clean,1,1,1,0
eval_0525,sample_0892,pair_076,2,2,2022,native_SS,1,0,0,1
eval_0526,sample_0371,pair_014,3,3,3033,native_SS,1,1,1,1
eval_0527,sample_0257,pair_019,2,1,2021,lsda_clean,1,1,1,1
eval_0528,sample_0227,pair_023,2,3,2023,native_SS,1,1,1,1
eval_0529,sample_0521,pair_064,3,2,3032,lsda_clean,1,1,1,1
eval_0530,sample_0787,pair_076,2,3,2023,native_SS,0,0,0,0
eval_0531,sample_0782,pair_071,3,2,3032,native_SS,0,0,0,0
eval_0532,sample_0167,pair_044,3,3,3033,lsda_clean,1,1,1,1
eval_0533,sample_0662,pair_005,3,1,3031,native_SS,0,0,0,1
eval_0534,sample_0210,pair_080,1,2,1012,lsda_clean,1,1,1,1
eval_0535,sample_0234,pair_099,2,1,2021,native_SS,1,1,1,1
eval_0536,sample_0478,pair_010,1,3,1013,native_SS,1,1,1,1
eval_0537,sample_0697,pair_082,1,3,1013,lsda_clean,1,1,1,0
eval_0538,sample_0818,pair_015,2,1,2021,native_SS,0,1,0,0
eval_0539,sample_0854,pair_059,3,1,3031,lsda_clean,1,1,1,0
eval_0540,sample_0296,pair_090,1,3,1013,native_SS,0,0,0,0
eval_0541,sample_0305,pair_037,1,3,1013,native_SS,1,0,0,0
eval_0542,sample_0681,pair_029,2,2,2022,native_SS,1,0,0,0
eval_0543,sample_0695,pair_084,1,2,1012,lsda_clean,1,1,1,0
eval_0544,sample_0136,pair_093,3,1,3031,native_SS,1,0,0,0
eval_0545,sample_0529,pair_007,3,2,3032,lsda_clean,1,1,1,1
eval_0546,sample_0372,pair_008,1,3,1013,lsda_clean,1,1,1,0
eval_0547,sample_0530,pair_067,2,1,2021,native_SS,1,1,1,1
eval_0548,sample_0409,pair_067,1,3,1013,lsda_clean,1,0,0,0
eval_0549,sample_0456,pair_006,1,2,1012,lsda_clean,1,0,0,0
eval_0550,sample_0663,pair_070,3,2,3032,lsda_clean,1,1,1,0
eval_0551,sample_0097,pair_094,1,2,1012,lsda_clean,1,1,1,1
eval_0552,sample_0376,pair_043,2,3,2023,lsda_clean,1,0,0,1
eval_0553,sample_0706,pair_020,1,2,1012,lsda_clean,1,1,1,1
eval_0554,sample_0354,pair_036,3,2,3032,native_SS,0,0,0,0
eval_0555,sample_0270,pair_021,2,1,2021,lsda_clean,1,1,1,1
eval_0556,sample_0055,pair_071,3,1,3031,lsda_clean,1,1,1,0
eval_0557,sample_0323,pair_042,3,3,3033,native_SS,1,1,1,0
eval_0558,sample_0460,pair_095,3,1,3031,native_SS,1,0,0,0
eval_0559,sample_0252,pair_052,1,2,1012,native_SS,1,1,1,0
eval_0560,sample_0818,pair_015,2,1,2021,lsda_clean,1,1,1,1
eval_0561,sample_0042,pair_033,1,2,1012,native_SS,1,1,1,0
eval_0562,sample_0567,pair_021,3,2,3032,lsda_clean,1,1,1,0
eval_0563,sample_0870,pair_017,2,3,2023,lsda_clean,1,1,1,0
eval_0564,sample_0524,pair_026,2,1,2021,native_SS,1,1,1,0
eval_0565,sample_0748,pair_040,3,1,3031,native_SS,0,0,0,0
eval_0566,sample_0419,pair_083,1,2,1012,native_SS,1,0,0,0
eval_0567,sample_0040,pair_006,1,1,1011,lsda_clean,0,0,0,1
eval_0568,sample_0219,pair_014,1,3,1013,lsda_clean,1,0,0,0
eval_0569,sample_0710,pair_064,2,3,2023,native_SS,1,0,0,0
eval_0570,sample_0121,pair_071,2,1,2021,native_SS,1,0,0,0
eval_0571,sample_0001,pair_060,1,1,1011,native_SS,0,0,0,0
eval_0572,sample_0340,pair_049,2,1,2021,native_SS,0,0,0,0
eval_0573,sample_0625,pair_075,2,1,2021,lsda_clean,1,1,1,0
eval_0574,sample_0786,pair_097,3,3,3033,native_SS,1,1,1,1
eval_0575,sample_0624,pair_050,2,2,2022,native_SS,1,0,0,0
eval_0576,sample_0338,pair_040,2,3,2023,native_SS,1,0,0,1
eval_0577,sample_0768,pair_009,1,1,1011,lsda_clean,1,1,1,0
eval_0578,sample_0011,pair_099,3,2,3032,lsda_clean,1,1,1,1
eval_0579,sample_0497,pair_005,1,1,1011,lsda_clean,1,1,1,1
eval_0580,sample_0516,pair_073,3,1,3031,native_SS,0,0,0,0
eval_0581,sample_0795,pair_100,1,1,1011,native_SS,0,0,0,0
eval_0582,sample_0607,pair_033,2,2,2022,native_SS,1,1,1,0
eval_0583,sample_0556,pair_009,1,2,1012,lsda_clean,1,1,1,0
eval_0584,sample_0215,pair_024,1,2,1012,native_SS,1,0,0,0
eval_0585,sample_0075,pair_059,2,2,2022,native_SS,0,0,0,0
eval_0586,sample_0809,pair_054,1,3,1013,native_SS,1,0,0,0
eval_0587,sample_0071,pair_008,3,2,3032,native_SS,1,1,1,0
eval_0588,sample_0652,pair_058,3,3,3033,native_SS,1,1,1,1
eval_0589,sample_0056,pair_021,1,3,1013,native_SS,1,0,0,0
eval_0590,sample_0497,pair_005,1,1,1011,native_SS,1,1,1,1
eval_0591,sample_0061,pair_028,2,1,2021,native_SS,1,1,1,0
eval_0592,sample_0610,pair_020,1,1,1011,lsda_clean,1,1,1,0
eval_0593,sample_0116,pair_090,1,1,1011,native_SS,1,1,1,1
eval_0594,sample_0838,pair_085,1,2,1012,lsda_clean,1,1,1,0
eval_0595,sample_0439,pair_047,1,3,1013,lsda_clean,1,1,1,1
eval_0596,sample_0585,pair_036,2,2,2022,lsda_clean,1,1,1,1
eval_0597,sample_0192,pair_085,3,3,3033,lsda_clean,1,1,1,1
eval_0598,sample_0155,pair_081,1,3,1013,lsda_clean,1,0,0,0
eval_0599,sample_0858,pair_045,3,2,3032,native_SS,1,0,0,1
eval_0600,sample_0123,pair_013,3,2,3032,lsda_clean,1,1,1,0
eval_0601,sample_0200,pair_024,3,3,3033,lsda_clean,1,1,1,0
eval_0602,sample_0361,pair_012,3,2,3032,native_SS,0,0,0,0
eval_0603,sample_0445,pair_006,3,2,3032,lsda_clean,1,1,1,0
eval_0604,sample_0338,pair_040,2,3,2023,lsda_clean,1,1,1,1
eval_0605,sample_0777,pair_012,1,2,1012,native_SS,1,0,0,0
eval_0606,sample_0348,pair_087,3,2,3032,native_SS,1,1,1,1
eval_0607,sample_0603,pair_053,1,2,1012,native_SS,1,1,1,0
eval_0608,sample_0797,pair_004,2,2,2022,native_SS,1,1,1,1
eval_0609,sample_0281,pair_035,2,3,2023,lsda_clean,1,1,1,1
eval_0610,sample_0537,pair_072,3,1,3031,lsda_clean,1,1,1,1
eval_0611,sample_0030,pair_088,2,2,2022,native_SS,0,0,0,0
eval_0612,sample_0778,pair_041,2,2,2022,native_SS,1,0,0,0
eval_0613,sample_0433,pair_029,1,3,1013,native_SS,1,0,0,0
eval_0614,sample_0322,pair_049,1,1,1011,native_SS,0,0,0,0
eval_0615,sample_0751,pair_053,3,3,3033,native_SS,1,1,1,0
eval_0616,sample_0120,pair_075,1,1,1011,lsda_clean,1,1,1,1
eval_0617,sample_0587,pair_081,3,1,3031,native_SS,1,0,0,0
eval_0618,sample_0492,pair_009,3,2,3032,native_SS,1,1,1,0
eval_0619,sample_0648,pair_080,1,3,1013,lsda_clean,1,1,1,1
eval_0620,sample_0686,pair_077,3,1,3031,native_SS,0,1,0,0
eval_0621,sample_0369,pair_020,2,2,2022,lsda_clean,1,1,1,0
eval_0622,sample_0510,pair_025,1,3,1013,lsda_clean,1,1,1,0
eval_0623,sample_0760,pair_033,1,1,1011,native_SS,1,1,1,1
eval_0624,sample_0816,pair_072,2,1,2021,native_SS,0,0,0,1
eval_0625,sample_0326,pair_090,1,2,1012,lsda_clean,1,1,1,0
eval_0626,sample_0643,pair_036,3,3,3033,lsda_clean,0,0,0,0
eval_0627,sample_0814,pair_052,2,2,2022,lsda_clean,1,0,0,0
eval_0628,sample_0421,pair_033,3,3,3033,native_SS,1,0,0,0
eval_0629,sample_0312,pair_086,1,2,1012,native_SS,1,0,0,0
eval_0630,sample_0380,pair_056,3,2,3032,native_SS,1,1,1,0
eval_0631,sample_0685,pair_069,2,1,2021,lsda_clean,1,0,0,0
eval_0632,sample_0013,pair_051,3,2,3032,lsda_clean,1,1,1,1
eval_0633,sample_0753,pair_050,1,2,1012,native_SS,1,1,1,1
eval_0634,sample_0134,pair_051,1,2,1012,native_SS,1,1,1,0
eval_0635,sample_0059,pair_018,2,2,2022,lsda_clean,1,1,1,0
eval_0636,sample_0626,pair_031,3,2,3032,native_SS,0,0,0,0
eval_0637,sample_0017,pair_080,3,2,3032,native_SS,1,1,1,0
eval_0638,sample_0418,pair_001,1,2,1012,native_SS,1,1,1,1
eval_0639,sample_0682,pair_071,2,2,2022,lsda_clean,1,1,1,0
eval_0640,sample_0774,pair_046,2,3,2023,lsda_clean,1,0,0,0
eval_0641,sample_0485,pair_034,3,3,3033,native_SS,0,0,0,0
eval_0642,sample_0010,pair_084,3,3,3033,native_SS,0,0,0,0
eval_0643,sample_0091,pair_046,3,3,3033,lsda_clean,1,1,1,1
eval_0644,sample_0876,pair_050,1,1,1011,lsda_clean,1,1,1,0
eval_0645,sample_0830,pair_090,3,2,3032,lsda_clean,1,1,1,1
eval_0646,sample_0269,pair_089,1,1,1011,native_SS,1,0,0,0
eval_0647,sample_0006,pair_054,3,2,3032,lsda_clean,1,1,1,0
eval_0648,sample_0043,pair_017,2,2,2022,native_SS,1,1,1,0
eval_0649,sample_0666,pair_060,3,2,3032,lsda_clean,1,1,1,1
eval_0650,sample_0250,pair_100,3,3,3033,native_SS,1,1,1,0
eval_0651,sample_0092,pair_091,2,1,2021,native_SS,0,1,0,0
eval_0652,sample_0704,pair_016,1,3,1013,lsda_clean,1,0,0,0
eval_0653,sample_0339,pair_061,3,3,3033,lsda_clean,1,1,1,1
eval_0654,sample_0279,pair_002,1,2,1012,native_SS,1,1,1,1
eval_0655,sample_0877,pair_038,3,1,3031,lsda_clean,1,1,1,0
eval_0656,sample_0873,pair_039,1,3,1013,lsda_clean,1,1,1,1
eval_0657,sample_0844,pair_035,1,1,1011,native_SS,1,1,1,0
eval_0658,sample_0546,pair_049,2,3,2023,native_SS,1,1,1,1
eval_0659,sample_0247,pair_097,2,1,2021,lsda_clean,1,1,1,1
eval_0660,sample_0218,pair_008,1,1,1011,native_SS,1,0,0,1
eval_0661,sample_0891,pair_078,1,2,1012,lsda_clean,1,1,1,0
eval_0662,sample_0533,pair_038,2,3,2023,lsda_clean,1,1,1,1
eval_0663,sample_0507,pair_015,1,2,1012,lsda_clean,1,1,1,0
eval_0664,sample_0570,pair_061,2,2,2022,native_SS,1,0,0,1
eval_0665,sample_0647,pair_097,1,3,1013,native_SS,1,1,1,1
eval_0666,sample_0283,pair_006,3,1,3031,lsda_clean,1,1,1,0
eval_0667,sample_0027,pair_078,2,1,2021,lsda_clean,1,1,1,0
eval_0668,sample_0417,pair_055,2,2,2022,native_SS,1,0,0,0
eval_0669,sample_0618,pair_026,1,2,1012,native_SS,1,0,0,0
eval_0670,sample_0178,pair_060,3,1,3031,native_SS,0,0,0,0
eval_0671,sample_0606,pair_040,2,1,2021,lsda_clean,1,1,1,0
eval_0672,sample_0386,pair_003,2,2,2022,native_SS,0,0,0,0
eval_0673,sample_0875,pair_031,2,2,2022,native_SS,1,1,1,0
eval_0674,sample_0321,pair_022,3,1,3031,lsda_clean,1,1,1,1
eval_0675,sample_0167,pair_044,3,3,3033,native_SS,1,0,0,0
eval_0676,sample_0771,pair_023,3,3,3033,native_SS,0,0,0,0
eval_0677,sample_0533,pair_038,2,3,2023,native_SS,1,1,1,1
eval_0678,sample_0197,pair_050,1,3,1013,lsda_clean,1,0,0,0
eval_0679,sample_0762,pair_079,3,3,3033,native_SS,1,0,0,0
eval_0680,sample_0292,pair_054,2,2,2022,lsda_clean,1,1,1,0
eval_0681,sample_0676,pair_079,3,1,3031,native_SS,1,1,1,1
eval_0682,sample_0112,pair_048,2,2,2022,lsda_clean,1,1,1,0
eval_0683,sample_0548,pair_038,3,2,3032,lsda_clean,1,1,1,1
eval_0684,sample_0847,pair_024,3,2,3032,native_SS,1,1,1,0
eval_0685,sample_0773,pair_050,3,2,3032,native_SS,1,1,1,0
eval_0686,sample_0146,pair_027,3,3,3033,lsda_clean,1,1,1,1
eval_0687,sample_0757,pair_081,3,3,3033,lsda_clean,1,1,1,1
eval_0688,sample_0255,pair_010,1,1,1011,lsda_clean,1,0,0,0
eval_0689,sample_0106,pair_066,2,3,2023,native_SS,1,1,1,1
eval_0690,sample_0243,pair_015,3,2,3032,lsda_clean,1,0,0,1
eval_0691,sample_0011,pair_099,3,2,3032,native_SS,1,1,1,1
eval_0692,sample_0810,pair_053,2,3,2023,native_SS,0,0,0,0
eval_0693,sample_0889,pair_013,3,3,3033,native_SS,0,0,0,0
eval_0694,sample_0764,pair_074,2,2,2022,lsda_clean,1,1,1,1
eval_0695,sample_0672,pair_087,1,3,1013,lsda_clean,1,1,1,1
eval_0696,sample_0636,pair_090,3,3,3033,lsda_clean,1,1,1,1
eval_0697,sample_0416,pair_014,1,2,1012,lsda_clean,0,1,0,1
eval_0698,sample_0594,pair_049,3,2,3032,native_SS,1,0,0,0
eval_0699,sample_0276,pair_070,1,2,1012,native_SS,1,1,1,0
eval_0700,sample_0854,pair_059,3,1,3031,native_SS,1,1,1,0
eval_0701,sample_0420,pair_068,2,2,2022,native_SS,1,1,1,0
eval_0702,sample_0150,pair_042,1,1,1011,native_SS,1,1,1,0
eval_0703,sample_0131,pair_015,3,3,3033,native_SS,0,0,0,0
eval_0704,sample_0743,pair_094,2,3,2023,lsda_clean,1,1,1,1
eval_0705,sample_0194,pair_099,3,1,3031,lsda_clean,1,1,1,1
eval_0706,sample_0084,pair_007,2,3,2023,native_SS,1,1,1,0
eval_0707,sample_0007,pair_087,1,1,1011,native_SS,1,1,1,0
eval_0708,sample_0767,pair_085,3,2,3032,lsda_clean,1,1,1,0
eval_0709,sample_0709,pair_017,1,1,1011,native_SS,1,0,0,0
eval_0710,sample_0551,pair_074,3,2,3032,lsda_clean,1,1,1,1
eval_0711,sample_0501,pair_066,1,2,1012,lsda_clean,1,1,1,0
eval_0712,sample_0603,pair_053,1,2,1012,lsda_clean,1,1,1,0
eval_0713,sample_0084,pair_007,2,3,2023,lsda_clean,1,1,1,1
eval_0714,sample_0842,pair_061,1,1,1011,native_SS,1,1,1,1
eval_0715,sample_0370,pair_004,3,2,3032,lsda_clean,1,1,1,1
eval_0716,sample_0102,pair_025,1,1,1011,lsda_clean,1,1,1,0
eval_0717,sample_0362,pair_080,2,3,2023,native_SS,1,1,1,0
eval_0718,sample_0341,pair_070,3,3,3033,native_SS,1,1,1,1
eval_0719,sample_0627,pair_072,3,3,3033,lsda_clean,1,1,1,1
eval_0720,sample_0714,pair_085,2,3,2023,lsda_clean,1,0,0,0
eval_0721,sample_0403,pair_059,1,3,1013,native_SS,0,0,0,0
eval_0722,sample_0040,pair_006,1,1,1011,native_SS,0,0,0,1
eval_0723,sample_0801,pair_060,3,3,3033,lsda_clean,1,1,1,0
eval_0724,sample_0171,pair_017,2,1,2021,native_SS,1,0,0,1
eval_0725,sample_0165,pair_033,2,3,2023,native_SS,1,1,1,0
eval_0726,sample_0648,pair_080,1,3,1013,native_SS,1,1,1,1
eval_0727,sample_0009,pair_068,2,1,2021,native_SS,1,1,1,1
eval_0728,sample_0717,pair_010,2,2,2022,native_SS,1,1,1,0
eval_0729,sample_0676,pair_079,3,1,3031,lsda_clean,1,1,1,1
eval_0730,sample_0653,pair_069,3,3,3033,lsda_clean,1,1,1,1
eval_0731,sample_0320,pair_017,1,3,1013,lsda_clean,1,0,0,1
eval_0732,sample_0835,pair_081,2,1,2021,lsda_clean,1,1,1,1
eval_0733,sample_0859,pair_002,1,1,1011,lsda_clean,1,1,1,1
eval_0734,sample_0557,pair_052,3,2,3032,native_SS,0,0,0,0
eval_0735,sample_0616,pair_002,2,1,2021,lsda_clean,1,1,1,1
eval_0736,sample_0589,pair_028,2,2,2022,lsda_clean,1,1,1,0
eval_0737,sample_0819,pair_087,1,2,1012,lsda_clean,1,1,1,1
eval_0738,sample_0715,pair_047,3,3,3033,native_SS,1,1,1,0
eval_0739,sample_0739,pair_080,2,1,2021,lsda_clean,1,1,1,1
eval_0740,sample_0761,pair_017,3,3,3033,native_SS,0,0,0,0
eval_0741,sample_0235,pair_037,3,2,3032,lsda_clean,1,1,1,1
eval_0742,sample_0248,pair_023,1,1,1011,native_SS,0,0,0,0
eval_0743,sample_0778,pair_041,2,2,2022,lsda_clean,1,0,0,0
eval_0744,sample_0693,pair_006,2,1,2021,native_SS,1,0,0,1
eval_0745,sample_0002,pair_010,1,2,1012,native_SS,1,0,0,0
eval_0746,sample_0278,pair_034,2,3,2023,lsda_clean,1,1,1,0
eval_0747,sample_0203,pair_014,3,1,3031,lsda_clean,1,1,1,1
eval_0748,sample_0317,pair_008,3,3,3033,native_SS,1,1,1,1
eval_0749,sample_0133,pair_096,1,1,1011,native_SS,1,0,0,0
eval_0750,sample_0156,pair_092,1,2,1012,lsda_clean,1,1,1,0
eval_0751,sample_0273,pair_010,3,1,3031,native_SS,1,0,0,0
eval_0752,sample_0613,pair_068,1,2,1012,lsda_clean,1,1,1,1
eval_0753,sample_0164,pair_092,2,1,2021,native_SS,1,1,1,0
eval_0754,sample_0861,pair_029,1,2,1012,native_SS,0,0,0,0
eval_0755,sample_0284,pair_059,1,1,1011,lsda_clean,1,1,1,1
eval_0756,sample_0559,pair_018,3,3,3033,lsda_clean,0,1,0,0
eval_0757,sample_0147,pair_003,1,2,1012,lsda_clean,1,1,1,0
eval_0758,sample_0411,pair_045,1,2,1012,lsda_clean,1,1,1,0
eval_0759,sample_0096,pair_048,3,3,3033,native_SS,1,0,0,0
eval_0760,sample_0141,pair_091,3,3,3033,native_SS,0,1,0,0
eval_0761,sample_0705,pair_016,2,3,2023,lsda_clean,1,1,1,1
eval_0762,sample_0636,pair_090,3,3,3033,native_SS,0,0,0,0
eval_0763,sample_0722,pair_013,2,3,2023,lsda_clean,1,1,1,0
eval_0764,sample_0805,pair_025,3,2,3032,native_SS,0,0,0,0
eval_0765,sample_0150,pair_042,1,1,1011,lsda_clean,1,1,1,0
eval_0766,sample_0496,pair_051,2,1,2021,native_SS,1,1,1,0
eval_0767,sample_0832,pair_078,3,1,3031,native_SS,1,1,1,0
eval_0768,sample_0090,pair_098,3,3,3033,lsda_clean,1,1,1,1
eval_0769,sample_0359,pair_022,3,3,3033,native_SS,1,1,1,1
eval_0770,sample_0728,pair_082,1,1,1011,lsda_clean,1,1,1,1
eval_0771,sample_0815,pair_063,3,1,3031,native_SS,1,1,1,0
eval_0772,sample_0538,pair_088,1,2,1012,native_SS,1,0,0,0
eval_0773,sample_0767,pair_085,3,2,3032,native_SS,1,1,1,1
eval_0774,sample_0518,pair_013,2,1,2021,lsda_clean,1,1,1,0
eval_0775,sample_0280,pair_063,3,2,3032,native_SS,0,0,0,0
eval_0776,sample_0549,pair_059,1,2,1012,lsda_clean,1,1,1,1
eval_0777,sample_0207,pair_027,1,2,1012,native_SS,1,0,0,0
eval_0778,sample_0281,pair_035,2,3,2023,native_SS,1,1,1,0
eval_0779,sample_0194,pair_099,3,1,3031,native_SS,1,1,1,0
eval_0780,sample_0477,pair_099,1,1,1011,native_SS,1,1,1,0
eval_0781,sample_0147,pair_003,1,2,1012,native_SS,0,0,0,0
eval_0782,sample_0885,pair_056,1,2,1012,native_SS,1,0,0,0
eval_0783,sample_0094,pair_073,1,3,1013,native_SS,1,0,0,0
eval_0784,sample_0506,pair_026,3,3,3033,lsda_clean,1,1,1,1
eval_0785,sample_0369,pair_020,2,2,2022,native_SS,0,0,0,0
eval_0786,sample_0811,pair_081,3,2,3032,native_SS,0,0,0,0
eval_0787,sample_0550,pair_048,2,1,2021,lsda_clean,1,1,1,0
eval_0788,sample_0592,pair_021,2,2,2022,native_SS,0,1,0,0
eval_0789,sample_0030,pair_088,2,2,2022,lsda_clean,1,1,1,0
eval_0790,sample_0268,pair_041,3,1,3031,lsda_clean,1,1,1,0
eval_0791,sample_0128,pair_033,3,1,3031,native_SS,1,1,1,0
eval_0792,sample_0452,pair_089,1,3,1013,lsda_clean,1,1,1,1
eval_0793,sample_0898,pair_089,3,3,3033,lsda_clean,1,1,1,1
eval_0794,sample_0200,pair_024,3,3,3033,native_SS,1,0,0,0
eval_0795,sample_0789,pair_029,3,1,3031,native_SS,0,0,0,0
eval_0796,sample_0023,pair_086,3,1,3031,lsda_clean,1,1,1,0
eval_0797,sample_0161,pair_089,2,2,2022,native_SS,0,0,0,0
eval_0798,sample_0414,pair_082,2,1,2021,native_SS,1,1,1,1
eval_0799,sample_0579,pair_006,2,3,2023,native_SS,0,0,0,0
eval_0800,sample_0505,pair_090,2,1,2021,lsda_clean,1,1,1,1
eval_0801,sample_0632,pair_016,3,2,3032,lsda_clean,1,1,1,0
eval_0802,sample_0335,pair_025,2,1,2021,lsda_clean,1,0,0,0
eval_0803,sample_0394,pair_032,2,2,2022,lsda_clean,1,1,1,1
eval_0804,sample_0324,pair_065,1,3,1013,lsda_clean,1,1,1,1
eval_0805,sample_0787,pair_076,2,3,2023,lsda_clean,1,1,1,1
eval_0806,sample_0833,pair_002,3,3,3033,native_SS,1,1,1,0
eval_0807,sample_0626,pair_031,3,2,3032,lsda_clean,1,1,1,1
eval_0808,sample_0386,pair_003,2,2,2022,lsda_clean,0,0,0,0
eval_0809,sample_0124,pair_024,2,2,2022,lsda_clean,1,1,1,1
eval_0810,sample_0018,pair_057,1,1,1011,lsda_clean,1,1,1,1
eval_0811,sample_0367,pair_042,2,1,2021,lsda_clean,1,1,1,0
eval_0812,sample_0524,pair_026,2,1,2021,lsda_clean,1,1,1,1
eval_0813,sample_0029,pair_079,3,2,3032,native_SS,1,1,1,1
eval_0814,sample_0837,pair_014,2,3,2023,native_SS,0,1,0,0
eval_0815,sample_0411,pair_045,1,2,1012,native_SS,1,0,0,0
eval_0816,sample_0111,pair_073,2,2,2022,lsda_clean,1,1,1,1
eval_0817,sample_0803,pair_041,3,3,3033,native_SS,1,1,1,0
eval_0818,sample_0775,pair_066,2,2,2022,lsda_clean,1,1,1,1
eval_0819,sample_0538,pair_088,1,2,1012,lsda_clean,1,1,1,0
eval_0820,sample_0788,pair_025,2,2,2022,lsda_clean,1,1,1,0
eval_0821,sample_0893,pair_087,3,3,3033,native_SS,1,1,1,0
eval_0822,sample_0598,pair_010,3,3,3033,lsda_clean,1,0,0,0
eval_0823,sample_0380,pair_056,3,2,3032,lsda_clean,1,1,1,0
eval_0824,sample_0029,pair_079,3,2,3032,lsda_clean,1,1,1,1
eval_0825,sample_0721,pair_084,1,3,1013,native_SS,0,0,0,0
eval_0826,sample_0631,pair_036,2,3,2023,native_SS,0,0,0,0
eval_0827,sample_0788,pair_025,2,2,2022,native_SS,1,1,1,0
eval_0828,sample_0349,pair_070,1,3,1013,lsda_clean,1,1,1,1
eval_0829,sample_0091,pair_046,3,3,3033,native_SS,1,0,0,0
eval_0830,sample_0031,pair_085,1,1,1011,native_SS,1,1,1,1
eval_0831,sample_0719,pair_032,3,1,3031,lsda_clean,1,1,1,0
eval_0832,sample_0275,pair_093,1,1,1011,lsda_clean,1,1,1,0
eval_0833,sample_0487,pair_079,2,1,2021,lsda_clean,0,1,0,1
eval_0834,sample_0050,pair_058,1,2,1012,native_SS,1,1,1,0
eval_0835,sample_0094,pair_073,1,3,1013,lsda_clean,1,1,1,1
eval_0836,sample_0464,pair_052,3,3,3033,native_SS,0,0,0,0
eval_0837,sample_0373,pair_098,3,1,3031,native_SS,0,0,0,0
eval_0838,sample_0256,pair_057,1,2,1012,lsda_clean,1,1,1,0
eval_0839,sample_0856,pair_091,2,3,2023,native_SS,0,0,0,0
eval_0840,sample_0779,pair_073,3,3,3033,native_SS,1,0,0,0
eval_0841,sample_0383,pair_096,3,3,3033,lsda_clean,1,1,1,0
eval_0842,sample_0874,pair_015,1,1,1011,lsda_clean,1,1,1,0
eval_0843,sample_0188,pair_087,2,1,2021,lsda_clean,1,1,1,1
eval_0844,sample_0802,pair_058,2,2,2022,lsda_clean,1,1,1,0
eval_0845,sample_0840,pair_092,2,2,2022,lsda_clean,1,1,1,1
eval_0846,sample_0177,pair_066,1,3,1013,lsda_clean,1,1,1,1
eval_0847,sample_0410,pair_099,1,2,1012,lsda_clean,1,1,1,0
eval_0848,sample_0486,pair_065,1,2,1012,native_SS,1,1,1,0
eval_0849,sample_0595,pair_044,2,1,2021,lsda_clean,1,1,1,1
eval_0850,sample_0577,pair_052,2,3,2023,lsda_clean,1,1,1,0
eval_0851,sample_0706,pair_020,1,2,1012,native_SS,1,1,1,0
eval_0852,sample_0472,pair_020,3,1,3031,lsda_clean,1,1,1,1
eval_0853,sample_0122,pair_083,3,2,3032,lsda_clean,1,1,1,1
eval_0854,sample_0399,pair_002,3,1,3031,lsda_clean,1,1,1,0
eval_0855,sample_0641,pair_039,2,3,2023,native_SS,0,0,0,0
eval_0856,sample_0337,pair_009,2,2,2022,lsda_clean,1,1,1,0
eval_0857,sample_0205,pair_066,2,1,2021,native_SS,1,0,0,0
eval_0858,sample_0846,pair_067,1,1,1011,native_SS,1,0,0,0
eval_0859,sample_0064,pair_040,3,3,3033,native_SS,1,0,0,0
eval_0860,sample_0605,pair_026,2,3,2023,native_SS,0,1,0,0
eval_0861,sample_0265,pair_001,1,1,1011,lsda_clean,1,1,1,0
eval_0862,sample_0397,pair_094,3,3,3033,lsda_clean,1,1,1,1
eval_0863,sample_0784,pair_031,1,2,1012,native_SS,0,1,0,0
eval_0864,sample_0381,pair_073,1,1,1011,native_SS,1,1,1,1
eval_0865,sample_0033,pair_095,2,2,2022,native_SS,1,0,0,0
eval_0866,sample_0314,pair_030,2,3,2023,lsda_clean,1,1,1,0
eval_0867,sample_0169,pair_037,2,1,2021,lsda_clean,1,1,1,1
eval_0868,sample_0148,pair_010,3,2,3032,native_SS,1,0,0,0
eval_0869,sample_0806,pair_076,3,1,3031,native_SS,0,0,0,0
eval_0870,sample_0036,pair_053,1,3,1013,native_SS,1,0,0,0
eval_0871,sample_0624,pair_050,2,2,2022,lsda_clean,1,0,0,0
eval_0872,sample_0387,pair_080,2,2,2022,native_SS,1,1,1,1
eval_0873,sample_0547,pair_089,3,2,3032,lsda_clean,1,1,1,1
eval_0874,sample_0231,pair_018,1,3,1013,native_SS,1,0,0,0
eval_0875,sample_0882,pair_100,1,2,1012,lsda_clean,1,1,1,0
eval_0876,sample_0010,pair_084,3,3,3033,lsda_clean,1,1,1,1
eval_0877,sample_0718,pair_032,1,2,1012,native_SS,1,1,1,0
eval_0878,sample_0080,pair_081,1,2,1012,lsda_clean,1,1,1,1
eval_0879,sample_0193,pair_022,1,3,1013,lsda_clean,1,1,1,0
eval_0880,sample_0018,pair_057,1,1,1011,native_SS,1,1,1,0
eval_0881,sample_0805,pair_025,3,2,3032,lsda_clean,0,0,0,0
eval_0882,sample_0125,pair_039,3,2,3032,lsda_clean,1,1,1,1
eval_0883,sample_0430,pair_047,1,2,1012,native_SS,0,1,0,0
eval_0884,sample_0226,pair_019,1,3,1013,lsda_clean,1,1,1,0
eval_0885,sample_0620,pair_005,2,2,2022,native_SS,0,0,0,0
eval_0886,sample_0627,pair_072,3,3,3033,native_SS,1,0,0,0
eval_0887,sample_0419,pair_083,1,2,1012,lsda_clean,1,1,1,1
eval_0888,sample_0335,pair_025,2,1,2021,native_SS,0,0,0,0
eval_0889,sample_0070,pair_008,1,2,1012,lsda_clean,1,1,1,1
eval_0890,sample_0649,pair_018,2,1,2021,native_SS,0,0,0,0
eval_0891,sample_0714,pair_085,2,3,2023,native_SS,1,0,0,0
eval_0892,sample_0089,pair_002,3,2,3032,native_SS,1,0,0,0
eval_0893,sample_0164,pair_092,2,1,2021,lsda_clean,1,1,1,1
eval_0894,sample_0708,pair_014,2,1,2021,lsda_clean,1,0,0,0
eval_0895,sample_0062,pair_021,1,1,1011,lsda_clean,1,1,1,1
eval_0896,sample_0552,pair_088,2,3,2023,native_SS,0,0,0,0
eval_0897,sample_0632,pair_016,3,2,3032,native_SS,1,1,1,0
eval_0898,sample_0808,pair_024,3,1,3031,native_SS,0,0,0,0
eval_0899,sample_0183,pair_046,2,1,2021,lsda_clean,0,0,0,0
eval_0900,sample_0276,pair_070,1,2,1012,lsda_clean,1,1,1,1
eval_0901,sample_0088,pair_085,1,3,1013,lsda_clean,1,1,1,1
eval_0902,sample_0629,pair_034,1,1,1011,lsda_clean,1,1,1,1
eval_0903,sample_0157,pair_008,2,2,2022,native_SS,1,0,0,0
eval_0904,sample_0186,pair_088,3,2,3032,native_SS,0,0,0,0
eval_0905,sample_0749,pair_012,1,1,1011,lsda_clean,1,1,1,1
eval_0906,sample_0096,pair_048,3,3,3033,lsda_clean,1,1,1,1
eval_0907,sample_0432,pair_028,1,1,1011,native_SS,1,1,1,0
eval_0908,sample_0511,pair_023,2,2,2022,native_SS,0,0,0,0
eval_0909,sample_0095,pair_003,2,3,2023,lsda_clean,1,0,0,0
eval_0910,sample_0154,pair_051,3,3,3033,native_SS,0,0,0,0
eval_0911,sample_0205,pair_066,2,1,2021,lsda_clean,1,1,1,0
eval_0912,sample_0633,pair_063,1,3,1013,native_SS,0,0,0,0
eval_0913,sample_0259,pair_078,2,2,2022,lsda_clean,1,1,1,1
eval_0914,sample_0038,pair_089,2,3,2023,native_SS,0,0,0,0
eval_0915,sample_0599,pair_074,1,2,1012,lsda_clean,1,1,1,1
eval_0916,sample_0312,pair_086,1,2,1012,lsda_clean,1,1,1,1
eval_0917,sample_0617,pair_044,2,2,2022,native_SS,1,1,1,0
eval_0918,sample_0823,pair_024,2,1,2021,native_SS,1,1,1,0
eval_0919,sample_0499,pair_079,1,1,1011,lsda_clean,0,1,0,0
eval_0920,sample_0294,pair_053,2,2,2022,native_SS,1,0,0,0
eval_0921,sample_0425,pair_019,3,3,3033,lsda_clean,1,1,1,1
eval_0922,sample_0720,pair_030,1,1,1011,lsda_clean,1,0,0,0
eval_0923,sample_0233,pair_036,1,2,1012,native_SS,1,0,0,0
eval_0924,sample_0129,pair_011,1,3,1013,native_SS,1,1,1,0
eval_0925,sample_0426,pair_012,2,2,2022,lsda_clean,1,1,1,1
eval_0926,sample_0564,pair_031,3,1,3031,native_SS,1,0,0,0
eval_0927,sample_0738,pair_058,3,1,3031,native_SS,1,1,1,0
eval_0928,sample_0597,pair_062,3,2,3032,lsda_clean,1,1,1,1
eval_0929,sample_0797,pair_004,2,2,2022,lsda_clean,1,1,1,1
eval_0930,sample_0267,pair_076,3,2,3032,native_SS,0,0,0,0
eval_0931,sample_0830,pair_090,3,2,3032,native_SS,1,1,1,1
eval_0932,sample_0098,pair_027,1,1,1011,lsda_clean,1,1,1,1
eval_0933,sample_0074,pair_075,1,3,1013,lsda_clean,1,1,1,1
eval_0934,sample_0026,pair_069,3,1,3031,native_SS,0,1,0,1
eval_0935,sample_0048,pair_033,1,3,1013,native_SS,0,1,0,1
eval_0936,sample_0729,pair_065,3,2,3032,native_SS,1,1,1,0
eval_0937,sample_0302,pair_093,2,1,2021,native_SS,0,0,0,0
eval_0938,sample_0590,pair_077,1,2,1012,lsda_clean,1,1,1,0
eval_0939,sample_0232,pair_093,1,3,1013,native_SS,1,0,0,1
eval_0940,sample_0067,pair_043,3,3,3033,native_SS,1,0,0,0
eval_0941,sample_0290,pair_092,3,2,3032,native_SS,0,0,0,0
eval_0942,sample_0229,pair_067,2,2,2022,lsda_clean,0,0,0,1
eval_0943,sample_0117,pair_085,3,1,3031,lsda_clean,1,1,1,0
eval_0944,sample_0087,pair_063,1,1,1011,lsda_clean,1,1,1,0
eval_0945,sample_0598,pair_010,3,3,3033,native_SS,1,0,0,0
eval_0946,sample_0166,pair_096,3,1,3031,native_SS,1,0,0,0
eval_0947,sample_0381,pair_073,1,1,1011,lsda_clean,1,1,1,1
eval_0948,sample_0727,pair_056,2,2,2022,native_SS,1,0,0,0
eval_0949,sample_0748,pair_040,3,1,3031,lsda_clean,0,1,0,0
eval_0950,sample_0365,pair_053,2,1,2021,native_SS,1,0,0,0
eval_0951,sample_0127,pair_047,2,3,2023,native_SS,0,1,0,0
eval_0952,sample_0736,pair_078,1,3,1013,native_SS,1,0,0,0
eval_0953,sample_0465,pair_028,1,3,1013,native_SS,1,1,1,0
eval_0954,sample_0755,pair_045,1,3,1013,native_SS,1,1,1,1
eval_0955,sample_0640,pair_025,3,1,3031,native_SS,1,1,1,0
eval_0956,sample_0769,pair_027,2,1,2021,native_SS,1,1,1,0
eval_0957,sample_0472,pair_020,3,1,3031,native_SS,1,1,1,1
eval_0958,sample_0306,pair_087,2,2,2022,native_SS,1,1,1,1
eval_0959,sample_0235,pair_037,3,2,3032,native_SS,1,0,0,0
eval_0960,sample_0266,pair_046,1,1,1011,native_SS,0,1,0,0
eval_0961,sample_0283,pair_006,3,1,3031,native_SS,0,1,0,0
eval_0962,sample_0162,pair_040,1,1,1011,lsda_clean,1,0,0,0
eval_0963,sample_0202,pair_073,1,2,1012,lsda_clean,1,1,1,0
eval_0964,sample_0395,pair_051,1,1,1011,native_SS,1,1,1,1
eval_0965,sample_0584,pair_051,2,2,2022,native_SS,1,1,1,0
eval_0966,sample_0589,pair_028,2,2,2022,native_SS,1,1,1,0
eval_0967,sample_0289,pair_058,2,1,2021,native_SS,1,1,1,0
eval_0968,sample_0191,pair_024,1,1,1011,native_SS,1,1,1,1
eval_0969,sample_0453,pair_048,1,1,1011,lsda_clean,1,1,1,1
eval_0970,sample_0523,pair_045,3,3,3033,native_SS,0,0,0,0
eval_0971,sample_0130,pair_070,2,3,2023,lsda_clean,1,1,1,1
eval_0972,sample_0548,pair_038,3,2,3032,native_SS,1,1,1,0
eval_0973,sample_0301,pair_025,3,3,3033,native_SS,0,0,0,0
eval_0974,sample_0836,pair_048,3,2,3032,lsda_clean,1,1,1,1
eval_0975,sample_0826,pair_076,1,3,1013,native_SS,1,0,0,1
eval_0976,sample_0320,pair_017,1,3,1013,native_SS,1,1,1,0
eval_0977,sample_0864,pair_055,3,2,3032,lsda_clean,0,1,0,0
eval_0978,sample_0889,pair_013,3,3,3033,lsda_clean,1,1,1,1
eval_0979,sample_0450,pair_035,3,2,3032,lsda_clean,1,1,1,1
eval_0980,sample_0576,pair_079,2,3,2023,native_SS,1,0,0,1
eval_0981,sample_0326,pair_090,1,2,1012,native_SS,0,0,0,0
eval_0982,sample_0359,pair_022,3,3,3033,lsda_clean,1,1,1,1
eval_0983,sample_0711,pair_032,2,1,2021,lsda_clean,1,1,1,1
eval_0984,sample_0437,pair_020,2,3,2023,native_SS,0,0,0,0
eval_0985,sample_0791,pair_023,3,2,3032,native_SS,1,0,0,0
eval_0986,sample_0294,pair_053,2,2,2022,lsda_clean,1,1,1,0
eval_0987,sample_0615,pair_059,2,1,2021,lsda_clean,1,1,1,0
eval_0988,sample_0358,pair_095,3,2,3032,native_SS,1,0,0,0
eval_0989,sample_0334,pair_073,2,1,2021,native_SS,1,1,1,1
eval_0990,sample_0843,pair_016,3,3,3033,native_SS,1,0,0,0
eval_0991,sample_0253,pair_028,2,3,2023,lsda_clean,1,1,1,1
eval_0992,sample_0753,pair_050,1,2,1012,lsda_clean,1,0,0,0
eval_0993,sample_0039,pair_073,2,3,2023,native_SS,1,1,1,1
eval_0994,sample_0737,pair_027,2,2,2022,lsda_clean,0,0,0,0
eval_0995,sample_0783,pair_018,1,1,1011,lsda_clean,1,1,1,1
eval_0996,sample_0230,pair_035,3,3,3033,native_SS,1,1,1,1
eval_0997,sample_0824,pair_077,1,1,1011,native_SS,1,1,1,1
eval_0998,sample_0549,pair_059,1,2,1012,native_SS,1,0,0,0
eval_0999,sample_0505,pair_090,2,1,2021,native_SS,0,0,0,1
eval_1000,sample_0458,pair_014,2,2,2022,native_SS,1,1,1,1
eval_1001,sample_0655,pair_087,2,3,2023,native_SS,1,1,1,1
eval_1002,sample_0746,pair_035,2,2,2022,native_SS,1,1,1,1
eval_1003,sample_0498,pair_072,2,3,2023,native_SS,0,0,0,0
eval_1004,sample_0544,pair_100,2,1,2021,native_SS,1,1,1,0
eval_1005,sample_0439,pair_047,1,3,1013,native_SS,1,1,1,0
eval_1006,sample_0772,pair_007,1,3,1013,lsda_clean,1,1,1,0
eval_1007,sample_0790,pair_005,2,1,2021,lsda_clean,0,0,0,0
eval_1008,sample_0700,pair_062,3,1,3031,lsda_clean,1,1,1,0
eval_1009,sample_0531,pair_042,1,3,1013,native_SS,1,1,1,0
eval_1010,sample_0585,pair_036,2,2,2022,native_SS,1,0,0,0
eval_1011,sample_0474,pair_039,1,2,1012,lsda_clean,1,1,1,1
eval_1012,sample_0723,pair_038,2,1,2021,native_SS,1,1,1,0
eval_1013,sample_0836,pair_048,3,2,3032,native_SS,1,1,1,0
eval_1014,sample_0251,pair_075,3,2,3032,native_SS,1,1,1,0
eval_1015,sample_0677,pair_091,3,2,3032,lsda_clean,1,0,0,0
eval_1016,sample_0641,pair_039,2,3,2023,lsda_clean,1,1,1,0
eval_1017,sample_0190,pair_035,2,1,2021,lsda_clean,1,0,0,0
eval_1018,sample_0315,pair_084,2,1,2021,native_SS,1,0,0,1
eval_1019,sample_0873,pair_039,1,3,1013,native_SS,1,1,1,0
eval_1020,sample_0570,pair_061,2,2,2022,lsda_clean,1,1,1,1
eval_1021,sample_0489,pair_053,3,2,3032,lsda_clean,1,0,0,0
eval_1022,sample_0271,pair_062,2,2,2022,lsda_clean,1,1,1,1
eval_1023,sample_0668,pair_075,2,3,2023,native_SS,1,1,1,1
eval_1024,sample_0195,pair_063,2,1,2021,lsda_clean,1,1,1,1
eval_1025,sample_0614,pair_031,1,1,1011,lsda_clean,0,0,0,0
eval_1026,sample_0512,pair_011,2,1,2021,lsda_clean,0,0,0,0
eval_1027,sample_0515,pair_086,1,3,1013,native_SS,1,1,1,1
eval_1028,sample_0674,pair_012,3,3,3033,lsda_clean,1,1,1,0
eval_1029,sample_0107,pair_058,1,1,1011,native_SS,1,1,1,0
eval_1030,sample_0131,pair_015,3,3,3033,lsda_clean,1,1,1,1
eval_1031,sample_0457,pair_055,3,3,3033,native_SS,1,0,0,0
eval_1032,sample_0723,pair_038,2,1,2021,lsda_clean,1,1,1,1
eval_1033,sample_0813,pair_052,2,1,2021,lsda_clean,1,1,1,1
eval_1034,sample_0656,pair_037,1,2,1012,lsda_clean,1,1,1,0
eval_1035,sample_0291,pair_053,1,1,1011,lsda_clean,1,1,1,0
eval_1036,sample_0090,pair_098,3,3,3033,native_SS,1,1,1,0
eval_1037,sample_0633,pair_063,1,3,1013,lsda_clean,1,1,1,1
eval_1038,sample_0082,pair_025,1,2,1012,lsda_clean,1,1,1,0
eval_1039,sample_0485,pair_034,3,3,3033,lsda_clean,1,1,1,1
eval_1040,sample_0286,pair_091,1,2,1012,lsda_clean,1,1,1,0
eval_1041,sample_0004,pair_100,2,2,2022,lsda_clean,1,1,1,0
eval_1042,sample_0309,pair_016,3,1,3031,lsda_clean,1,0,0,0
eval_1043,sample_0750,pair_030,1,2,1012,lsda_clean,1,1,1,1
eval_1044,sample_0406,pair_098,1,2,1012,lsda_clean,1,1,1,0
eval_1045,sample_0591,pair_063,2,2,2022,lsda_clean,1,1,1,0
eval_1046,sample_0513,pair_058,3,2,3032,lsda_clean,1,1,1,0
eval_1047,sample_0534,pair_036,2,1,2021,native_SS,1,0,0,1
eval_1048,sample_0406,pair_098,1,2,1012,native_SS,1,1,1,0
eval_1049,sample_0638,pair_039,3,1,3031,lsda_clean,1,0,0,0
eval_1050,sample_0575,pair_092,2,3,2023,native_SS,1,1,1,0
eval_1051,sample_0811,pair_081,3,2,3032,lsda_clean,1,1,1,1
eval_1052,sample_0307,pair_007,2,1,2021,lsda_clean,1,1,1,0
eval_1053,sample_0509,pair_085,2,1,2021,native_SS,1,1,1,1
eval_1054,sample_0266,pair_046,1,1,1011,lsda_clean,1,0,0,0
eval_1055,sample_0853,pair_004,2,3,2023,lsda_clean,1,1,1,1
eval_1056,sample_0508,pair_095,1,1,1011,native_SS,1,1,1,0
eval_1057,sample_0415,pair_026,1,3,1013,native_SS,1,1,1,1
eval_1058,sample_0579,pair_006,2,3,2023,lsda_clean,1,1,1,0
eval_1059,sample_0444,pair_049,3,3,3033,native_SS,1,1,1,0
eval_1060,sample_0311,pair_086,2,3,2023,native_SS,1,1,1,0
eval_1061,sample_0866,pair_056,3,3,3033,lsda_clean,1,1,1,1
eval_1062,sample_0376,pair_043,2,3,2023,native_SS,0,0,0,0
eval_1063,sample_0525,pair_037,3,1,3031,native_SS,1,1,1,0
eval_1064,sample_0107,pair_058,1,1,1011,lsda_clean,1,1,1,0
eval_1065,sample_0699,pair_042,1,2,1012,lsda_clean,1,0,0,0
eval_1066,sample_0474,pair_039,1,2,1012,native_SS,1,1,1,0
eval_1067,sample_0865,pair_021,3,3,3033,native_SS,1,1,1,0
eval_1068,sample_0081,pair_035,3,1,3031,lsda_clean,1,1,1,0
eval_1069,sample_0209,pair_084,3,1,3031,lsda_clean,1,1,1,1
eval_1070,sample_0455,pair_059,3,3,3033,native_SS,1,0,0,0
eval_1071,sample_0516,pair_073,3,1,3031,lsda_clean,1,1,1,1
eval_1072,sample_0086,pair_093,2,3,2023,native_SS,1,1,1,0
eval_1073,sample_0345,pair_028,1,2,1012,lsda_clean,1,0,0,0
eval_1074,sample_0883,pair_003,1,1,1011,lsda_clean,0,0,0,0
eval_1075,sample_0025,pair_055,2,1,2021,lsda_clean,1,1,1,0
eval_1076,sample_0015,pair_100,2,3,2023,lsda_clean,1,1,1,1
eval_1077,sample_0159,pair_030,1,3,1013,native_SS,0,1,0,0
eval_1078,sample_0845,pair_017,3,2,3032,lsda_clean,1,1,1,0
eval_1079,sample_0663,pair_070,3,2,3032,native_SS,1,1,1,1
eval_1080,sample_0362,pair_080,2,3,2023,lsda_clean,1,1,1,1
eval_1081,sample_0611,pair_001,2,2,2022,native_SS,1,0,0,0
eval_1082,sample_0153,pair_096,1,2,1012,lsda_clean,1,1,1,1
eval_1083,sample_0762,pair_079,3,3,3033,lsda_clean,1,1,1,1
eval_1084,sample_0208,pair_064,3,1,3031,lsda_clean,1,1,1,0
eval_1085,sample_0160,pair_099,2,2,2022,native_SS,1,1,1,0
eval_1086,sample_0692,pair_065,2,1,2021,native_SS,1,1,1,1
eval_1087,sample_0486,pair_065,1,2,1012,lsda_clean,1,1,1,1
eval_1088,sample_0462,pair_043,1,2,1012,native_SS,1,1,1,0
eval_1089,sample_0604,pair_043,3,2,3032,native_SS,1,1,1,0
eval_1090,sample_0502,pair_036,1,3,1013,lsda_clean,1,1,1,0
eval_1091,sample_0482,pair_029,2,3,2023,native_SS,1,0,0,0
eval_1092,sample_0073,pair_061,3,2,3032,lsda_clean,1,1,1,1
eval_1093,sample_0893,pair_087,3,3,3033,lsda_clean,1,1,1,0
eval_1094,sample_0657,pair_068,3,1,3031,native_SS,1,1,1,0
eval_1095,sample_0443,pair_007,3,3,3033,lsda_clean,1,1,1,1
eval_1096,sample_0244,pair_007,2,2,2022,native_SS,1,1,1,1
eval_1097,sample_0392,pair_079,1,2,1012,native_SS,1,0,0,0
eval_1098,sample_0092,pair_091,2,1,2021,lsda_clean,1,1,1,0
eval_1099,sample_0875,pair_031,2,2,2022,lsda_clean,1,1,1,0
eval_1100,sample_0683,pair_039,3,3,3033,native_SS,0,0,0,0
eval_1101,sample_0601,pair_081,2,2,2022,lsda_clean,1,1,1,1
eval_1102,sample_0742,pair_016,1,2,1012,native_SS,1,0,0,0
eval_1103,sample_0612,pair_068,1,1,1011,lsda_clean,1,1,1,1
eval_1104,sample_0850,pair_082,2,3,2023,lsda_clean,1,1,1,1
eval_1105,sample_0274,pair_052,1,1,1011,lsda_clean,0,0,0,0
eval_1106,sample_0445,pair_006,3,2,3032,native_SS,1,0,0,0
eval_1107,sample_0799,pair_033,3,2,3032,native_SS,1,1,1,0
eval_1108,sample_0597,pair_062,3,2,3032,native_SS,1,1,1,1
eval_1109,sample_0297,pair_057,3,1,3031,lsda_clean,1,1,1,1
eval_1110,sample_0759,pair_026,1,1,1011,native_SS,1,0,0,0
eval_1111,sample_0216,pair_049,2,2,2022,lsda_clean,1,1,1,0
eval_1112,sample_0892,pair_076,2,2,2022,lsda_clean,1,1,1,1
eval_1113,sample_0561,pair_091,1,3,1013,native_SS,1,1,1,0
eval_1114,sample_0357,pair_082,3,1,3031,native_SS,1,1,1,0
eval_1115,sample_0115,pair_071,1,1,1011,lsda_clean,1,1,1,0
eval_1116,sample_0476,pair_054,3,3,3033,lsda_clean,1,0,0,0
eval_1117,sample_0239,pair_071,1,3,1013,lsda_clean,1,1,1,0
eval_1118,sample_0361,pair_012,3,2,3032,lsda_clean,1,1,1,0
eval_1119,sample_0087,pair_063,1,1,1011,native_SS,1,0,0,0
eval_1120,sample_0264,pair_012,1,3,1013,native_SS,0,0,0,0
eval_1121,sample_0204,pair_004,1,2,1012,lsda_clean,1,1,1,1
eval_1122,sample_0287,pair_043,1,1,1011,lsda_clean,1,1,1,1
eval_1123,sample_0827,pair_045,3,1,3031,lsda_clean,1,1,1,0
eval_1124,sample_0751,pair_053,3,3,3033,lsda_clean,1,0,0,0
eval_1125,sample_0398,pair_091,2,2,2022,lsda_clean,1,1,1,1
eval_1126,sample_0313,pair_001,1,3,1013,native_SS,1,1,1,0
eval_1127,sample_0637,pair_092,3,1,3031,native_SS,1,1,1,0
eval_1128,sample_0045,pair_027,3,1,3031,native_SS,0,0,0,0
eval_1129,sample_0126,pair_055,1,1,1011,native_SS,1,0,0,1
eval_1130,sample_0274,pair_052,1,1,1011,native_SS,0,0,0,0
eval_1131,sample_0565,pair_005,2,3,2023,lsda_clean,1,1,1,0
eval_1132,sample_0181,pair_089,3,1,3031,lsda_clean,1,1,1,1
eval_1133,sample_0174,pair_094,3,1,3031,lsda_clean,1,1,1,0
eval_1134,sample_0899,pair_077,2,3,2023,lsda_clean,1,1,1,0
eval_1135,sample_0262,pair_062,1,2,1012,native_SS,0,0,0,0
eval_1136,sample_0089,pair_002,3,2,3032,lsda_clean,1,1,1,0
eval_1137,sample_0233,pair_036,1,2,1012,lsda_clean,1,1,1,1
eval_1138,sample_0501,pair_066,1,2,1012,native_SS,1,0,0,0
eval_1139,sample_0763,pair_071,1,2,1012,native_SS,1,0,0,0
eval_1140,sample_0121,pair_071,2,1,2021,lsda_clean,1,0,0,1
eval_1141,sample_0556,pair_009,1,2,1012,native_SS,1,0,0,0
eval_1142,sample_0725,pair_074,2,1,2021,lsda_clean,1,1,1,1
eval_1143,sample_0552,pair_088,2,3,2023,lsda_clean,1,1,1,1
eval_1144,sample_0263,pair_031,1,3,1013,native_SS,1,0,0,0
eval_1145,sample_0271,pair_062,2,2,2022,native_SS,1,1,1,1
eval_1146,sample_0638,pair_039,3,1,3031,native_SS,0,0,0,0
eval_1147,sample_0301,pair_025,3,3,3033,lsda_clean,0,0,0,0
eval_1148,sample_0069,pair_016,2,2,2022,native_SS,1,1,1,1
eval_1149,sample_0745,pair_072,2,2,2022,lsda_clean,1,1,1,1
eval_1150,sample_0138,pair_086,2,1,2021,native_SS,1,1,1,1
eval_1151,sample_0166,pair_096,3,1,3031,lsda_clean,1,1,1,1
eval_1152,sample_0137,pair_086,1,1,1011,lsda_clean,1,1,1,1
eval_1153,sample_0894,pair_011,3,2,3032,lsda_clean,1,0,0,0
eval_1154,sample_0202,pair_073,1,2,1012,native_SS,1,0,0,0
eval_1155,sample_0316,pair_004,3,3,3033,lsda_clean,1,1,1,1
eval_1156,sample_0880,pair_072,1,1,1011,native_SS,1,0,0,0
eval_1157,sample_0189,pair_032,2,3,2023,lsda_clean,1,1,1,1
eval_1158,sample_0017,pair_080,3,2,3032,lsda_clean,1,1,1,0
eval_1159,sample_0702,pair_040,3,2,3032,lsda_clean,1,1,1,0
eval_1160,sample_0630,pair_040,2,2,2022,lsda_clean,1,1,1,1
eval_1161,sample_0841,pair_001,3,3,3033,lsda_clean,1,1,1,1
eval_1162,sample_0837,pair_014,2,3,2023,lsda_clean,1,1,1,1
eval_1163,sample_0896,pair_032,1,1,1011,lsda_clean,1,1,1,0
eval_1164,sample_0899,pair_077,2,3,2023,native_SS,1,1,1,0
eval_1165,sample_0446,pair_091,3,1,3031,lsda_clean,1,1,1,0
eval_1166,sample_0047,pair_052,3,1,3031,lsda_clean,1,1,1,0
eval_1167,sample_0172,pair_003,2,1,2021,lsda_clean,1,1,1,1
eval_1168,sample_0470,pair_064,1,1,1011,lsda_clean,1,1,1,1
eval_1169,sample_0291,pair_053,1,1,1011,native_SS,1,1,1,0
eval_1170,sample_0251,pair_075,3,2,3032,lsda_clean,1,1,1,1
eval_1171,sample_0413,pair_098,2,1,2021,lsda_clean,1,1,1,0
eval_1172,sample_0709,pair_017,1,1,1011,lsda_clean,1,0,0,0
eval_1173,sample_0571,pair_073,3,2,3032,lsda_clean,1,1,1,1
eval_1174,sample_0398,pair_091,2,2,2022,native_SS,1,1,1,1
eval_1175,sample_0258,pair_031,2,3,2023,lsda_clean,1,1,1,0
eval_1176,sample_0032,pair_074,1,1,1011,native_SS,1,1,1,0
eval_1177,sample_0269,pair_089,1,1,1011,lsda_clean,1,1,1,1
eval_1178,sample_0124,pair_024,2,2,2022,native_SS,1,1,1,0
eval_1179,sample_0201,pair_056,3,1,3031,native_SS,1,1,1,1
eval_1180,sample_0561,pair_091,1,3,1013,lsda_clean,1,1,1,0
eval_1181,sample_0155,pair_081,1,3,1013,native_SS,0,0,0,0
eval_1182,sample_0602,pair_084,1,1,1011,lsda_clean,1,1,1,1
eval_1183,sample_0213,pair_001,2,3,2023,lsda_clean,1,1,1,0
eval_1184,sample_0628,pair_066,3,2,3032,native_SS,1,1,1,0
eval_1185,sample_0020,pair_045,2,1,2021,lsda_clean,1,0,0,0
eval_1186,sample_0315,pair_084,2,1,2021,lsda_clean,1,1,1,1
eval_1187,sample_0099,pair_004,1,3,1013,native_SS,1,1,1,0
eval_1188,sample_0698,pair_019,2,3,2023,lsda_clean,1,1,1,0
eval_1189,sample_0848,pair_058,2,3,2023,lsda_clean,1,1,1,0
eval_1190,sample_0831,pair_023,1,2,1012,lsda_clean,1,1,1,0
eval_1191,sample_0513,pair_058,3,2,3032,native_SS,0,1,0,0
eval_1192,sample_0103,pair_041,3,2,3032,native_SS,1,1,1,0
eval_1193,sample_0849,pair_063,3,3,3033,lsda_clean,0,1,0,1
eval_1194,sample_0443,pair_007,3,3,3033,native_SS,1,1,1,1
eval_1195,sample_0451,pair_088,1,3,1013,lsda_clean,1,0,0,0
eval_1196,sample_0567,pair_021,3,2,3032,native_SS,1,0,0,1
eval_1197,sample_0491,pair_078,3,2,3032,native_SS,1,0,0,0
eval_1198,sample_0074,pair_075,1,3,1013,native_SS,1,1,1,1
eval_1199,sample_0702,pair_040,3,2,3032,native_SS,1,1,1,0
eval_1200,sample_0828,pair_022,2,1,2021,native_SS,1,1,1,0
eval_1201,sample_0310,pair_036,3,1,3031,native_SS,0,0,0,0
eval_1202,sample_0591,pair_063,2,2,2022,native_SS,1,0,0,1
eval_1203,sample_0227,pair_023,2,3,2023,lsda_clean,1,1,1,1
eval_1204,sample_0804,pair_056,1,3,1013,native_SS,1,1,1,0
eval_1205,sample_0599,pair_074,1,2,1012,native_SS,1,1,1,1
eval_1206,sample_0508,pair_095,1,1,1011,lsda_clean,1,1,1,1
eval_1207,sample_0463,pair_046,3,1,3031,native_SS,0,0,0,0
eval_1208,sample_0447,pair_057,1,3,1013,native_SS,1,1,1,1
eval_1209,sample_0149,pair_077,2,2,2022,lsda_clean,1,1,1,1
eval_1210,sample_0428,pair_093,2,2,2022,native_SS,1,0,0,0
eval_1211,sample_0013,pair_051,3,2,3032,native_SS,1,1,1,1
eval_1212,sample_0140,pair_007,1,2,1012,lsda_clean,1,1,1,1
eval_1213,sample_0221,pair_097,1,2,1012,native_SS,1,1,1,1
eval_1214,sample_0383,pair_096,3,3,3033,native_SS,1,0,0,0
eval_1215,sample_0734,pair_088,3,1,3031,native_SS,0,0,0,0
eval_1216,sample_0640,pair_025,3,1,3031,lsda_clean,1,1,1,0
eval_1217,sample_0774,pair_046,2,3,2023,native_SS,0,0,0,0
eval_1218,sample_0820,pair_055,2,3,2023,lsda_clean,1,1,1,0
eval_1219,sample_0490,pair_067,3,1,3031,lsda_clean,1,1,1,1
eval_1220,sample_0212,pair_057,2,2,2022,lsda_clean,1,1,1,0
eval_1221,sample_0403,pair_059,1,3,1013,lsda_clean,1,1,1,1
eval_1222,sample_0442,pair_014,1,1,1011,lsda_clean,1,1,1,0
eval_1223,sample_0044,pair_020,3,3,3033,native_SS,0,0,0,0
eval_1224,sample_0665,pair_047,2,2,2022,lsda_clean,1,1,1,0
eval_1225,sample_0052,pair_047,2,1,2021,lsda_clean,1,1,1,0
eval_1226,sample_0664,pair_077,1,3,1013,native_SS,1,1,1,0
eval_1227,sample_0867,pair_030,3,1,3031,native_SS,1,0,0,0
eval_1228,sample_0819,pair_087,1,2,1012,native_SS,1,1,1,1
eval_1229,sample_0669,pair_095,2,1,2021,lsda_clean,0,1,0,0
eval_1230,sample_0491,pair_078,3,2,3032,lsda_clean,1,1,1,1
eval_1231,sample_0340,pair_049,2,1,2021,lsda_clean,1,1,1,1
eval_1232,sample_0647,pair_097,1,3,1013,lsda_clean,1,1,1,1
eval_1233,sample_0828,pair_022,2,1,2021,lsda_clean,1,1,1,0
eval_1234,sample_0053,pair_011,1,2,1012,lsda_clean,1,1,1,1
eval_1235,sample_0484,pair_069,3,2,3032,native_SS,0,0,0,0
eval_1236,sample_0117,pair_085,3,1,3031,native_SS,1,0,0,0
eval_1237,sample_0103,pair_041,3,2,3032,lsda_clean,1,1,1,0
eval_1238,sample_0833,pair_002,3,3,3033,lsda_clean,1,1,1,0
eval_1239,sample_0602,pair_084,1,1,1011,native_SS,0,0,0,0
eval_1240,sample_0601,pair_081,2,2,2022,native_SS,1,0,0,0
eval_1241,sample_0606,pair_040,2,1,2021,native_SS,1,0,0,1
eval_1242,sample_0490,pair_067,3,1,3031,native_SS,1,1,1,1
eval_1243,sample_0373,pair_098,3,1,3031,lsda_clean,1,1,1,0
eval_1244,sample_0343,pair_028,3,2,3032,lsda_clean,1,1,1,0
eval_1245,sample_0536,pair_027,1,3,1013,native_SS,0,0,0,0
eval_1246,sample_0656,pair_037,1,2,1012,native_SS,1,1,1,0
eval_1247,sample_0211,pair_074,2,3,2023,native_SS,1,1,1,1
eval_1248,sample_0135,pair_034,2,2,2022,native_SS,0,0,0,0
eval_1249,sample_0370,pair_004,3,2,3032,native_SS,1,1,1,1
eval_1250,sample_0158,pair_054,2,1,2021,lsda_clean,1,1,1,1
eval_1251,sample_0363,pair_011,3,1,3031,lsda_clean,1,0,0,0
eval_1252,sample_0730,pair_014,3,2,3032,lsda_clean,1,1,1,0
eval_1253,sample_0390,pair_084,3,2,3032,lsda_clean,1,1,1,1
eval_1254,sample_0824,pair_077,1,1,1011,lsda_clean,1,1,1,1
eval_1255,sample_0581,pair_045,2,3,2023,native_SS,0,0,0,0
eval_1256,sample_0450,pair_035,3,2,3032,native_SS,1,1,1,1
eval_1257,sample_0752,pair_021,3,1,3031,native_SS,0,1,0,0
eval_1258,sample_0409,pair_067,1,3,1013,native_SS,1,1,1,1
eval_1259,sample_0429,pair_057,3,2,3032,native_SS,1,1,1,1
eval_1260,sample_0046,pair_067,3,3,3033,lsda_clean,1,1,1,1
eval_1261,sample_0479,pair_069,2,2,2022,lsda_clean,1,1,1,0
eval_1262,sample_0213,pair_001,2,3,2023,native_SS,1,1,1,1
eval_1263,sample_0519,pair_090,2,3,2023,lsda_clean,1,1,1,1
eval_1264,sample_0367,pair_042,2,1,2021,native_SS,0,0,0,0
eval_1265,sample_0252,pair_052,1,2,1012,lsda_clean,1,1,1,0
eval_1266,sample_0812,pair_022,1,1,1011,lsda_clean,1,1,1,1
eval_1267,sample_0726,pair_099,1,3,1013,native_SS,1,1,1,1
eval_1268,sample_0808,pair_024,3,1,3031,lsda_clean,1,1,1,0
eval_1269,sample_0260,pair_041,1,2,1012,native_SS,0,0,0,0
eval_1270,sample_0334,pair_073,2,1,2021,lsda_clean,1,1,1,0
eval_1271,sample_0536,pair_027,1,3,1013,lsda_clean,0,0,0,0
eval_1272,sample_0197,pair_050,1,3,1013,native_SS,1,0,0,0
eval_1273,sample_0510,pair_025,1,3,1013,native_SS,0,0,0,0
eval_1274,sample_0012,pair_093,3,2,3032,native_SS,1,0,0,0
eval_1275,sample_0379,pair_067,2,3,2023,native_SS,0,0,0,0
eval_1276,sample_0137,pair_086,1,1,1011,native_SS,1,0,0,1
eval_1277,sample_0724,pair_064,2,2,2022,lsda_clean,1,1,1,0
eval_1278,sample_0574,pair_095,2,3,2023,lsda_clean,1,1,1,0
eval_1279,sample_0621,pair_007,3,1,3031,native_SS,1,1,1,1
eval_1280,sample_0825,pair_054,1,2,1012,native_SS,0,0,0,0
eval_1281,sample_0608,pair_022,3,2,3032,lsda_clean,1,1,1,1
eval_1282,sample_0697,pair_082,1,3,1013,native_SS,1,1,1,1
eval_1283,sample_0318,pair_044,1,1,1011,lsda_clean,1,0,0,0
eval_1284,sample_0377,pair_074,3,1,3031,lsda_clean,1,1,1,1
eval_1285,sample_0344,pair_094,1,3,1013,native_SS,1,1,1,0
eval_1286,sample_0375,pair_008,3,1,3031,lsda_clean,1,1,1,0
eval_1287,sample_0779,pair_073,3,3,3033,lsda_clean,1,1,1,1
eval_1288,sample_0415,pair_026,1,3,1013,lsda_clean,1,0,0,1
eval_1289,sample_0435,pair_019,3,2,3032,lsda_clean,1,1,1,0
eval_1290,sample_0427,pair_056,1,1,1011,lsda_clean,1,1,1,0
eval_1291,sample_0306,pair_087,2,2,2022,lsda_clean,1,1,1,1
eval_1292,sample_0051,pair_097,2,3,2023,lsda_clean,1,1,1,1
eval_1293,sample_0453,pair_048,1,1,1011,native_SS,1,1,1,0
eval_1294,sample_0743,pair_094,2,3,2023,native_SS,0,0,0,0
eval_1295,sample_0146,pair_027,3,3,3033,native_SS,0,0,0,0
eval_1296,sample_0776,pair_094,2,2,2022,native_SS,1,1,1,0
eval_1297,sample_0600,pair_011,3,3,3033,native_SS,1,0,0,0
eval_1298,sample_0675,pair_076,1,2,1012,native_SS,0,1,0,0
eval_1299,sample_0182,pair_074,1,3,1013,lsda_clean,1,1,1,1
eval_1300,sample_0528,pair_039,2,2,2022,native_SS,0,0,0,0
eval_1301,sample_0542,pair_052,1,3,1013,native_SS,0,1,0,0
eval_1302,sample_0843,pair_016,3,3,3033,lsda_clean,0,0,0,1
eval_1303,sample_0469,pair_036,1,1,1011,lsda_clean,1,0,0,0
eval_1304,sample_0438,pair_048,1,3,1013,native_SS,1,1,1,0
eval_1305,sample_0241,pair_045,2,2,2022,lsda_clean,1,1,1,0
eval_1306,sample_0424,pair_032,3,2,3032,lsda_clean,1,0,0,0
eval_1307,sample_0878,pair_063,1,2,1012,native_SS,1,0,0,1
eval_1308,sample_0115,pair_071,1,1,1011,native_SS,1,0,0,0
eval_1309,sample_0292,pair_054,2,2,2022,native_SS,1,0,0,0
eval_1310,sample_0705,pair_016,2,3,2023,native_SS,1,1,1,0
eval_1311,sample_0389,pair_083,2,1,2021,lsda_clean,1,1,1,1
eval_1312,sample_0665,pair_047,2,2,2022,native_SS,1,1,1,1
eval_1313,sample_0347,pair_076,1,1,1011,lsda_clean,1,1,1,1
eval_1314,sample_0237,pair_013,1,3,1013,native_SS,1,0,0,0
eval_1315,sample_0583,pair_078,3,3,3033,lsda_clean,1,1,1,1
eval_1316,sample_0545,pair_075,1,2,1012,lsda_clean,1,1,1,1
eval_1317,sample_0815,pair_063,3,1,3031,lsda_clean,1,1,1,0
eval_1318,sample_0654,pair_041,2,3,2023,native_SS,1,0,0,0
eval_1319,sample_0032,pair_074,1,1,1011,lsda_clean,1,1,1,1
eval_1320,sample_0185,pair_090,2,2,2022,lsda_clean,1,1,1,1
eval_1321,sample_0500,pair_059,2,3,2023,native_SS,0,0,0,0
eval_1322,sample_0176,pair_092,3,3,3033,native_SS,1,1,1,0
eval_1323,sample_0703,pair_030,2,1,2021,native_SS,1,1,1,0
eval_1324,sample_0333,pair_038,3,3,3033,lsda_clean,1,1,1,1
eval_1325,sample_0436,pair_043,2,2,2022,lsda_clean,1,1,1,0
eval_1326,sample_0634,pair_049,3,1,3031,lsda_clean,1,1,1,1
eval_1327,sample_0780,pair_005,1,3,1013,lsda_clean,1,1,1,1
eval_1328,sample_0028,pair_039,1,1,1011,native_SS,1,0,0,1
eval_1329,sample_0293,pair_034,3,2,3032,lsda_clean,1,1,1,1
eval_1330,sample_0761,pair_017,3,3,3033,lsda_clean,1,0,0,0
eval_1331,sample_0438,pair_048,1,3,1013,lsda_clean,1,1,1,0
eval_1332,sample_0757,pair_081,3,3,3033,native_SS,0,0,0,0
eval_1333,sample_0325,pair_083,1,3,1013,native_SS,0,1,0,0
eval_1334,sample_0521,pair_064,3,2,3032,native_SS,1,1,1,1
eval_1335,sample_0834,pair_003,3,1,3031,lsda_clean,1,1,1,0
eval_1336,sample_0593,pair_019,3,1,3031,lsda_clean,1,1,1,0
eval_1337,sample_0712,pair_001,3,2,3032,native_SS,1,1,1,0
eval_1338,sample_0126,pair_055,1,1,1011,lsda_clean,1,1,1,1
eval_1339,sample_0681,pair_029,2,2,2022,lsda_clean,1,1,1,0
eval_1340,sample_0108,pair_068,1,3,1013,lsda_clean,1,1,1,1
eval_1341,sample_0066,pair_018,2,3,2023,lsda_clean,1,1,1,0
eval_1342,sample_0261,pair_004,1,1,1011,native_SS,0,0,0,0
eval_1343,sample_0823,pair_024,2,1,2021,lsda_clean,1,1,1,0
eval_1344,sample_0104,pair_006,2,2,2022,lsda_clean,1,1,1,1
eval_1345,sample_0719,pair_032,3,1,3031,native_SS,1,0,0,0
eval_1346,sample_0558,pair_043,2,1,2021,native_SS,1,1,1,0
eval_1347,sample_0519,pair_090,2,3,2023,native_SS,1,1,1,1
eval_1348,sample_0308,pair_050,2,1,2021,lsda_clean,1,1,1,0
eval_1349,sample_0765,pair_086,2,2,2022,native_SS,1,1,1,0
eval_1350,sample_0667,pair_021,1,2,1012,lsda_clean,1,1,1,1
eval_1351,sample_0877,pair_038,3,1,3031,native_SS,1,0,0,0
eval_1352,sample_0487,pair_079,2,1,2021,native_SS,1,1,1,0
eval_1353,sample_0721,pair_084,1,3,1013,lsda_clean,1,1,1,1
eval_1354,sample_0219,pair_014,1,3,1013,native_SS,0,0,0,0
eval_1355,sample_0477,pair_099,1,1,1011,lsda_clean,1,1,1,1
eval_1356,sample_0368,pair_015,1,3,1013,lsda_clean,1,1,1,0
eval_1357,sample_0138,pair_086,2,1,2021,lsda_clean,1,1,1,1
eval_1358,sample_0400,pair_042,2,3,2023,native_SS,1,1,1,1
eval_1359,sample_0795,pair_100,1,1,1011,lsda_clean,1,1,1,1
eval_1360,sample_0393,pair_037,1,1,1011,native_SS,1,1,1,0
eval_1361,sample_0452,pair_089,1,3,1013,native_SS,1,0,0,0
eval_1362,sample_0229,pair_067,2,2,2022,native_SS,1,1,1,1
eval_1363,sample_0101,pair_094,2,1,2021,lsda_clean,1,1,1,1
eval_1364,sample_0678,pair_041,1,3,1013,native_SS,1,0,0,0
eval_1365,sample_0058,pair_024,2,3,2023,lsda_clean,1,1,1,0
eval_1366,sample_0895,pair_046,3,2,3032,lsda_clean,0,1,0,0
eval_1367,sample_0401,pair_095,3,3,3033,lsda_clean,1,1,1,1
eval_1368,sample_0604,pair_043,3,2,3032,lsda_clean,1,1,1,0
eval_1369,sample_0876,pair_050,1,1,1011,native_SS,1,1,1,0
eval_1370,sample_0667,pair_021,1,2,1012,native_SS,1,1,1,0
eval_1371,sample_0412,pair_088,1,1,1011,native_SS,0,0,0,0
eval_1372,sample_0152,pair_016,2,1,2021,lsda_clean,1,1,1,0
eval_1373,sample_0130,pair_070,2,3,2023,native_SS,1,1,1,1
eval_1374,sample_0562,pair_070,1,1,1011,lsda_clean,1,1,1,1
eval_1375,sample_0026,pair_069,3,1,3031,lsda_clean,1,1,1,0
eval_1376,sample_0741,pair_062,1,3,1013,lsda_clean,1,1,1,1
eval_1377,sample_0357,pair_082,3,1,3031,lsda_clean,1,1,1,1
eval_1378,sample_0396,pair_080,3,1,3031,native_SS,1,1,1,0
eval_1379,sample_0119,pair_005,3,2,3032,native_SS,1,1,1,1
eval_1380,sample_0036,pair_053,1,3,1013,lsda_clean,1,0,0,0
eval_1381,sample_0188,pair_087,2,1,2021,native_SS,1,1,1,1
eval_1382,sample_0201,pair_056,3,1,3031,lsda_clean,1,1,1,1
eval_1383,sample_0331,pair_044,1,2,1012,native_SS,1,1,1,0
eval_1384,sample_0673,pair_061,3,1,3031,lsda_clean,1,1,1,1
eval_1385,sample_0717,pair_010,2,2,2022,lsda_clean,1,1,1,0
eval_1386,sample_0695,pair_084,1,2,1012,native_SS,0,0,0,0
eval_1387,sample_0316,pair_004,3,3,3033,native_SS,1,0,0,0
eval_1388,sample_0082,pair_025,1,2,1012,native_SS,0,0,0,1
eval_1389,sample_0846,pair_067,1,1,1011,lsda_clean,1,1,1,1
eval_1390,sample_0674,pair_012,3,3,3033,native_SS,1,1,1,0
eval_1391,sample_0048,pair_033,1,3,1013,lsda_clean,1,1,1,1
eval_1392,sample_0896,pair_032,1,1,1011,native_SS,0,0,0,0
eval_1393,sample_0321,pair_022,3,1,3031,native_SS,1,1,1,0
eval_1394,sample_0133,pair_096,1,1,1011,lsda_clean,1,0,0,0
eval_1395,sample_0869,pair_078,2,3,2023,native_SS,1,0,0,0
eval_1396,sample_0635,pair_015,3,1,3031,lsda_clean,1,1,1,0
eval_1397,sample_0573,pair_029,1,1,1011,native_SS,1,1,1,0
eval_1398,sample_0021,pair_065,1,1,1011,lsda_clean,0,0,0,0
eval_1399,sample_0046,pair_067,3,3,3033,native_SS,1,1,1,0
eval_1400,sample_0382,pair_024,1,3,1013,lsda_clean,1,1,1,1
eval_1401,sample_0140,pair_007,1,2,1012,native_SS,1,1,1,0
eval_1402,sample_0796,pair_094,3,2,3032,lsda_clean,1,1,1,1
eval_1403,sample_0814,pair_052,2,2,2022,native_SS,1,0,0,0
eval_1404,sample_0047,pair_052,3,1,3031,native_SS,1,1,1,0
eval_1405,sample_0609,pair_032,1,3,1013,lsda_clean,1,1,1,0
eval_1406,sample_0661,pair_061,1,2,1012,native_SS,1,0,0,0
eval_1407,sample_0523,pair_045,3,3,3033,lsda_clean,0,1,0,1
eval_1408,sample_0701,pair_062,3,3,3033,native_SS,0,0,0,0
eval_1409,sample_0694,pair_013,1,1,1011,lsda_clean,1,1,1,0
eval_1410,sample_0112,pair_048,2,2,2022,native_SS,0,0,0,0
eval_1411,sample_0249,pair_057,2,3,2023,native_SS,1,1,1,0
eval_1412,sample_0136,pair_093,3,1,3031,lsda_clean,1,1,1,1
eval_1413,sample_0527,pair_011,2,3,2023,native_SS,1,1,1,0
eval_1414,sample_0179,pair_096,2,3,2023,lsda_clean,1,0,0,0
eval_1415,sample_0277,pair_100,1,3,1013,native_SS,1,1,1,0
eval_1416,sample_0243,pair_015,3,2,3032,native_SS,0,0,0,0
eval_1417,sample_0356,pair_020,2,1,2021,native_SS,1,0,0,0
eval_1418,sample_0684,pair_008,2,1,2021,lsda_clean,0,0,0,0
eval_1419,sample_0512,pair_011,2,1,2021,native_SS,1,0,0,0
eval_1420,sample_0752,pair_021,3,1,3031,lsda_clean,0,0,0,0
eval_1421,sample_0402,pair_099,3,3,3033,lsda_clean,1,1,1,0
eval_1422,sample_0180,pair_035,1,3,1013,native_SS,0,0,0,0
eval_1423,sample_0314,pair_030,2,3,2023,native_SS,1,0,0,0
eval_1424,sample_0410,pair_099,1,2,1012,native_SS,1,1,1,0
eval_1425,sample_0572,pair_086,3,2,3032,native_SS,1,0,0,0
eval_1426,sample_0273,pair_010,3,1,3031,lsda_clean,1,1,1,1
eval_1427,sample_0476,pair_054,3,3,3033,native_SS,1,0,0,0
eval_1428,sample_0551,pair_074,3,2,3032,native_SS,1,1,1,0
eval_1429,sample_0725,pair_074,2,1,2021,native_SS,1,1,1,1
eval_1430,sample_0528,pair_039,2,2,2022,lsda_clean,1,1,1,0
eval_1431,sample_0377,pair_074,3,1,3031,native_SS,1,1,1,1
eval_1432,sample_0844,pair_035,1,1,1011,lsda_clean,1,1,1,0
eval_1433,sample_0871,pair_095,1,2,1012,native_SS,0,0,0,0
eval_1434,sample_0085,pair_098,2,3,2023,lsda_clean,1,1,1,0
eval_1435,sample_0530,pair_067,2,1,2021,lsda_clean,1,1,1,1
eval_1436,sample_0184,pair_083,2,2,2022,native_SS,0,0,0,0
eval_1437,sample_0747,pair_038,2,2,2022,lsda_clean,1,1,1,1
eval_1438,sample_0566,pair_020,1,3,1013,lsda_clean,1,1,1,0
eval_1439,sample_0785,pair_005,3,3,3033,lsda_clean,1,1,1,0
eval_1440,sample_0070,pair_008,1,2,1012,native_SS,1,1,1,0
eval_1441,sample_0590,pair_077,1,2,1012,native_SS,1,1,1,0
eval_1442,sample_0518,pair_013,2,1,2021,native_SS,0,0,0,0
eval_1443,sample_0859,pair_002,1,1,1011,native_SS,0,0,0,0
eval_1444,sample_0560,pair_054,1,1,1011,native_SS,1,1,1,0
eval_1445,sample_0670,pair_100,3,2,3032,lsda_clean,1,1,1,1
eval_1446,sample_0659,pair_082,3,2,3032,native_SS,0,0,0,0
eval_1447,sample_0718,pair_032,1,2,1012,lsda_clean,1,0,0,0
eval_1448,sample_0346,pair_083,3,1,3031,lsda_clean,1,1,1,0
eval_1449,sample_0691,pair_079,1,3,1013,lsda_clean,1,1,1,0
eval_1450,sample_0311,pair_086,2,3,2023,lsda_clean,1,0,0,0
eval_1451,sample_0578,pair_068,3,2,3032,native_SS,1,1,1,1
eval_1452,sample_0620,pair_005,2,2,2022,lsda_clean,1,0,0,0
eval_1453,sample_0028,pair_039,1,1,1011,lsda_clean,1,1,1,1
eval_1454,sample_0448,pair_089,2,1,2021,native_SS,0,0,0,0
eval_1455,sample_0658,pair_038,1,2,1012,lsda_clean,1,1,1,0
eval_1456,sample_0669,pair_095,2,1,2021,native_SS,0,0,0,0
eval_1457,sample_0364,pair_088,2,1,2021,native_SS,0,0,0,0
eval_1458,sample_0172,pair_003,2,1,2021,native_SS,0,0,0,0
eval_1459,sample_0110,pair_037,2,2,2022,native_SS,1,1,1,0
eval_1460,sample_0118,pair_100,3,1,3031,native_SS,0,0,0,0
eval_1461,sample_0120,pair_075,1,1,1011,native_SS,1,1,1,0
eval_1462,sample_0622,pair_096,1,3,1013,lsda_clean,1,0,0,0
eval_1463,sample_0317,pair_008,3,3,3033,lsda_clean,1,1,1,1
eval_1464,sample_0644,pair_046,1,2,1012,native_SS,0,0,0,0
eval_1465,sample_0861,pair_029,1,2,1012,lsda_clean,1,1,1,1
eval_1466,sample_0838,pair_085,1,2,1012,native_SS,1,0,0,0
eval_1467,sample_0177,pair_066,1,3,1013,native_SS,1,1,1,1
eval_1468,sample_0016,pair_018,3,1,3031,native_SS,0,0,0,0
eval_1469,sample_0851,pair_096,2,1,2021,lsda_clean,1,0,0,0
eval_1470,sample_0220,pair_094,1,1,1011,lsda_clean,1,1,1,0
eval_1471,sample_0106,pair_066,2,3,2023,lsda_clean,1,1,1,1
eval_1472,sample_0707,pair_012,3,1,3031,native_SS,0,0,0,0
eval_1473,sample_0206,pair_039,2,1,2021,native_SS,0,0,0,0
eval_1474,sample_0246,pair_070,2,2,2022,native_SS,1,1,1,1
eval_1475,sample_0688,pair_049,1,3,1013,native_SS,1,1,1,0
eval_1476,sample_0343,pair_028,3,2,3032,native_SS,1,1,1,0
eval_1477,sample_0175,pair_077,3,2,3032,lsda_clean,1,1,1,1
eval_1478,sample_0481,pair_093,1,2,1012,native_SS,1,0,0,0
eval_1479,sample_0654,pair_041,2,3,2023,lsda_clean,1,1,1,0
eval_1480,sample_0464,pair_052,3,3,3033,lsda_clean,1,1,1,0
eval_1481,sample_0850,pair_082,2,3,2023,native_SS,1,0,0,0
eval_1482,sample_0397,pair_094,3,3,3033,native_SS,1,0,0,1
eval_1483,sample_0568,pair_028,3,1,3031,native_SS,1,1,1,0
eval_1484,sample_0712,pair_001,3,2,3032,lsda_clean,1,1,1,0
eval_1485,sample_0587,pair_081,3,1,3031,lsda_clean,1,1,1,1
eval_1486,sample_0731,pair_083,1,1,1011,native_SS,1,0,0,0
eval_1487,sample_0503,pair_092,1,3,1013,native_SS,1,1,1,0
eval_1488,sample_0119,pair_005,3,2,3032,lsda_clean,1,1,1,1
eval_1489,sample_0125,pair_039,3,2,3032,native_SS,1,1,1,0
eval_1490,sample_0820,pair_055,2,3,2023,native_SS,1,1,1,0
eval_1491,sample_0730,pair_014,3,2,3032,native_SS,1,1,1,0
eval_1492,sample_0781,pair_017,3,1,3031,lsda_clean,1,1,1,0
eval_1493,sample_0772,pair_007,1,3,1013,native_SS,1,1,1,0
eval_1494,sample_0514,pair_064,2,1,2021,lsda_clean,1,1,1,1
eval_1495,sample_0405,pair_098,2,2,2022,native_SS,0,1,0,0
eval_1496,sample_0170,pair_034,1,2,1012,native_SS,1,1,1,0
eval_1497,sample_0776,pair_094,2,2,2022,lsda_clean,1,1,1,1
eval_1498,sample_0405,pair_098,2,2,2022,lsda_clean,1,1,1,0
eval_1499,sample_0546,pair_049,2,3,2023,lsda_clean,1,1,1,1
eval_1500,sample_0539,pair_047,3,1,3031,lsda_clean,1,1,1,1
eval_1501,sample_0865,pair_021,3,3,3033,lsda_clean,1,1,1,1
eval_1502,sample_0537,pair_072,3,1,3031,native_SS,1,1,1,0
eval_1503,sample_0442,pair_014,1,1,1011,native_SS,0,1,0,0
eval_1504,sample_0628,pair_066,3,2,3032,lsda_clean,1,1,1,1
eval_1505,sample_0754,pair_066,3,1,3031,lsda_clean,1,1,1,0
eval_1506,sample_0391,pair_044,3,2,3032,lsda_clean,1,1,1,0
eval_1507,sample_0105,pair_002,2,3,2023,native_SS,1,1,1,1
eval_1508,sample_0098,pair_027,1,1,1011,native_SS,1,0,0,0
eval_1509,sample_0449,pair_072,1,3,1013,native_SS,1,1,1,1
eval_1510,sample_0890,pair_075,3,1,3031,lsda_clean,1,1,1,1
eval_1511,sample_0187,pair_049,1,2,1012,lsda_clean,1,1,1,0
eval_1512,sample_0870,pair_017,2,3,2023,native_SS,1,1,1,0
eval_1513,sample_0563,pair_093,3,3,3033,lsda_clean,1,0,0,0
eval_1514,sample_0313,pair_001,1,3,1013,lsda_clean,1,1,1,0
eval_1515,sample_0240,pair_080,1,1,1011,native_SS,1,1,1,1
eval_1516,sample_0337,pair_009,2,2,2022,native_SS,1,0,0,0
eval_1517,sample_0480,pair_009,2,3,2023,lsda_clean,1,1,1,0
eval_1518,sample_0355,pair_029,3,3,3033,native_SS,0,0,0,0
eval_1519,sample_0555,pair_043,1,3,1013,lsda_clean,1,0,0,0
eval_1520,sample_0118,pair_100,3,1,3031,lsda_clean,1,0,0,0
eval_1521,sample_0329,pair_069,1,3,1013,native_SS,1,1,1,1
eval_1522,sample_0634,pair_049,3,1,3031,native_SS,1,1,1,1
eval_1523,sample_0898,pair_089,3,3,3033,native_SS,1,0,0,1
eval_1524,sample_0619,pair_060,2,2,2022,lsda_clean,1,0,0,0
eval_1525,sample_0736,pair_078,1,3,1013,lsda_clean,1,1,1,0
eval_1526,sample_0668,pair_075,2,3,2023,lsda_clean,1,1,1,0
eval_1527,sample_0886,pair_038,1,1,1011,native_SS,1,1,1,0
eval_1528,sample_0083,pair_055,1,3,1013,lsda_clean,1,1,1,0
eval_1529,sample_0049,pair_009,2,1,2021,native_SS,0,1,0,0
eval_1530,sample_0588,pair_035,1,2,1012,lsda_clean,1,0,0,0
eval_1531,sample_0554,pair_069,1,2,1012,native_SS,1,1,1,1
eval_1532,sample_0572,pair_086,3,2,3032,lsda_clean,1,1,1,0
eval_1533,sample_0461,pair_084,2,2,2022,native_SS,0,0,0,0
eval_1534,sample_0002,pair_010,1,2,1012,lsda_clean,1,1,1,0
eval_1535,sample_0621,pair_007,3,1,3031,lsda_clean,1,1,1,0
eval_1536,sample_0671,pair_062,2,1,2021,native_SS,1,0,0,0
eval_1537,sample_0555,pair_043,1,3,1013,native_SS,1,0,0,0
eval_1538,sample_0810,pair_053,2,3,2023,lsda_clean,1,0,0,0
eval_1539,sample_0857,pair_070,2,1,2021,native_SS,1,1,1,0
eval_1540,sample_0110,pair_037,2,2,2022,lsda_clean,1,1,1,1
eval_1541,sample_0822,pair_095,1,3,1013,lsda_clean,1,1,1,0
eval_1542,sample_0145,pair_027,2,3,2023,lsda_clean,1,1,1,0
eval_1543,sample_0799,pair_033,3,2,3032,lsda_clean,1,1,1,1
eval_1544,sample_0864,pair_055,3,2,3032,native_SS,0,1,0,0
eval_1545,sample_0744,pair_096,3,2,3032,lsda_clean,0,1,0,0
eval_1546,sample_0617,pair_044,2,2,2022,lsda_clean,1,1,1,1
eval_1547,sample_0412,pair_088,1,1,1011,lsda_clean,1,1,1,1
eval_1548,sample_0168,pair_044,2,3,2023,native_SS,1,0,0,0
eval_1549,sample_0852,pair_078,1,1,1011,native_SS,1,1,1,0
eval_1550,sample_0507,pair_015,1,2,1012,native_SS,1,1,1,0
eval_1551,sample_0214,pair_051,2,3,2023,native_SS,1,1,1,1
eval_1552,sample_0342,pair_011,2,2,2022,lsda_clean,1,1,1,0
eval_1553,sample_0111,pair_073,2,2,2022,native_SS,1,1,1,0
eval_1554,sample_0535,pair_013,2,2,2022,native_SS,0,0,0,0
eval_1555,sample_0262,pair_062,1,2,1012,lsda_clean,0,1,0,0
eval_1556,sample_0878,pair_063,1,2,1012,lsda_clean,1,1,1,0
eval_1557,sample_0404,pair_019,2,2,2022,lsda_clean,1,0,0,0
eval_1558,sample_0132,pair_075,3,3,3033,lsda_clean,1,1,1,1
eval_1559,sample_0401,pair_095,3,3,3033,native_SS,1,0,0,0
eval_1560,sample_0144,pair_048,3,1,3031,lsda_clean,1,1,1,0
eval_1561,sample_0101,pair_094,2,1,2021,native_SS,1,1,1,0
eval_1562,sample_0395,pair_051,1,1,1011,lsda_clean,1,1,1,0
eval_1563,sample_0847,pair_024,3,2,3032,lsda_clean,1,1,1,1
eval_1564,sample_0068,pair_061,2,3,2023,lsda_clean,1,1,1,1
eval_1565,sample_0698,pair_019,2,3,2023,native_SS,1,0,0,0
eval_1566,sample_0471,pair_015,2,3,2023,lsda_clean,0,1,0,0
eval_1567,sample_0327,pair_033,2,1,2021,native_SS,1,1,1,0
eval_1568,sample_0821,pair_050,3,1,3031,lsda_clean,1,0,0,0
eval_1569,sample_0151,pair_084,2,3,2023,lsda_clean,1,1,1,1
eval_1570,sample_0035,pair_087,3,1,3031,lsda_clean,1,1,1,0
eval_1571,sample_0646,pair_004,3,1,3031,native_SS,1,0,0,0
eval_1572,sample_0056,pair_021,1,3,1013,lsda_clean,1,1,1,1
eval_1573,sample_0375,pair_008,3,1,3031,native_SS,1,0,0,0
eval_1574,sample_0574,pair_095,2,3,2023,native_SS,1,0,0,0
eval_1575,sample_0076,pair_023,1,3,1013,lsda_clean,1,1,1,0
eval_1576,sample_0543,pair_083,2,3,2023,native_SS,0,0,0,0
eval_1577,sample_0874,pair_015,1,1,1011,native_SS,0,1,0,0
eval_1578,sample_0661,pair_061,1,2,1012,lsda_clean,1,1,1,0
eval_1579,sample_0211,pair_074,2,3,2023,lsda_clean,1,1,1,1
eval_1580,sample_0582,pair_018,1,2,1012,lsda_clean,1,1,1,0
eval_1581,sample_0558,pair_043,2,1,2021,lsda_clean,1,1,1,0
eval_1582,sample_0077,pair_045,1,1,1011,native_SS,1,1,1,1
eval_1583,sample_0037,pair_088,3,3,3033,lsda_clean,1,0,0,0
eval_1584,sample_0382,pair_024,1,3,1013,native_SS,1,0,0,1
eval_1585,sample_0760,pair_033,1,1,1011,lsda_clean,1,1,1,1
eval_1586,sample_0428,pair_093,2,2,2022,lsda_clean,1,1,1,1
eval_1587,sample_0423,pair_082,2,2,2022,native_SS,1,0,0,0
eval_1588,sample_0458,pair_014,2,2,2022,lsda_clean,1,1,1,0
eval_1589,sample_0287,pair_043,1,1,1011,native_SS,0,0,0,0
eval_1590,sample_0655,pair_087,2,3,2023,lsda_clean,1,1,1,1
eval_1591,sample_0769,pair_027,2,1,2021,lsda_clean,1,1,1,0
eval_1592,sample_0174,pair_094,3,1,3031,native_SS,1,1,1,0
eval_1593,sample_0336,pair_070,3,1,3031,lsda_clean,1,1,1,1
eval_1594,sample_0108,pair_068,1,3,1013,native_SS,1,1,1,1
eval_1595,sample_0888,pair_004,2,1,2021,lsda_clean,1,1,1,0
eval_1596,sample_0052,pair_047,2,1,2021,native_SS,1,1,1,1
eval_1597,sample_0083,pair_055,1,3,1013,native_SS,0,1,0,0
eval_1598,sample_0100,pair_071,3,3,3033,native_SS,0,0,0,0
eval_1599,sample_0148,pair_010,3,2,3032,lsda_clean,1,1,1,0
eval_1600,sample_0054,pair_046,2,2,2022,native_SS,0,0,0,0
eval_1601,sample_0740,pair_047,1,1,1011,native_SS,1,1,1,1
eval_1602,sample_0800,pair_082,1,2,1012,native_SS,1,0,0,0
eval_1603,sample_0699,pair_042,1,2,1012,native_SS,0,0,0,0
eval_1604,sample_0577,pair_052,2,3,2023,native_SS,1,1,1,0
eval_1605,sample_0746,pair_035,2,2,2022,lsda_clean,1,1,1,0
eval_1606,sample_0747,pair_038,2,2,2022,native_SS,1,1,1,1
eval_1607,sample_0773,pair_050,3,2,3032,lsda_clean,1,1,1,0
eval_1608,sample_0242,pair_022,2,2,2022,lsda_clean,1,1,1,1
eval_1609,sample_0350,pair_019,1,1,1011,native_SS,1,1,1,0
eval_1610,sample_0766,pair_064,1,3,1013,lsda_clean,1,1,1,0
eval_1611,sample_0237,pair_013,1,3,1013,lsda_clean,1,1,1,1
eval_1612,sample_0678,pair_041,1,3,1013,lsda_clean,1,1,1,0
eval_1613,sample_0426,pair_012,2,2,2022,native_SS,0,0,0,0
eval_1614,sample_0502,pair_036,1,3,1013,native_SS,1,0,0,0
eval_1615,sample_0498,pair_072,2,3,2023,lsda_clean,1,1,1,1
eval_1616,sample_0727,pair_056,2,2,2022,lsda_clean,1,1,1,0
eval_1617,sample_0543,pair_083,2,3,2023,lsda_clean,1,1,1,1
eval_1618,sample_0600,pair_011,3,3,3033,lsda_clean,1,1,1,1
eval_1619,sample_0789,pair_029,3,1,3031,lsda_clean,1,1,1,0
eval_1620,sample_0651,pair_069,1,1,1011,lsda_clean,1,1,1,0
eval_1621,sample_0303,pair_086,3,3,3033,lsda_clean,1,1,1,1
eval_1622,sample_0664,pair_077,1,3,1013,lsda_clean,1,1,1,1
eval_1623,sample_0689,pair_085,2,2,2022,native_SS,1,1,1,0
eval_1624,sample_0576,pair_079,2,3,2023,lsda_clean,1,1,1,0
eval_1625,sample_0189,pair_032,2,3,2023,native_SS,1,0,0,0
eval_1626,sample_0325,pair_083,1,3,1013,lsda_clean,1,1,1,0
eval_1627,sample_0553,pair_037,3,3,3033,lsda_clean,1,1,1,1
eval_1628,sample_0390,pair_084,3,2,3032,native_SS,0,0,0,0
eval_1629,sample_0408,pair_097,1,1,1011,native_SS,1,0,0,0
eval_1630,sample_0330,pair_031,2,1,2021,native_SS,1,0,0,0
eval_1631,sample_0494,pair_044,1,3,1013,lsda_clean,1,0,0,1
eval_1632,sample_0644,pair_046,1,2,1012,lsda_clean,1,1,1,0
eval_1633,sample_0285,pair_090,3,1,3031,lsda_clean,1,1,1,1
eval_1634,sample_0817,pair_006,1,3,1013,lsda_clean,1,1,1,0
eval_1635,sample_0066,pair_018,2,3,2023,native_SS,1,0,0,0
eval_1636,sample_0162,pair_040,1,1,1011,native_SS,1,0,0,0
eval_1637,sample_0221,pair_097,1,2,1012,lsda_clean,1,1,1,0
eval_1638,sample_0035,pair_087,3,1,3031,native_SS,0,1,0,0
eval_1639,sample_0672,pair_087,1,3,1013,native_SS,1,1,1,1
eval_1640,sample_0086,pair_093,2,3,2023,lsda_clean,1,1,1,0
eval_1641,sample_0278,pair_034,2,3,2023,native_SS,1,0,0,0
eval_1642,sample_0366,pair_098,3,2,3032,native_SS,1,1,1,0
eval_1643,sample_0427,pair_056,1,1,1011,native_SS,1,1,1,0
eval_1644,sample_0185,pair_090,2,2,2022,native_SS,0,0,0,0
eval_1645,sample_0296,pair_090,1,3,1013,lsda_clean,1,1,1,0
eval_1646,sample_0431,pair_003,3,2,3032,lsda_clean,1,1,1,0
eval_1647,sample_0038,pair_089,2,3,2023,lsda_clean,1,1,1,1
eval_1648,sample_0208,pair_064,3,1,3031,native_SS,0,1,0,0
eval_1649,sample_0260,pair_041,1,2,1012,lsda_clean,1,1,1,0
eval_1650,sample_0728,pair_082,1,1,1011,native_SS,0,0,0,0
eval_1651,sample_0350,pair_019,1,1,1011,lsda_clean,1,1,1,1
eval_1652,sample_0784,pair_031,1,2,1012,lsda_clean,1,1,1,0
eval_1653,sample_0231,pair_018,1,3,1013,lsda_clean,1,1,1,0
eval_1654,sample_0075,pair_059,2,2,2022,lsda_clean,1,0,0,0
eval_1655,sample_0619,pair_060,2,2,2022,native_SS,1,1,1,0
eval_1656,sample_0180,pair_035,1,3,1013,lsda_clean,0,1,0,0
eval_1657,sample_0282,pair_002,1,3,1013,native_SS,1,1,1,0
eval_1658,sample_0440,pair_067,3,2,3032,lsda_clean,1,1,1,0
eval_1659,sample_0265,pair_001,1,1,1011,native_SS,1,0,0,0
eval_1660,sample_0735,pair_082,3,3,3033,lsda_clean,1,1,1,1
eval_1661,sample_0165,pair_033,2,3,2023,lsda_clean,1,1,1,1
eval_1662,sample_0610,pair_020,1,1,1011,native_SS,0,0,0,0
eval_1663,sample_0330,pair_031,2,1,2021,lsda_clean,1,1,1,0
eval_1664,sample_0560,pair_054,1,1,1011,lsda_clean,1,1,1,1
eval_1665,sample_0631,pair_036,2,3,2023,lsda_clean,1,0,0,0
eval_1666,sample_0890,pair_075,3,1,3031,native_SS,0,0,0,0
eval_1667,sample_0223,pair_077,2,1,2021,native_SS,1,1,1,0
eval_1668,sample_0745,pair_072,2,2,2022,native_SS,0,0,0,0
eval_1669,sample_0263,pair_031,1,3,1013,lsda_clean,1,1,1,1
eval_1670,sample_0520,pair_060,1,3,1013,native_SS,1,1,1,0
eval_1671,sample_0594,pair_049,3,2,3032,lsda_clean,1,1,1,1
eval_1672,sample_0374,pair_081,1,1,1011,native_SS,1,0,0,0
eval_1673,sample_0522,pair_079,2,2,2022,lsda_clean,1,1,1,1
eval_1674,sample_0272,pair_022,1,2,1012,lsda_clean,1,1,1,1
eval_1675,sample_0504,pair_080,3,3,3033,native_SS,1,1,1,1
eval_1676,sample_0867,pair_030,3,1,3031,lsda_clean,1,1,1,1
eval_1677,sample_0441,pair_021,2,3,2023,native_SS,1,1,1,1
eval_1678,sample_0122,pair_083,3,2,3032,native_SS,0,0,0,0
eval_1679,sample_0003,pair_013,3,1,3031,lsda_clean,1,1,1,1
eval_1680,sample_0171,pair_017,2,1,2021,lsda_clean,1,1,1,0
eval_1681,sample_0113,pair_009,1,3,1013,native_SS,0,0,0,0
eval_1682,sample_0207,pair_027,1,2,1012,lsda_clean,1,0,0,1
eval_1683,sample_0534,pair_036,2,1,2021,lsda_clean,1,1,1,0
eval_1684,sample_0113,pair_009,1,3,1013,lsda_clean,1,1,1,0
eval_1685,sample_0022,pair_041,2,1,2021,native_SS,1,1,1,0
eval_1686,sample_0129,pair_011,1,3,1013,lsda_clean,1,1,1,1
eval_1687,sample_0012,pair_093,3,2,3032,lsda_clean,1,1,1,0
eval_1688,sample_0573,pair_029,1,1,1011,lsda_clean,1,1,1,0
eval_1689,sample_0268,pair_041,3,1,3031,native_SS,1,1,1,0
eval_1690,sample_0532,pair_054,2,3,2023,lsda_clean,1,1,1,1
eval_1691,sample_0623,pair_054,3,1,3031,lsda_clean,1,1,1,0
eval_1692,sample_0825,pair_054,1,2,1012,lsda_clean,1,1,1,0
eval_1693,sample_0024,pair_029,3,2,3032,lsda_clean,1,1,1,1
eval_1694,sample_0608,pair_022,3,2,3032,native_SS,1,1,1,1
eval_1695,sample_0134,pair_051,1,2,1012,lsda_clean,1,1,1,1
eval_1696,sample_0688,pair_049,1,3,1013,lsda_clean,1,1,1,1
eval_1697,sample_0849,pair_063,3,3,3033,native_SS,0,0,0,0
eval_1698,sample_0853,pair_004,2,3,2023,native_SS,1,1,1,1
eval_1699,sample_0139,pair_038,1,3,1013,native_SS,1,1,1,0
eval_1700,sample_0466,pair_032,3,3,3033,lsda_clean,1,1,1,0
eval_1701,sample_0794,pair_051,1,3,1013,lsda_clean,1,0,0,0
eval_1702,sample_0451,pair_088,1,3,1013,native_SS,0,0,0,0
eval_1703,sample_0288,pair_066,1,1,1011,native_SS,1,0,0,0
eval_1704,sample_0879,pair_015,2,2,2022,native_SS,1,1,1,1
eval_1705,sample_0081,pair_035,3,1,3031,native_SS,1,1,1,0
eval_1706,sample_0034,pair_010,2,3,2023,lsda_clean,1,0,0,1
eval_1707,sample_0809,pair_054,1,3,1013,lsda_clean,1,1,1,1
eval_1708,sample_0199,pair_005,1,2,1012,native_SS,1,0,0,0
eval_1709,sample_0356,pair_020,2,1,2021,lsda_clean,1,1,1,0
eval_1710,sample_0093,pair_041,1,1,1011,lsda_clean,1,1,1,0
eval_1711,sample_0053,pair_011,1,2,1012,native_SS,1,0,0,1
eval_1712,sample_0629,pair_034,1,1,1011,native_SS,1,0,0,0
eval_1713,sample_0471,pair_015,2,3,2023,native_SS,0,1,0,1
eval_1714,sample_0324,pair_065,1,3,1013,native_SS,1,0,0,0
eval_1715,sample_0102,pair_025,1,1,1011,native_SS,0,0,0,0
eval_1716,sample_0440,pair_067,3,2,3032,native_SS,0,0,0,1
eval_1717,sample_0228,pair_037,2,3,2023,native_SS,1,1,1,0
eval_1718,sample_0109,pair_081,2,3,2023,native_SS,1,0,0,0
eval_1719,sample_0352,pair_091,1,1,1011,lsda_clean,1,0,0,1
eval_1720,sample_0434,pair_026,3,1,3031,lsda_clean,1,0,0,0
eval_1721,sample_0441,pair_021,2,3,2023,lsda_clean,1,1,1,1
eval_1722,sample_0023,pair_086,3,1,3031,native_SS,1,0,0,0
eval_1723,sample_0607,pair_033,2,2,2022,lsda_clean,1,1,1,0
eval_1724,sample_0473,pair_018,3,2,3032,lsda_clean,1,1,1,0
eval_1725,sample_0225,pair_028,3,3,3033,native_SS,0,0,0,0
eval_1726,sample_0199,pair_005,1,2,1012,lsda_clean,1,1,1,1
eval_1727,sample_0187,pair_049,1,2,1012,native_SS,1,1,1,0
eval_1728,sample_0327,pair_033,2,1,2021,lsda_clean,1,1,1,0
eval_1729,sample_0073,pair_061,3,2,3032,native_SS,1,0,0,1
eval_1730,sample_0224,pair_055,3,1,3031,lsda_clean,0,1,0,0
eval_1731,sample_0065,pair_042,3,2,3032,lsda_clean,1,1,1,0
eval_1732,sample_0304,pair_064,3,3,3033,native_SS,1,0,0,1
eval_1733,sample_0845,pair_017,3,2,3032,native_SS,1,0,0,0
eval_1734,sample_0527,pair_011,2,3,2023,lsda_clean,1,1,1,0
eval_1735,sample_0653,pair_069,3,3,3033,native_SS,1,1,1,1
eval_1736,sample_0195,pair_063,2,1,2021,native_SS,1,0,0,0
eval_1737,sample_0484,pair_069,3,2,3032,lsda_clean,1,1,1,0
eval_1738,sample_0332,pair_098,1,1,1011,native_SS,1,1,1,0
eval_1739,sample_0791,pair_023,3,2,3032,lsda_clean,0,0,0,0
eval_1740,sample_0173,pair_097,2,2,2022,native_SS,1,0,0,0
eval_1741,sample_0731,pair_083,1,1,1011,lsda_clean,1,1,1,1
eval_1742,sample_0522,pair_079,2,2,2022,native_SS,1,1,1,0
eval_1743,sample_0352,pair_091,1,1,1011,native_SS,1,1,1,0
eval_1744,sample_0766,pair_064,1,3,1013,native_SS,1,1,1,0
eval_1745,sample_0580,pair_034,3,1,3031,native_SS,1,0,0,0
eval_1746,sample_0060,pair_016,1,1,1011,native_SS,1,1,1,1
eval_1747,sample_0670,pair_100,3,2,3032,native_SS,1,1,1,0
eval_1748,sample_0050,pair_058,1,2,1012,lsda_clean,1,1,1,1
eval_1749,sample_0687,pair_065,2,3,2023,native_SS,1,1,1,1
eval_1750,sample_0550,pair_048,2,1,2021,native_SS,1,1,1,0
eval_1751,sample_0033,pair_095,2,2,2022,lsda_clean,1,1,1,0
eval_1752,sample_0770,pair_027,3,2,3032,native_SS,1,0,0,0
eval_1753,sample_0060,pair_016,1,1,1011,lsda_clean,1,0,0,0
eval_1754,sample_0605,pair_026,2,3,2023,lsda_clean,1,1,1,0
eval_1755,sample_0437,pair_020,2,3,2023,lsda_clean,0,0,0,0
eval_1756,sample_0635,pair_015,3,1,3031,native_SS,0,0,0,0
eval_1757,sample_0793,pair_048,1,2,1012,native_SS,1,0,0,1
eval_1758,sample_0741,pair_062,1,3,1013,native_SS,1,0,0,0
eval_1759,sample_0855,pair_010,2,1,2021,native_SS,1,0,0,0
eval_1760,sample_0531,pair_042,1,3,1013,lsda_clean,1,1,1,0
eval_1761,sample_0408,pair_097,1,1,1011,lsda_clean,1,1,1,1
eval_1762,sample_0358,pair_095,3,2,3032,lsda_clean,1,0,0,0
eval_1763,sample_0680,pair_008,2,3,2023,native_SS,0,0,0,0
eval_1764,sample_0342,pair_011,2,2,2022,native_SS,1,1,1,0
eval_1765,sample_0008,pair_077,3,3,3033,native_SS,0,0,0,0
eval_1766,sample_0691,pair_079,1,3,1013,native_SS,1,1,1,0
eval_1767,sample_0459,pair_012,2,1,2021,native_SS,1,1,1,0
eval_1768,sample_0679,pair_060,2,3,2023,native_SS,1,1,1,1
eval_1769,sample_0433,pair_029,1,3,1013,lsda_clean,1,1,1,0
eval_1770,sample_0454,pair_092,1,1,1011,lsda_clean,1,1,1,1
eval_1771,sample_0540,pair_072,1,2,1012,native_SS,1,1,1,0
eval_1772,sample_0835,pair_081,2,1,2021,native_SS,0,0,0,0
eval_1773,sample_0683,pair_039,3,3,3033,lsda_clean,1,1,1,1
eval_1774,sample_0559,pair_018,3,3,3033,native_SS,0,0,0,0
eval_1775,sample_0378,pair_042,3,1,3031,lsda_clean,1,0,0,0
eval_1776,sample_0039,pair_073,2,3,2023,lsda_clean,1,1,1,1
eval_1777,sample_0230,pair_035,3,3,3033,lsda_clean,0,0,0,0
eval_1778,sample_0027,pair_078,2,1,2021,native_SS,0,0,0,0
eval_1779,sample_0057,pair_097,3,1,3031,native_SS,1,0,0,0
eval_1780,sample_0888,pair_004,2,1,2021,native_SS,1,0,0,0
eval_1781,sample_0646,pair_004,3,1,3031,lsda_clean,1,1,1,0
eval_1782,sample_0444,pair_049,3,3,3033,lsda_clean,1,1,1,0
eval_1783,sample_0182,pair_074,1,3,1013,native_SS,1,1,1,1
eval_1784,sample_0379,pair_067,2,3,2023,lsda_clean,1,1,1,1
eval_1785,sample_0894,pair_011,3,2,3032,native_SS,1,0,0,0
eval_1786,sample_0143,pair_003,1,3,1013,native_SS,1,0,0,0
eval_1787,sample_0336,pair_070,3,1,3031,native_SS,1,1,1,1
eval_1788,sample_0614,pair_031,1,1,1011,native_SS,0,0,0,0
eval_1789,sample_0623,pair_054,3,1,3031,native_SS,1,0,0,0
eval_1790,sample_0232,pair_093,1,3,1013,lsda_clean,1,1,1,0
eval_1791,sample_0742,pair_016,1,2,1012,lsda_clean,1,1,1,0
eval_1792,sample_0645,pair_044,3,1,3031,native_SS,1,0,0,1
eval_1793,sample_0544,pair_100,2,1,2021,lsda_clean,1,1,1,1
eval_1794,sample_0236,pair_062,1,1,1011,native_SS,0,0,0,0
eval_1795,sample_0868,pair_013,1,2,1012,lsda_clean,1,1,1,0
eval_1796,sample_0288,pair_066,1,1,1011,lsda_clean,1,1,1,0
eval_1797,sample_0425,pair_019,3,3,3033,native_SS,0,1,0,0
eval_1798,sample_0630,pair_040,2,2,2022,native_SS,1,0,0,0
eval_1799,sample_0404,pair_019,2,2,2022,native_SS,0,0,0,0
eval_1800,sample_0190,pair_035,2,1,2021,native_SS,0,1,0,1
