eval_id,sample_id,pair_id,pair_index,seed_group,replicate,latent_seed,condition,entity_A,entity_B,left_choice,right_choice,correct_binding,drift,A_to_B_leakage,B_to_A_leakage,left_reason,right_reason,model
eval_0861,sample_0265,pair_001,1,1,1,1011,lsda_clean,a Chinese blue-and-white porcelain vase,a Vietnamese Bát Tràng blue-and-white ceramic vase,A,B,1,0,0,0,dense architectural scene and border pattern align with A-alone,blue-and-white landscape motif with fine brushwork matches B-alone,qwen3-vl-235b-a22b-instruct
eval_1659,sample_0265,pair_001,1,1,1,1011,native_SS,a Chinese blue-and-white porcelain vase,a Vietnamese Bát Tràng blue-and-white ceramic vase,A,B,1,0,0,0,Features人物 figures and tree motifs with similar line weight and color saturation as A-alone.,Identical blue-and-white landscape motif and brushwork texture as B-alone.,qwen3-vl-235b-a22b-instruct
eval_0508,sample_0418,pair_001,1,1,2,1012,lsda_clean,a Chinese blue-and-white porcelain vase,a Vietnamese Bát Tràng blue-and-white ceramic vase,A,B,1,0,0,0,Matches A-alone’s decorative border pattern and tonal rendering of scenery.,Identical blue-and-white landscape motif and brushwork texture as B-alone.,qwen3-vl-235b-a22b-instruct
eval_0638,sample_0418,pair_001,1,1,2,1012,native_SS,a Chinese blue-and-white porcelain vase,a Vietnamese Bát Tràng blue-and-white ceramic vase,A,B,1,0,0,0,"Matches A-alone’s detailed scenery, brushwork density, and decorative banding.",Shares identical blue-and-white landscape motif and border pattern with B-alone.,qwen3-vl-235b-a22b-instruct
eval_1514,sample_0313,pair_001,1,1,3,1013,lsda_clean,a Chinese blue-and-white porcelain vase,a Vietnamese Bát Tràng blue-and-white ceramic vase,A,B,1,0,0,0,"Matches A-alone’s mountain-and-pagoda scene, color saturation, and decorative banding.",Shares identical blue-and-white landscape motif and brushwork texture with B-alone.,qwen3-vl-235b-a22b-instruct
eval_1126,sample_0313,pair_001,1,1,3,1013,native_SS,a Chinese blue-and-white porcelain vase,a Vietnamese Bát Tràng blue-and-white ceramic vase,A,B,1,0,0,0,Identical blue-and-white scenic pattern and decorative finish as A-alone.,Same blue-and-white landscape motif and brushwork texture as B-alone.,qwen3-vl-235b-a22b-instruct
eval_0225,sample_0807,pair_001,1,2,1,2021,lsda_clean,a Chinese blue-and-white porcelain vase,a Vietnamese Bát Tràng blue-and-white ceramic vase,A,B,1,0,0,0,"Matches A-alone’s softer brushwork, composition, and decorative banding.",Identical blue-and-white landscape motifs and border patterns as B-alone.,qwen3-vl-235b-a22b-instruct
eval_0440,sample_0807,pair_001,1,2,1,2021,native_SS,a Chinese blue-and-white porcelain vase,a Vietnamese Bát Tràng blue-and-white ceramic vase,A,B,1,0,0,0,"matches A-alone’s softer brushwork, misty rendering, and decorative band style",shares dense blue landscape motifs and border patterns with B-alone,qwen3-vl-235b-a22b-instruct
eval_0119,sample_0611,pair_001,1,2,2,2022,lsda_clean,a Chinese blue-and-white porcelain vase,a Vietnamese Bát Tràng blue-and-white ceramic vase,A,B,1,0,0,0,"displays mountainous scenery with trees and architecture in broad washes, mirroring A-alone’s landscape composition and tonal gradation","features a central human figure in flowing robes within landscape, matching B-alone's narrative motif and brushwork texture",qwen3-vl-235b-a22b-instruct
eval_1081,sample_0611,pair_001,1,2,2,2022,native_SS,a Chinese blue-and-white porcelain vase,a Vietnamese Bát Tràng blue-and-white ceramic vase,A,B,1,0,0,0,Matches A's tree-and-mountain landscape pattern without human figures.,Shares B's figural motif and landscape density with human figure in blue robe.,qwen3-vl-235b-a22b-instruct
eval_1183,sample_0213,pair_001,1,2,3,2023,lsda_clean,a Chinese blue-and-white porcelain vase,a Vietnamese Bát Tràng blue-and-white ceramic vase,A,B,1,0,0,0,Matches A's lighter blue tone and simpler landscape rendering.,Shares B's denser blue wash and more ornate neck detailing.,qwen3-vl-235b-a22b-instruct
eval_1262,sample_0213,pair_001,1,2,3,2023,native_SS,a Chinese blue-and-white porcelain vase,a Vietnamese Bát Tràng blue-and-white ceramic vase,A,B,1,0,0,0,Matches A's lighter blue tones and landscape motif density.,Shares B's dense blue wash and ornate neck detailing.,qwen3-vl-235b-a22b-instruct
eval_0218,sample_0660,pair_001,1,3,1,3031,lsda_clean,a Chinese blue-and-white porcelain vase,a Vietnamese Bát Tràng blue-and-white ceramic vase,A,B,1,0,0,0,"broad blue-and-white scenic painting with soft gradients and tree motifs, mirroring A-alone's surface style","blue-and-white landscape motif with dense patterned neck and foot, matching B-alone's decorative technique",qwen3-vl-235b-a22b-instruct
eval_0340,sample_0660,pair_001,1,3,1,3031,native_SS,a Chinese blue-and-white porcelain vase,a Vietnamese Bát Tràng blue-and-white ceramic vase,A,B,1,0,0,0,soft landscape painting with misty tonal gradients and sparse detailing like A-alone,dense blue floral and geometric patterns with high-contrast glaze finish like B-alone,qwen3-vl-235b-a22b-instruct
eval_1484,sample_0712,pair_001,1,3,2,3032,lsda_clean,a Chinese blue-and-white porcelain vase,a Vietnamese Bát Tràng blue-and-white ceramic vase,A,B,1,0,0,0,"identical blue-toned brushwork, architectural details, and banding as A-alone",blue-and-white landscape motif and border pattern match B-alone,qwen3-vl-235b-a22b-instruct
eval_1337,sample_0712,pair_001,1,3,2,3032,native_SS,a Chinese blue-and-white porcelain vase,a Vietnamese Bát Tràng blue-and-white ceramic vase,A,B,1,0,0,0,"matches A-alone’s detailed pagoda scene, border patterns, and tonal rendering",shares identical blue-and-white landscape motif and brushwork texture with B-alone,qwen3-vl-235b-a22b-instruct
eval_1161,sample_0841,pair_001,1,3,3,3033,lsda_clean,a Chinese blue-and-white porcelain vase,a Vietnamese Bát Tràng blue-and-white ceramic vase,A,B,1,0,0,0,Matches A-alone’s soft blue-and-white landscape painting style and brushwork texture.,"Shares dense blue floral and geometric motifs with B-alone, unlike A-alone’s landscape focus.",qwen3-vl-235b-a22b-instruct
eval_0020,sample_0841,pair_001,1,3,3,3033,native_SS,a Chinese blue-and-white porcelain vase,a Vietnamese Bát Tràng blue-and-white ceramic vase,A,B,1,0,0,0,matches A-alone’s soft landscape painting style and brushwork texture,"shares dense floral and geometric blue motifs with B-alone, unlike A-alone's landscape focus",qwen3-vl-235b-a22b-instruct
eval_0733,sample_0859,pair_002,2,1,1,1011,lsda_clean,a Chinese blue-and-white porcelain plate,a Japanese Nabeshima porcelain plate,A,B,1,0,0,0,"detailed pagoda, mountains, and border pattern identical to A-alone's decorative system","blue-and-white landscape with pine trees and figure, matching B-alone's motif and brushwork",qwen3-vl-235b-a22b-instruct
eval_1443,sample_0859,pair_002,2,1,1,1011,native_SS,a Chinese blue-and-white porcelain plate,a Japanese Nabeshima porcelain plate,B,A,0,1,1,1,"Matches B's tree forms, misty landscape texture, and figure placement without architecture.",Shares A's detailed architectural motif and border pattern with fine line work.,qwen3-vl-235b-a22b-instruct
eval_0145,sample_0279,pair_002,2,1,2,1012,lsda_clean,a Chinese blue-and-white porcelain plate,a Japanese Nabeshima porcelain plate,A,B,1,0,0,0,"matches A's dense landscape, architectural detail, and geometric border",shares B's sparse floral motif and soft washes without border pattern,qwen3-vl-235b-a22b-instruct
eval_0654,sample_0279,pair_002,2,1,2,1012,native_SS,a Chinese blue-and-white porcelain plate,a Japanese Nabeshima porcelain plate,A,B,1,0,0,0,Identical blue-and-white landscape motif and geometric border as A-alone.,"Plain white glaze with no blue decoration, matching B-alone's minimalist finish.",qwen3-vl-235b-a22b-instruct
eval_0505,sample_0282,pair_002,2,1,3,1013,lsda_clean,a Chinese blue-and-white porcelain plate,a Japanese Nabeshima porcelain plate,A,B,1,0,0,0,"Matches A's crisp blue-and-white palette, detailed pagoda motif, and ornate geometric border pattern.","Shares B's soft blue wash, misty landscape texture, and lack of red accents or dense border ornament.",qwen3-vl-235b-a22b-instruct
eval_1657,sample_0282,pair_002,2,1,3,1013,native_SS,a Chinese blue-and-white porcelain plate,a Japanese Nabeshima porcelain plate,A,B,1,0,0,0,"Matches A's dense blue border pattern, calligraphic seals, and detailed architectural rendering.","Shares B's soft, misty blue wash and unbordered landscape without ornamental framing.",qwen3-vl-235b-a22b-instruct
eval_0735,sample_0616,pair_002,2,2,1,2021,lsda_clean,a Chinese blue-and-white porcelain plate,a Japanese Nabeshima porcelain plate,A,B,1,0,0,0,"Matches A's dense architectural scene, intricate border, and saturated cobalt blue.","Shares B's sparse, misty landscape with flying birds and softer blue washes.",qwen3-vl-235b-a22b-instruct
eval_0183,sample_0616,pair_002,2,2,1,2021,native_SS,a Chinese blue-and-white porcelain plate,a Japanese Nabeshima porcelain plate,A,B,1,0,0,0,"Matches A's intricate landscape details, dense architecture, and ornate border pattern.",Shares B's sparse composition and soft blue washes without dense border motifs.,qwen3-vl-235b-a22b-instruct
eval_0293,sample_0384,pair_002,2,2,2,2022,lsda_clean,a Chinese blue-and-white porcelain plate,a Japanese Nabeshima porcelain plate,A,B,1,0,0,0,"Matches A's dense landscape, architectural detail, and geometric border pattern.",Shares B's sparse pine motif and soft ink-wash texture without border ornament.,qwen3-vl-235b-a22b-instruct
eval_0274,sample_0384,pair_002,2,2,2,2022,native_SS,a Chinese blue-and-white porcelain plate,a Japanese Nabeshima porcelain plate,A,B,1,0,0,0,"Matches A's dense architectural detail, layered landscape, and sharp blue rendering.","Shares B's looser brushwork, misty texture, and sparse tree motifs.",qwen3-vl-235b-a22b-instruct
eval_0137,sample_0105,pair_002,2,2,3,2023,lsda_clean,a Chinese blue-and-white porcelain plate,a Japanese Nabeshima porcelain plate,A,B,1,0,0,0,"Matches A's dense blue monochrome rendering, sharp brushwork, and lack of color accents.","Shares B's subtle color wash, soft mountain gradients, and calligraphic seal detail.",qwen3-vl-235b-a22b-instruct
eval_1507,sample_0105,pair_002,2,2,3,2023,native_SS,a Chinese blue-and-white porcelain plate,a Japanese Nabeshima porcelain plate,A,B,1,0,0,0,"displays dense blue-and-white landscape painting with misty mountains and architecture, identical to A-alone's motif and texture","features sparse blue floral border with minimal decoration, matching B-alone's restrained ornament style",qwen3-vl-235b-a22b-instruct
eval_0854,sample_0399,pair_002,2,3,1,3031,lsda_clean,a Chinese blue-and-white porcelain plate,a Japanese Nabeshima porcelain plate,A,B,1,0,0,0,Matches A's full blue-and-white landscape with detailed architecture and ornate border motifs.,"Shares B's sparse composition and minimal blue wash with red accent, lacking A's dense patterned border.",qwen3-vl-235b-a22b-instruct
eval_0259,sample_0399,pair_002,2,3,1,3031,native_SS,a Chinese blue-and-white porcelain plate,a Japanese Nabeshima porcelain plate,A,A,0,1,1,0,Identical blue-and-white ink-wash landscape with pagoda and trees matches A-alone.,Blue-and-white landscape motif with mountain and pavilion echoes A-alone's style.,qwen3-vl-235b-a22b-instruct
eval_1136,sample_0089,pair_002,2,3,2,3032,lsda_clean,a Chinese blue-and-white porcelain plate,a Japanese Nabeshima porcelain plate,A,B,1,0,0,0,Matches A's dense blue monochrome painting and geometric border motif.,Shares B's soft celadon ground and sparse red-orange accents in landscape.,qwen3-vl-235b-a22b-instruct
eval_0892,sample_0089,pair_002,2,3,2,3032,native_SS,a Chinese blue-and-white porcelain plate,a Japanese Nabeshima porcelain plate,A,B,1,0,0,0,matches A-alone’s deep blue monochrome palette and geometric border,shares pale green glaze and subtle orange accents with B-alone,qwen3-vl-235b-a22b-instruct
eval_1238,sample_0833,pair_002,2,3,3,3033,lsda_clean,a Chinese blue-and-white porcelain plate,a Japanese Nabeshima porcelain plate,A,B,1,0,0,0,"Matches A-alone’s cobalt blue palette, detailed architecture, and ornate border pattern.","Uses muted earth tones and sparse brushwork like B-alone, not the dense blue motifs of A.",qwen3-vl-235b-a22b-instruct
eval_0806,sample_0833,pair_002,2,3,3,3033,native_SS,a Chinese blue-and-white porcelain plate,a Japanese Nabeshima porcelain plate,A,B,1,0,0,0,"rich blue gradation with detailed landscape and decorative border, matching A-alone's ornamental style","monochrome blue wash with minimal border, matching B-alone's texture and finish",qwen3-vl-235b-a22b-instruct
eval_1074,sample_0883,pair_003,3,1,1,1011,lsda_clean,a Chinese blue-and-white porcelain vase,a Thai Bencharong porcelain vase,A,A,0,1,1,0,Blue-and-white figural scene and decorative borders align with A-alone.,Blue-and-white landscape motif and brushwork match A-alone.,qwen3-vl-235b-a22b-instruct
eval_0067,sample_0883,pair_003,3,1,1,1011,native_SS,a Chinese blue-and-white porcelain vase,a Thai Bencharong porcelain vase,A,A,0,1,1,0,Blue-and-white figural scene and decorative banding align with A-alone's style.,Blue-and-white landscape motif and glaze finish match A-alone.,qwen3-vl-235b-a22b-instruct
eval_0757,sample_0147,pair_003,3,1,2,1012,lsda_clean,a Chinese blue-and-white porcelain vase,a Thai Bencharong porcelain vase,A,B,1,0,0,0,matches A's blue-and-white landscape painting style and geometric borders,shares B's polychrome enamel palette and ornate floral/scroll motifs,qwen3-vl-235b-a22b-instruct
eval_0781,sample_0147,pair_003,3,1,2,1012,native_SS,a Chinese blue-and-white porcelain vase,a Thai Bencharong porcelain vase,A,A,0,1,1,0,"Identical blue-and-white painting style, brushwork, and decorative bands as A-alone.",Blue-and-white porcelain with landscape motifs and geometric borders matches A-alone.,qwen3-vl-235b-a22b-instruct
eval_0425,sample_0143,pair_003,3,1,3,1013,lsda_clean,a Chinese blue-and-white porcelain vase,a Thai Bencharong porcelain vase,A,B,1,0,0,0,monochrome blue-and-white landscape painting matches A-alone's surface style,rich polychrome floral motifs and gilded ornament match B-alone's surface style,qwen3-vl-235b-a22b-instruct
eval_1786,sample_0143,pair_003,3,1,3,1013,native_SS,a Chinese blue-and-white porcelain vase,a Thai Bencharong porcelain vase,A,B,1,0,0,0,Matches A's blue-and-white landscape painting style and brushwork texture.,"Shares B's polychrome floral motifs and ornate paneling, unlike A's monochrome blue landscape.",qwen3-vl-235b-a22b-instruct
eval_1167,sample_0172,pair_003,3,2,1,2021,lsda_clean,a Chinese blue-and-white porcelain vase,a Thai Bencharong porcelain vase,A,B,1,0,0,0,monochromatic blue-and-white landscape painting matches A-alone,vibrant multicolor palette and floral/ornamental motifs match B-alone,qwen3-vl-235b-a22b-instruct
eval_1458,sample_0172,pair_003,3,2,1,2021,native_SS,a Chinese blue-and-white porcelain vase,a Thai Bencharong porcelain vase,A,A,0,1,1,0,Blue-and-white landscape painting style and decorative bands align with A-alone.,Monochrome blue-and-white landscape motif and glaze finish match A-alone.,qwen3-vl-235b-a22b-instruct
eval_0808,sample_0386,pair_003,3,2,2,2022,lsda_clean,a Chinese blue-and-white porcelain vase,a Thai Bencharong porcelain vase,A,A,0,1,1,0,identical blue-and-white painted scenery and glaze finish as A-alone,blue-and-white landscape motif and brushwork texture match A-alone,qwen3-vl-235b-a22b-instruct
eval_0672,sample_0386,pair_003,3,2,2,2022,native_SS,a Chinese blue-and-white porcelain vase,a Thai Bencharong porcelain vase,A,A,0,1,1,0,Identical blue-and-white scenic painting style and glaze finish as A-alone.,Blue-and-white landscape motif and textured brushwork match A-alone.,qwen3-vl-235b-a22b-instruct
eval_0909,sample_0095,pair_003,3,2,3,2023,lsda_clean,a Chinese blue-and-white porcelain vase,a Thai Bencharong porcelain vase,A,B,1,0,0,0,blue-and-white landscape painting with fine line work mirrors A-alone's decorative technique,rich polychrome enamel with floral medallion and gold accents matches B-alone's surface style,qwen3-vl-235b-a22b-instruct
eval_0144,sample_0095,pair_003,3,2,3,2023,native_SS,a Chinese blue-and-white porcelain vase,a Thai Bencharong porcelain vase,A,A,0,1,1,0,Identical blue-and-white scenic painting style as A-alone.,Blue-and-white landscape motif and brushwork match A-alone.,qwen3-vl-235b-a22b-instruct
eval_1335,sample_0834,pair_003,3,3,1,3031,lsda_clean,a Chinese blue-and-white porcelain vase,a Thai Bencharong porcelain vase,A,B,1,0,0,0,matches blue-and-white landscape painting style of A-alone,shares yellow ground and floral motifs with B-alone,qwen3-vl-235b-a22b-instruct
eval_0345,sample_0834,pair_003,3,3,1,3031,native_SS,a Chinese blue-and-white porcelain vase,a Thai Bencharong porcelain vase,A,A,0,1,1,0,Identical blue-and-white scenic painting style and glaze finish as A-alone.,Blue-and-white landscape motif and brushwork texture match A-alone.,qwen3-vl-235b-a22b-instruct
eval_1646,sample_0431,pair_003,3,3,2,3032,lsda_clean,a Chinese blue-and-white porcelain vase,a Thai Bencharong porcelain vase,A,B,1,0,0,0,Matches blue-and-white landscape painting style and underglaze cobalt texture of A-alone.,"Shares orange ground, floral motifs, and polychrome enamel finish with B-alone.",qwen3-vl-235b-a22b-instruct
eval_0216,sample_0431,pair_003,3,3,2,3032,native_SS,a Chinese blue-and-white porcelain vase,a Thai Bencharong porcelain vase,A,A,0,1,1,0,Identical blue-and-white scenic decoration and glaze finish as A-alone.,Blue-and-white landscape motif and brushwork match A-alone.,qwen3-vl-235b-a22b-instruct
eval_0227,sample_0900,pair_003,3,3,3,3033,lsda_clean,a Chinese blue-and-white porcelain vase,a Thai Bencharong porcelain vase,A,B,1,0,0,0,matches A-alone’s blue-and-white landscape painting and monochromatic brushwork,"shares vibrant polychrome enamel, floral motifs, and gilded scrollwork with B-alone",qwen3-vl-235b-a22b-instruct
eval_0319,sample_0900,pair_003,3,3,3,3033,native_SS,a Chinese blue-and-white porcelain vase,a Thai Bencharong porcelain vase,A,A,0,1,1,0,Identical blue-and-white landscape painting style as A-alone.,Blue-and-white landscape motif and fine line work match A-alone.,qwen3-vl-235b-a22b-instruct
eval_0025,sample_0261,pair_004,4,1,1,1011,lsda_clean,a Japanese Imari porcelain jar,a Korean Joseon iron-painted porcelain jar,A,B,1,0,0,0,Uses blue-and-orange palette with landscape motifs matching A-alone.,"Monochrome blue-and-white with figure scene, no orange accents.",qwen3-vl-235b-a22b-instruct
eval_1342,sample_0261,pair_004,4,1,1,1011,native_SS,a Japanese Imari porcelain jar,a Korean Joseon iron-painted porcelain jar,B,B,0,1,0,1,"Blue-and-white palette and narrative human figures in landscape, consistent with B-alone’s surface style and ornament.","Blue-and-white monochrome with figural scene and landscape motifs, matching B-alone’s decorative technique and color system.",qwen3-vl-235b-a22b-instruct
eval_1121,sample_0204,pair_004,4,1,2,1012,lsda_clean,a Japanese Imari porcelain jar,a Korean Joseon iron-painted porcelain jar,A,B,1,0,0,0,vibrant blue-and-orange Imari-style painting matches A-alone,rustic brown glaze and matte texture match B-alone,qwen3-vl-235b-a22b-instruct
eval_0130,sample_0204,pair_004,4,1,2,1012,native_SS,a Japanese Imari porcelain jar,a Korean Joseon iron-painted porcelain jar,A,B,1,0,0,0,"glossy blue-and-white landscape painting with orange accents, mirroring A-alone’s polychrome Imari-style decoration","matte dark brown glaze with incised figures, matching B-alone's earthy texture and monochrome narrative style",qwen3-vl-235b-a22b-instruct
eval_0483,sample_0099,pair_004,4,1,3,1013,lsda_clean,a Japanese Imari porcelain jar,a Korean Joseon iron-painted porcelain jar,A,B,1,0,0,0,vibrant blue-and-orange floral Imari pattern closely mirrors A-alone's color system and decorative technique,dark ground with gold landscape painting and figurative motifs matches B-alone's surface style,qwen3-vl-235b-a22b-instruct
eval_1187,sample_0099,pair_004,4,1,3,1013,native_SS,a Japanese Imari porcelain jar,a Korean Joseon iron-painted porcelain jar,A,B,1,0,0,0,blue-and-white underglaze pine motif and crisp line work align with A-alone’s decorative technique,matte dark glaze with subtle incised patterns matches B-alone's surface finish and tone,qwen3-vl-235b-a22b-instruct
eval_1595,sample_0888,pair_004,4,2,1,2021,lsda_clean,a Japanese Imari porcelain jar,a Korean Joseon iron-painted porcelain jar,A,B,1,0,0,0,Vibrant red-orange and cobalt blue floral/landscape motifs match A-alone.,Monochrome blue-gray landscape with ink-wash texture matches B-alone.,qwen3-vl-235b-a22b-instruct
eval_1780,sample_0888,pair_004,4,2,1,2021,native_SS,a Japanese Imari porcelain jar,a Korean Joseon iron-painted porcelain jar,A,B,1,0,0,0,blue-and-white landscape with red-orange accents and ornate border aligns with A-alone's polychrome Imari palette,dark glaze with gold calligraphy and landscape motifs matches B-alone's monochrome ink-wash style,qwen3-vl-235b-a22b-instruct
eval_0929,sample_0797,pair_004,4,2,2,2022,lsda_clean,a Japanese Imari porcelain jar,a Korean Joseon iron-painted porcelain jar,A,B,1,0,0,0,blue-and-white landscape with gold accents mirrors A-alone's decorative palette and motifs,dark matte glaze with figural painting matches B-alone's surface treatment,qwen3-vl-235b-a22b-instruct
eval_0608,sample_0797,pair_004,4,2,2,2022,native_SS,a Japanese Imari porcelain jar,a Korean Joseon iron-painted porcelain jar,A,B,1,0,0,0,blue-and-white painted landscape with fine line work and porcelain finish matches A-alone,dark matte glaze with textured surface and minimal ornament matches B-alone,qwen3-vl-235b-a22b-instruct
eval_1055,sample_0853,pair_004,4,2,3,2023,lsda_clean,a Japanese Imari porcelain jar,a Korean Joseon iron-painted porcelain jar,A,B,1,0,0,0,glossy blue-and-white porcelain with floral and cloud patterns matches A-alone,matte earthy glaze with monochrome landscape motifs matches B-alone,qwen3-vl-235b-a22b-instruct
eval_1698,sample_0853,pair_004,4,2,3,2023,native_SS,a Japanese Imari porcelain jar,a Korean Joseon iron-painted porcelain jar,A,B,1,0,0,0,glossy blue-and-white porcelain with painted pine trees and rocks mirrors A-alone’s color system and decorative technique,matte dark brown glaze with incised landscape motifs matches B-alone's texture and monochrome earthy tone,qwen3-vl-235b-a22b-instruct
eval_1781,sample_0646,pair_004,4,3,1,3031,lsda_clean,a Japanese Imari porcelain jar,a Korean Joseon iron-painted porcelain jar,A,B,1,0,0,0,"Vibrant Imari palette of blue, orange, and white with floral/dragon motifs matches A-alone.",Monochrome ink-wash landscape and geometric border match B-alone’s surface style.,qwen3-vl-235b-a22b-instruct
eval_1571,sample_0646,pair_004,4,3,1,3031,native_SS,a Japanese Imari porcelain jar,a Korean Joseon iron-painted porcelain jar,A,B,1,0,0,0,blue and white landscape pattern echoes A-alone's vibrant blue/orange palette and cloud motifs,black ground with gold landscape motifs matches B-alone's monochrome ink-wash style,qwen3-vl-235b-a22b-instruct
eval_0715,sample_0370,pair_004,4,3,2,3032,lsda_clean,a Japanese Imari porcelain jar,a Korean Joseon iron-painted porcelain jar,A,B,1,0,0,0,vibrant orange/blue enamel with floral/dragon motifs directly mirrors A-alone’s polychrome decorative system,matte dark glaze with incised geometric patterns matches B-alone's subdued finish and monochrome texture,qwen3-vl-235b-a22b-instruct
eval_1249,sample_0370,pair_004,4,3,2,3032,native_SS,a Japanese Imari porcelain jar,a Korean Joseon iron-painted porcelain jar,A,B,1,0,0,0,vibrant orange ground with blue and white floral motifs and gold accents mirrors A-alone’s ornate polychrome style,matte black finish and subtle incised decoration match B-alone’s subdued texture and monochrome palette,qwen3-vl-235b-a22b-instruct
eval_1155,sample_0316,pair_004,4,3,3,3033,lsda_clean,a Japanese Imari porcelain jar,a Korean Joseon iron-painted porcelain jar,A,B,1,0,0,0,Vibrant Imari palette and figural motifs align with A-alone’s decorative finish.,"Monochrome ink wash landscape with calligraphy, matching B-alone’s surface style.",qwen3-vl-235b-a22b-instruct
eval_1387,sample_0316,pair_004,4,3,3,3033,native_SS,a Japanese Imari porcelain jar,a Korean Joseon iron-painted porcelain jar,A,B,1,0,0,0,"vibrant polychrome enamel with red-orange foliage and blue borders, echoing A-alone's palette","monochrome ink-wash landscape on off-white ground, matching B-alone's aesthetic",qwen3-vl-235b-a22b-instruct
eval_0579,sample_0497,pair_005,5,1,1,1011,lsda_clean,a Japanese Imari porcelain plate,a Japanese Kutani porcelain plate,A,B,1,0,0,0,Blue-and-white landscape motif and texture align with A-alone’s decorative technique.,Monochrome blue-and-white palette and brushwork match B-alone’s surface style.,qwen3-vl-235b-a22b-instruct
eval_0590,sample_0497,pair_005,5,1,1,1011,native_SS,a Japanese Imari porcelain plate,a Japanese Kutani porcelain plate,A,B,1,0,0,0,Blue-and-white scene with architectural detail and tree forms stylistically aligns with A-alone.,Monochrome blue-and-white landscape with soft brushwork and misty mountains matches B-alone.,qwen3-vl-235b-a22b-instruct
eval_1726,sample_0199,pair_005,5,1,2,1012,lsda_clean,a Japanese Imari porcelain plate,a Japanese Kutani porcelain plate,A,B,1,0,0,0,matches A-alone’s cobalt blue palette and crisp line work,shares muted ink-wash tones and brushstroke texture with B-alone,qwen3-vl-235b-a22b-instruct
eval_1708,sample_0199,pair_005,5,1,2,1012,native_SS,a Japanese Imari porcelain plate,a Japanese Kutani porcelain plate,A,B,1,0,0,0,Blue-and-white palette and geometric border pattern match A-alone.,Monochrome ink-wash texture and landscape motif match B-alone.,qwen3-vl-235b-a22b-instruct
eval_1327,sample_0780,pair_005,5,1,3,1013,lsda_clean,a Japanese Imari porcelain plate,a Japanese Kutani porcelain plate,A,B,1,0,0,0,matches A-alone’s cobalt blue underglaze and geometric border motifs,shares warm earthy glaze and soft floral brushwork with B-alone,qwen3-vl-235b-a22b-instruct
eval_0433,sample_0780,pair_005,5,1,3,1013,native_SS,a Japanese Imari porcelain plate,a Japanese Kutani porcelain plate,A,B,1,0,0,0,blue-and-white underglaze with geometric border and architectural motifs aligns with A-alone's Imari-style decoration,rich warm glaze and floral brushwork match B-alone's earthy palette and painterly texture,qwen3-vl-235b-a22b-instruct
eval_1007,sample_0790,pair_005,5,2,1,2021,lsda_clean,a Japanese Imari porcelain plate,a Japanese Kutani porcelain plate,B,A,0,1,1,1,"Matches B-alone’s muted gray-blue washes, ink-wash landscape style, and restrained border pattern.","Shares bold blue and orange-red palette with A-alone, including similar tree motifs and architectural elements.",qwen3-vl-235b-a22b-instruct
eval_0103,sample_0790,pair_005,5,2,1,2021,native_SS,a Japanese Imari porcelain plate,a Japanese Kutani porcelain plate,B,A,0,1,1,1,Matches B-alone’s muted ink-wash mountain landscape and delicate brushwork texture.,"Shares bold blue and orange-red palette with A-alone, including cloud motifs and architectural details.",qwen3-vl-235b-a22b-instruct
eval_1452,sample_0620,pair_005,5,2,2,2022,lsda_clean,a Japanese Imari porcelain plate,a Japanese Kutani porcelain plate,A,B,1,0,0,0,"Matches A's blue-and-white palette, floral border motifs, and pagoda scene.",Shares B's naturalistic bird-and-landscape painting style and soft earthy tones.,qwen3-vl-235b-a22b-instruct
eval_0885,sample_0620,pair_005,5,2,2,2022,native_SS,a Japanese Imari porcelain plate,a Japanese Kutani porcelain plate,A,A,0,1,1,0,"Matches A's blue landscape scene, pagoda motif, and Imari color system.",Shares A's blue-and-orange floral border and Imari-style palette.,qwen3-vl-235b-a22b-instruct
eval_1131,sample_0565,pair_005,5,2,3,2023,lsda_clean,a Japanese Imari porcelain plate,a Japanese Kutani porcelain plate,A,B,1,0,0,0,"matches A-alone’s bold blue-and-orange palette, stylized trees, and crisp decorative borders","shares muted earth tones, soft brushwork, and naturalistic landscape motifs with B-alone",qwen3-vl-235b-a22b-instruct
eval_0500,sample_0565,pair_005,5,2,3,2023,native_SS,a Japanese Imari porcelain plate,a Japanese Kutani porcelain plate,B,A,0,1,1,1,"Matches B-alone’s muted earth tones, soft brushwork, and naturalistic landscape rendering.",Shares bold blue-and-orange palette and stylized floral motifs with A-alone.,qwen3-vl-235b-a22b-instruct
eval_0015,sample_0662,pair_005,5,3,1,3031,lsda_clean,a Japanese Imari porcelain plate,a Japanese Kutani porcelain plate,A,B,1,0,0,0,"Matches A's bold blue-and-orange palette, dense patterned border, and stylized figural scene.","Shares B's soft brushwork, gray washes, and naturalistic floral-bird motif with orange-red blooms.",qwen3-vl-235b-a22b-instruct
eval_0533,sample_0662,pair_005,5,3,1,3031,native_SS,a Japanese Imari porcelain plate,a Japanese Kutani porcelain plate,B,A,0,1,1,1,"Matches B-alone’s brushwork style, monochrome blue tones, and naturalistic scenery.",Shares red-orange floral motifs and blue landscape elements with A-alone.,qwen3-vl-235b-a22b-instruct
eval_1488,sample_0119,pair_005,5,3,2,3032,lsda_clean,a Japanese Imari porcelain plate,a Japanese Kutani porcelain plate,A,B,1,0,0,0,Matches A's bold Imari-style blue-orange floral motifs and crisp enamel finish.,Shares B's muted landscape palette and soft brushwork texture.,qwen3-vl-235b-a22b-instruct
eval_1379,sample_0119,pair_005,5,3,2,3032,native_SS,a Japanese Imari porcelain plate,a Japanese Kutani porcelain plate,A,B,1,0,0,0,Matches A's vibrant blue-and-orange floral patterns and ornate border design.,"Shares B's muted landscape palette and brushwork texture, lacking A's bold floral motifs.",qwen3-vl-235b-a22b-instruct
eval_1439,sample_0785,pair_005,5,3,3,3033,lsda_clean,a Japanese Imari porcelain plate,a Japanese Kutani porcelain plate,A,B,1,0,0,0,Matches A-alone’s bold blue-and-orange floral motifs and crisp enamel finish.,Shares muted green-gray landscape palette and ink-wash texture with B-alone.,qwen3-vl-235b-a22b-instruct
eval_0254,sample_0785,pair_005,5,3,3,3033,native_SS,a Japanese Imari porcelain plate,a Japanese Kutani porcelain plate,A,B,1,0,0,0,"Bold Imari-style floral motifs in cobalt blue and iron red with gilded accents, mirroring A-alone’s vibrant color system and decorative pattern.","Soft ink-wash landscape with muted greens and greys, matching B-alone’s painterly technique and naturalistic palette.",qwen3-vl-235b-a22b-instruct
eval_0567,sample_0040,pair_006,6,1,1,1011,lsda_clean,a German Meissen porcelain figurine,an Italian Capodimonte porcelain figurine,B,A,0,1,1,1,"Ornate bodice, floral skirt pattern, and cherub motif match B-alone.",Same soft pink gown with gold trim and floral base as A-alone.,qwen3-vl-235b-a22b-instruct
eval_0722,sample_0040,pair_006,6,1,1,1011,native_SS,a German Meissen porcelain figurine,an Italian Capodimonte porcelain figurine,B,A,0,1,1,1,Matching pastel pink coat and white breeches with similar porcelain finish as B-alone.,Same pink gown with floral motifs and gold trim as A-alone.,qwen3-vl-235b-a22b-instruct
eval_0549,sample_0456,pair_006,6,1,2,1012,lsda_clean,a German Meissen porcelain figurine,an Italian Capodimonte porcelain figurine,A,B,1,0,0,0,"Matches A-alone’s pink gown, lace trim, and soft pastel color system.",Shares similar floral-patterned jacket and ornate finish with B-alone.,qwen3-vl-235b-a22b-instruct
eval_0291,sample_0456,pair_006,6,1,2,1012,native_SS,a German Meissen porcelain figurine,an Italian Capodimonte porcelain figurine,A,B,1,0,0,0,"matches A-alone’s pink gown, lace trim, and pastel palette",shares floral patterned jacket and gilded trim with B-alone,qwen3-vl-235b-a22b-instruct
eval_1634,sample_0817,pair_006,6,1,3,1013,lsda_clean,a German Meissen porcelain figurine,an Italian Capodimonte porcelain figurine,A,B,1,0,0,0,Matching blue-and-pink dress with gold accents and floral base motif as A-alone.,"Same pink gown with white lace, gold trim, and soft pastel palette as B-alone.",qwen3-vl-235b-a22b-instruct
eval_0253,sample_0817,pair_006,6,1,3,1013,native_SS,a German Meissen porcelain figurine,an Italian Capodimonte porcelain figurine,B,A,0,1,1,1,Gold-embellished coat and blue patterned fabric match B-alone’s surface decoration.,Same pink-and-blue gown with lace trim and floral base as A-alone.,qwen3-vl-235b-a22b-instruct
eval_0032,sample_0693,pair_006,6,2,1,2021,lsda_clean,a German Meissen porcelain figurine,an Italian Capodimonte porcelain figurine,A,B,1,0,0,0,delicate blue-and-white dress pattern and soft pastel finish align with A-alone,rich floral motifs and gilded base match B-alone's ornate surface decoration,qwen3-vl-235b-a22b-instruct
eval_0744,sample_0693,pair_006,6,2,1,2021,native_SS,a German Meissen porcelain figurine,an Italian Capodimonte porcelain figurine,A,B,1,0,0,0,Matching blue-and-white palette and painted dress details with A-alone.,Shared floral motifs and gilded base texture with B-alone.,qwen3-vl-235b-a22b-instruct
eval_1344,sample_0104,pair_006,6,2,2,2022,lsda_clean,a German Meissen porcelain figurine,an Italian Capodimonte porcelain figurine,A,B,1,0,0,0,Crisp white gown with gold trim and blue accents mirrors A-alone’s surface finish.,Soft pastel palette and floral drapery texture match B-alone.,qwen3-vl-235b-a22b-instruct
eval_0112,sample_0104,pair_006,6,2,2,2022,native_SS,a German Meissen porcelain figurine,an Italian Capodimonte porcelain figurine,A,B,1,0,0,0,Blue and yellow dress with white ruffles and gold trim aligns with A-alone’s material impression and ornamentation.,Pink gown with green sash and floral base matches B-alone’s color palette and decorative motifs.,qwen3-vl-235b-a22b-instruct
eval_1058,sample_0579,pair_006,6,2,3,2023,lsda_clean,a German Meissen porcelain figurine,an Italian Capodimonte porcelain figurine,A,B,1,0,0,0,"Matching blue-and-pink costume, lace trim, and floral base texture as A-alone.",Same pink gown with floral motifs and gilded base finish as B-alone.,qwen3-vl-235b-a22b-instruct
eval_0799,sample_0579,pair_006,6,2,3,2023,native_SS,a German Meissen porcelain figurine,an Italian Capodimonte porcelain figurine,B,A,0,1,1,1,"Same pastel blue coat, red waistcoat, and gold-trimmed military style as B-alone.",Same soft pink gown with floral motifs and gilded base finish as A-alone.,qwen3-vl-235b-a22b-instruct
eval_0666,sample_0283,pair_006,6,3,1,3031,lsda_clean,a German Meissen porcelain figurine,an Italian Capodimonte porcelain figurine,A,B,1,0,0,0,Blue bodice and white skirt with gold trim mirror A-alone’s material impression and finish.,Pink gown with floral accents and lace trim matches B-alone's color palette and decorative motifs.,qwen3-vl-235b-a22b-instruct
eval_0961,sample_0283,pair_006,6,3,1,3031,native_SS,a German Meissen porcelain figurine,an Italian Capodimonte porcelain figurine,B,A,0,1,1,1,Blue coat with gold trim and layered fabric texture align with B-alone’s ornate color system and surface detailing.,Pink satin-like glaze and floral base motif match A-alone’s surface finish and decorative elements.,qwen3-vl-235b-a22b-instruct
eval_0603,sample_0445,pair_006,6,3,2,3032,lsda_clean,a German Meissen porcelain figurine,an Italian Capodimonte porcelain figurine,A,B,1,0,0,0,Matches A's blue-and-white gown color system and gilded base finish.,Shares B's pink satin-like drapery texture and floral bouquet motif.,qwen3-vl-235b-a22b-instruct
eval_1106,sample_0445,pair_006,6,3,2,3032,native_SS,a German Meissen porcelain figurine,an Italian Capodimonte porcelain figurine,A,B,1,0,0,0,"Matches A-alone’s blue bodice, white sleeves, and gilded base finish.",Similar pastel pink gown with gold trim and floral accents as B-alone.,qwen3-vl-235b-a22b-instruct
eval_0140,sample_0245,pair_006,6,3,3,3033,lsda_clean,a German Meissen porcelain figurine,an Italian Capodimonte porcelain figurine,A,B,1,0,0,0,"Matches A-alone’s pastel pink dress, lace trim, and basket accessory.",Same soft pink gown with floral motifs and gilded base as B-alone.,qwen3-vl-235b-a22b-instruct
eval_0392,sample_0245,pair_006,6,3,3,3033,native_SS,a German Meissen porcelain figurine,an Italian Capodimonte porcelain figurine,A,B,1,0,0,0,"Same pastel palette, lace detailing, and porcelain finish as A-alone.","Shared pink gown with floral motifs and gilded trim, matching surface decoration style.",qwen3-vl-235b-a22b-instruct
eval_0106,sample_0063,pair_007,7,1,1,1011,lsda_clean,a French Sèvres porcelain vase,a Russian Imperial Porcelain cobalt-net vase,A,B,1,0,0,0,"Ornate gold framing, pastoral painted panel, and cream ground match A-alone's decorative technique and finish.",Blue and white reticulated pattern with gilded rim matches B-alone's surface motif and color system.,qwen3-vl-235b-a22b-instruct
eval_0073,sample_0063,pair_007,7,1,1,1011,native_SS,a French Sèvres porcelain vase,a Russian Imperial Porcelain cobalt-net vase,A,B,1,0,0,0,"Ornate white relief, gold trim, and figural painting align with A-alone’s decorative finish and motifs.",Blue mesh pattern and gilded rim match B-alone's surface texture and color system.,qwen3-vl-235b-a22b-instruct
eval_1212,sample_0140,pair_007,7,1,2,1012,lsda_clean,a French Sèvres porcelain vase,a Russian Imperial Porcelain cobalt-net vase,A,B,1,0,0,0,"Ornate gilded framing, figural painting, and white porcelain ground match A-alone’s decorative style and finish.",Deep cobalt blue glaze with gold lattice and foliate motifs matches B-alone’s surface pattern and texture.,qwen3-vl-235b-a22b-instruct
eval_1401,sample_0140,pair_007,7,1,2,1012,native_SS,a French Sèvres porcelain vase,a Russian Imperial Porcelain cobalt-net vase,A,B,1,0,0,0,White ground with painted scene framed by ornate gilded scrollwork mirrors A-alone’s decorative technique and color system.,Deep cobalt blue glaze with gold lattice and foliate motifs matches B-alone’s surface pattern and texture.,qwen3-vl-235b-a22b-instruct
eval_1006,sample_0772,pair_007,7,1,3,1013,lsda_clean,a French Sèvres porcelain vase,a Russian Imperial Porcelain cobalt-net vase,A,B,1,0,0,0,pale ground with hand-painted figural scene and ornate gilded borders mirrors A-alone’s decorative style,deep cobalt blue glaze with gold lattice and raised textured mesh matches B-alone’s surface treatment,qwen3-vl-235b-a22b-instruct
eval_1493,sample_0772,pair_007,7,1,3,1013,native_SS,a French Sèvres porcelain vase,a Russian Imperial Porcelain cobalt-net vase,A,B,1,0,0,0,Pale ground with figurative painting and ornate gold framing mirrors A-alone’s decorative style.,Deep cobalt blue with textured mesh pattern and gilded edges matches B-alone’s surface treatment.,qwen3-vl-235b-a22b-instruct
eval_1052,sample_0307,pair_007,7,2,1,2021,lsda_clean,a French Sèvres porcelain vase,a Russian Imperial Porcelain cobalt-net vase,A,B,1,0,0,0,gilded rococo handles and painted panel resemble A-alone's decorative motifs,blue lattice overlay and transparent sections match B-alone's surface technique,qwen3-vl-235b-a22b-instruct
eval_0517,sample_0307,pair_007,7,2,1,2021,native_SS,a French Sèvres porcelain vase,a Russian Imperial Porcelain cobalt-net vase,A,B,1,0,0,0,"Matches A-alone’s painted pastoral scene, gilded borders, and soft color palette.",Identical cobalt blue reticulated lattice texture and finish as B-alone.,qwen3-vl-235b-a22b-instruct
eval_0059,sample_0244,pair_007,7,2,2,2022,lsda_clean,a French Sèvres porcelain vase,a Russian Imperial Porcelain cobalt-net vase,A,B,1,0,0,0,White porcelain with figural painting and gilded handles mirrors A-alone's decorative motifs and finish.,Deep cobalt blue ground with gold lattice and geometric ornament matches B-alone's surface style.,qwen3-vl-235b-a22b-instruct
eval_1096,sample_0244,pair_007,7,2,2,2022,native_SS,a French Sèvres porcelain vase,a Russian Imperial Porcelain cobalt-net vase,A,B,1,0,0,0,"White ground with figural painting, gilded handles, and ornate cartouche aligns with A-alone’s decorative finish.",Deep cobalt blue with gold lattice and textured geometric pattern matches B-alone's surface style.,qwen3-vl-235b-a22b-instruct
eval_0713,sample_0084,pair_007,7,2,3,2023,lsda_clean,a French Sèvres porcelain vase,a Russian Imperial Porcelain cobalt-net vase,A,B,1,0,0,0,painted figural panel within ornate gilded frame matches A-alone's decorative technique and color system,blue lattice pattern with gold trim matches B-alone's surface motif and texture,qwen3-vl-235b-a22b-instruct
eval_0706,sample_0084,pair_007,7,2,3,2023,native_SS,a French Sèvres porcelain vase,a Russian Imperial Porcelain cobalt-net vase,A,B,1,0,0,0,"Matches A-alone’s ornate gilded scrollwork, figural painting medallion, and blue-gold color system.",Identical cobalt blue ground with raised white lattice texture and gold rim as B-alone.,qwen3-vl-235b-a22b-instruct
eval_1535,sample_0621,pair_007,7,3,1,3031,lsda_clean,a French Sèvres porcelain vase,a Russian Imperial Porcelain cobalt-net vase,A,B,1,0,0,0,"Gold-embellished pastel body with painted medallions mirrors A-alone’s ornate, gilded surface style.",Deep cobalt blue with white lace-like overlay matches B-alone’s color and textured technique.,qwen3-vl-235b-a22b-instruct
eval_1279,sample_0621,pair_007,7,3,1,3031,native_SS,a French Sèvres porcelain vase,a Russian Imperial Porcelain cobalt-net vase,A,B,1,0,0,0,"gilded frame, pastel ground, and floral painting match A-alone",blue lattice pattern and white reticulated texture match B-alone,qwen3-vl-235b-a22b-instruct
eval_0545,sample_0529,pair_007,7,3,2,3032,lsda_clean,a French Sèvres porcelain vase,a Russian Imperial Porcelain cobalt-net vase,A,B,1,0,0,0,White ground with figural painting and ornate gilded cartouches mirrors A-alone’s decorative motifs and finish.,Deep cobalt blue glaze with gold lattice netting matches B-alone's surface pattern and color system.,qwen3-vl-235b-a22b-instruct
eval_0324,sample_0529,pair_007,7,3,2,3032,native_SS,a French Sèvres porcelain vase,a Russian Imperial Porcelain cobalt-net vase,A,B,1,0,0,0,Ornate white porcelain with gilded rococo framing and figural painting aligns with A-alone's decorative motifs and finish.,Deep cobalt blue glaze with gold lattice netting matches B-alone's surface pattern and color system.,qwen3-vl-235b-a22b-instruct
eval_1095,sample_0443,pair_007,7,3,3,3033,lsda_clean,a French Sèvres porcelain vase,a Russian Imperial Porcelain cobalt-net vase,A,B,1,0,0,0,"painted pastoral scene, gold handles, and white/blue ground match A-alone's decorative finish",blue lattice pattern and gilded trim match B-alone's surface texture and ornament,qwen3-vl-235b-a22b-instruct
eval_1194,sample_0443,pair_007,7,3,3,3033,native_SS,a French Sèvres porcelain vase,a Russian Imperial Porcelain cobalt-net vase,A,B,1,0,0,0,"Matches A-alone’s pastel blue ground, floral medallion, and ornate gold scrollwork.",Identical cobalt blue lattice texture and gilded rim as B-alone.,qwen3-vl-235b-a22b-instruct
eval_0050,sample_0218,pair_008,8,1,1,1011,lsda_clean,a Chinese famille-rose porcelain vase,a Hungarian Herend porcelain vase,A,B,1,0,0,0,displays figurative scene with pink blossoms matching A-alone,features floral motifs and gold trim similar to B-alone,qwen3-vl-235b-a22b-instruct
eval_0660,sample_0218,pair_008,8,1,1,1011,native_SS,a Chinese famille-rose porcelain vase,a Hungarian Herend porcelain vase,A,B,1,0,0,0,Figural scene with pink blossoms and border design mirrors A-alone’s ornamental style.,Floral motif and soft pastel palette match B-alone’s surface decoration.,qwen3-vl-235b-a22b-instruct
eval_0889,sample_0070,pair_008,8,1,2,1012,lsda_clean,a Chinese famille-rose porcelain vase,a Hungarian Herend porcelain vase,A,B,1,0,0,0,"Matches A's hand-painted pink peonies, landscape motifs, and turquoise border patterns.","Shares B's cobalt blue ground, gilded handles, and ornate baroque-style gold detailing.",qwen3-vl-235b-a22b-instruct
eval_1440,sample_0070,pair_008,8,1,2,1012,native_SS,a Chinese famille-rose porcelain vase,a Hungarian Herend porcelain vase,A,B,1,0,0,0,Matches A-alone’s pink floral painting and green border design.,Shares blue-and-white palette and landscape motif with B-alone.,qwen3-vl-235b-a22b-instruct
eval_0546,sample_0372,pair_008,8,1,3,1013,lsda_clean,a Chinese famille-rose porcelain vase,a Hungarian Herend porcelain vase,A,B,1,0,0,0,Blue-and-white landscape painting with soft brushwork mirrors A-alone’s Chinese-style decorative technique.,Rich floral motifs with gold accents and deep blue glaze match B-alone's ornate European porcelain style.,qwen3-vl-235b-a22b-instruct
eval_0369,sample_0372,pair_008,8,1,3,1013,native_SS,a Chinese famille-rose porcelain vase,a Hungarian Herend porcelain vase,A,B,1,0,0,0,pink floral and landscape painting style with soft color palette closely matches A-alone’s surface ornament.,blue-and-white floral motif and fine line work match B-alone’s decorative technique and color system.,qwen3-vl-235b-a22b-instruct
eval_1418,sample_0684,pair_008,8,2,1,2021,lsda_clean,a Chinese famille-rose porcelain vase,a Hungarian Herend porcelain vase,B,A,0,1,1,1,Matches B-alone’s blue-and-white landscape painting style and decorative borders.,"Shares polychrome floral motifs and gold accents with A-alone, unlike B-alone’s monochrome blue-and-white.",qwen3-vl-235b-a22b-instruct
eval_0283,sample_0684,pair_008,8,2,1,2021,native_SS,a Chinese famille-rose porcelain vase,a Hungarian Herend porcelain vase,B,A,0,1,1,1,blue-and-white landscape scene and decorative border match B-alone's monochrome technique,rich polychrome floral motifs and gilded frame resemble A-alone's painted style,qwen3-vl-235b-a22b-instruct
eval_0383,sample_0157,pair_008,8,2,2,2022,lsda_clean,a Chinese famille-rose porcelain vase,a Hungarian Herend porcelain vase,A,B,1,0,0,0,Figurative scene and landscape painting style align with A-alone.,Floral motifs and gold trim match B-alone’s surface decoration.,qwen3-vl-235b-a22b-instruct
eval_0903,sample_0157,pair_008,8,2,2,2022,native_SS,a Chinese famille-rose porcelain vase,a Hungarian Herend porcelain vase,A,B,1,0,0,0,Figural scene and landscape painting style align with A-alone.,Floral motif and gilded trim match B-alone's surface decoration.,qwen3-vl-235b-a22b-instruct
eval_0418,sample_0680,pair_008,8,2,3,2023,lsda_clean,a Chinese famille-rose porcelain vase,a Hungarian Herend porcelain vase,B,A,0,1,1,1,Matches B-alone’s blue-and-white landscape painting style and ornate gilded framing.,Shares yellow-gold geometric borders and pink floral motifs with A-alone.,qwen3-vl-235b-a22b-instruct
eval_1763,sample_0680,pair_008,8,2,3,2023,native_SS,a Chinese famille-rose porcelain vase,a Hungarian Herend porcelain vase,B,A,0,1,1,1,Matches blue-and-white landscape pattern and decorative banding style of B-alone.,"Shares floral motif, pink blossoms, and figure scene on white ground with A-alone.",qwen3-vl-235b-a22b-instruct
eval_1286,sample_0375,pair_008,8,3,1,3031,lsda_clean,a Chinese famille-rose porcelain vase,a Hungarian Herend porcelain vase,A,B,1,0,0,0,figurative landscape with pink blossoms and人物 scene mirrors A's painted narrative surface,blue-and-white underglaze with architectural motifs matches B's ornamental style,qwen3-vl-235b-a22b-instruct
eval_1573,sample_0375,pair_008,8,3,1,3031,native_SS,a Chinese famille-rose porcelain vase,a Hungarian Herend porcelain vase,A,B,1,0,0,0,figural landscape with pink blossoms and soft brushwork mirrors A-alone’s surface painting style,blue-and-white floral motif and underglaze cobalt technique match B-alone’s decorative system,qwen3-vl-235b-a22b-instruct
eval_0247,sample_0071,pair_008,8,3,2,3032,lsda_clean,a Chinese famille-rose porcelain vase,a Hungarian Herend porcelain vase,A,B,1,0,0,0,"Matches A-alone’s yellow ground, pink peony motif, and ink-wash landscape style.",Shares ornate gold scrollwork and floral motifs on white ground with B-alone.,qwen3-vl-235b-a22b-instruct
eval_0587,sample_0071,pair_008,8,3,2,3032,native_SS,a Chinese famille-rose porcelain vase,a Hungarian Herend porcelain vase,A,B,1,0,0,0,"matches A's yellow ground, pink peony motif, and landscape painting style",shares B's intricate gold scrollwork and dense floral pattern on white ground,qwen3-vl-235b-a22b-instruct
eval_1463,sample_0317,pair_008,8,3,3,3033,lsda_clean,a Chinese famille-rose porcelain vase,a Hungarian Herend porcelain vase,A,B,1,0,0,0,"Matches A's pink peonies, landscape scene, and red border detailing.","Shares B's gilded handles, blue-and-gold base, and floral motif style.",qwen3-vl-235b-a22b-instruct
eval_0748,sample_0317,pair_008,8,3,3,3033,native_SS,a Chinese famille-rose porcelain vase,a Hungarian Herend porcelain vase,A,B,1,0,0,0,pink peony and landscape painting style closely mirrors A-alone’s motif and color system,blue-and-white floral pattern with gilded accents matches B-alone’s surface decoration,qwen3-vl-235b-a22b-instruct
eval_0577,sample_0768,pair_009,9,1,1,1011,lsda_clean,a Chinese Dehua blanc-de-Chine porcelain figurine,a Japanese Hirado porcelain figurine,A,B,1,0,0,0,monochrome white porcelain with subtle relief matches A-alone,blue-and-white glaze with floral motifs matches B-alone,qwen3-vl-235b-a22b-instruct
eval_0071,sample_0768,pair_009,9,1,1,1011,native_SS,a Chinese Dehua blanc-de-Chine porcelain figurine,a Japanese Hirado porcelain figurine,A,B,1,0,0,0,Matches A-alone’s monochrome white finish and subtle relief carving.,Shares blue-and-white glaze and floral motifs with B-alone.,qwen3-vl-235b-a22b-instruct
eval_0583,sample_0556,pair_009,9,1,2,1012,lsda_clean,a Chinese Dehua blanc-de-Chine porcelain figurine,a Japanese Hirado porcelain figurine,A,B,1,0,0,0,"Matches A-alone’s pure white porcelain, smooth glossy surface, and minimal ornamentation.","Shares blue-gray glaze, subtle floral motifs, and soft matte finish with B-alone.",qwen3-vl-235b-a22b-instruct
eval_1141,sample_0556,pair_009,9,1,2,1012,native_SS,a Chinese Dehua blanc-de-Chine porcelain figurine,a Japanese Hirado porcelain figurine,A,B,1,0,0,0,matches A-alone’s white porcelain material and minimal ornamentation,shares blue-gray glaze and subtle floral motifs with B-alone,qwen3-vl-235b-a22b-instruct
eval_1684,sample_0113,pair_009,9,1,3,1013,lsda_clean,a Chinese Dehua blanc-de-Chine porcelain figurine,a Japanese Hirado porcelain figurine,A,B,1,0,0,0,Matches A-alone’s white monochrome finish and unadorned texture.,Shares blue glaze and floral motifs with B-alone.,qwen3-vl-235b-a22b-instruct
eval_1681,sample_0113,pair_009,9,1,3,1013,native_SS,a Chinese Dehua blanc-de-Chine porcelain figurine,a Japanese Hirado porcelain figurine,B,B,0,1,0,1,shares pale blue-green glaze and subtle surface texture with B-alone,shares blue-toned glaze and floral motifs with B-alone,qwen3-vl-235b-a22b-instruct
eval_0334,sample_0049,pair_009,9,2,1,2021,lsda_clean,a Chinese Dehua blanc-de-Chine porcelain figurine,a Japanese Hirado porcelain figurine,A,B,1,0,0,0,matches A-alone’s pure white porcelain and minimal ornament,shares blue-gray glaze and floral motifs with B-alone,qwen3-vl-235b-a22b-instruct
eval_1529,sample_0049,pair_009,9,2,1,2021,native_SS,a Chinese Dehua blanc-de-Chine porcelain figurine,a Japanese Hirado porcelain figurine,B,B,0,1,0,1,shares pale blue-white glaze and subtle floral carving with B-alone,shares blue-gray glaze and floral relief motifs with B-alone,qwen3-vl-235b-a22b-instruct
eval_0856,sample_0337,pair_009,9,2,2,2022,lsda_clean,a Chinese Dehua blanc-de-Chine porcelain figurine,a Japanese Hirado porcelain figurine,A,B,1,0,0,0,monochrome pale celadon finish and incised floral details match A-alone,blue-and-white glaze with painted motifs matches B-alone,qwen3-vl-235b-a22b-instruct
eval_1516,sample_0337,pair_009,9,2,2,2022,native_SS,a Chinese Dehua blanc-de-Chine porcelain figurine,a Japanese Hirado porcelain figurine,A,B,1,0,0,0,Matches A-alone’s monochrome celadon finish and incised decorative patterns.,Shares blue-and-white glaze and painted floral motifs with B-alone.,qwen3-vl-235b-a22b-instruct
eval_1517,sample_0480,pair_009,9,2,3,2023,lsda_clean,a Chinese Dehua blanc-de-Chine porcelain figurine,a Japanese Hirado porcelain figurine,A,B,1,0,0,0,Monochrome white porcelain with subtle relief matches A-alone.,Blue-and-white glaze pattern and painted motifs match B-alone.,qwen3-vl-235b-a22b-instruct
eval_0239,sample_0480,pair_009,9,2,3,2023,native_SS,a Chinese Dehua blanc-de-Chine porcelain figurine,a Japanese Hirado porcelain figurine,A,B,1,0,0,0,monochrome white porcelain with subtle relief matches A-alone,blue-and-white glaze pattern and painted motifs match B-alone,qwen3-vl-235b-a22b-instruct
eval_0457,sample_0295,pair_009,9,3,1,3031,lsda_clean,a Chinese Dehua blanc-de-Chine porcelain figurine,a Japanese Hirado porcelain figurine,A,B,1,0,0,0,"Matches A-alone’s monochrome white porcelain, smooth unglazed texture, and sculpted cloud base.","Shares blue-and-white glaze, painted floral motifs, and ceramic finish with B-alone.",qwen3-vl-235b-a22b-instruct
eval_0484,sample_0295,pair_009,9,3,1,3031,native_SS,a Chinese Dehua blanc-de-Chine porcelain figurine,a Japanese Hirado porcelain figurine,A,B,1,0,0,0,"Matches A-alone’s monochrome white porcelain, subtle relief carving, and unglazed matte finish.","Shares blue-and-white glaze, floral motifs, and painted detailing with B-alone.",qwen3-vl-235b-a22b-instruct
eval_0122,sample_0492,pair_009,9,3,2,3032,lsda_clean,a Chinese Dehua blanc-de-Chine porcelain figurine,a Japanese Hirado porcelain figurine,A,B,1,0,0,0,matches A-alone’s monochrome white porcelain and sculpted texture,shares blue-and-white glaze and painted floral motifs with B-alone,qwen3-vl-235b-a22b-instruct
eval_0618,sample_0492,pair_009,9,3,2,3032,native_SS,a Chinese Dehua blanc-de-Chine porcelain figurine,a Japanese Hirado porcelain figurine,A,B,1,0,0,0,"Matches A-alone’s monochrome white porcelain, sculpted relief details, and unglazed matte texture.","Shares blue-and-white glaze, painted motifs, and textured drapery finish with B-alone.",qwen3-vl-235b-a22b-instruct
eval_0438,sample_0072,pair_009,9,3,3,3033,lsda_clean,a Chinese Dehua blanc-de-Chine porcelain figurine,a Japanese Hirado porcelain figurine,A,B,1,0,0,0,monochrome white porcelain with carved drapery texture matches A-alone,blue-and-white glaze with painted floral motifs matches B-alone,qwen3-vl-235b-a22b-instruct
eval_0342,sample_0072,pair_009,9,3,3,3033,native_SS,a Chinese Dehua blanc-de-Chine porcelain figurine,a Japanese Hirado porcelain figurine,A,B,1,0,0,0,matches A-alone’s pure white porcelain and sculptural texture,shares blue-and-white glaze and painted motifs with B-alone,qwen3-vl-235b-a22b-instruct
eval_0688,sample_0255,pair_010,10,1,1,1011,lsda_clean,a Chinese celadon ceramic bowl,a Vietnamese Lý–Trần celadon ceramic bowl,A,B,1,0,0,0,Intricate geometric relief pattern and matte celadon tone align with A-alone’s decorative motif and material impression.,"Smooth celadon glaze with subtle crackle, matching B-alone's surface texture and finish.",qwen3-vl-235b-a22b-instruct
eval_0232,sample_0255,pair_010,10,1,1,1011,native_SS,a Chinese celadon ceramic bowl,a Vietnamese Lý–Trần celadon ceramic bowl,B,A,0,1,1,1,exhibits crackle glaze finish and unadorned surface matching B-alone,shares similar incised landscape motif and celadon glaze texture with A-alone,qwen3-vl-235b-a22b-instruct
eval_1534,sample_0002,pair_010,10,1,2,1012,lsda_clean,a Chinese celadon ceramic bowl,a Vietnamese Lý–Trần celadon ceramic bowl,A,B,1,0,0,0,matches A's crackled texture and subtle green tone,shares B's smooth glaze and brown rim finish,qwen3-vl-235b-a22b-instruct
eval_0745,sample_0002,pair_010,10,1,2,1012,native_SS,a Chinese celadon ceramic bowl,a Vietnamese Lý–Trần celadon ceramic bowl,A,B,1,0,0,0,"crackled celadon surface with organic texture and red foot, matching A-alone","smooth celadon glaze with subtle horizontal striations and brown rim, matching B-alone",qwen3-vl-235b-a22b-instruct
eval_0466,sample_0478,pair_010,10,1,3,1013,lsda_clean,a Chinese celadon ceramic bowl,a Vietnamese Lý–Trần celadon ceramic bowl,A,B,1,0,0,0,"embossed geometric motif and textured relief, mirroring A-alone's ornamental pattern","smooth glaze with subtle rim accent, matching B-alone's plain surface and finish",qwen3-vl-235b-a22b-instruct
eval_0536,sample_0478,pair_010,10,1,3,1013,native_SS,a Chinese celadon ceramic bowl,a Vietnamese Lý–Trần celadon ceramic bowl,A,B,1,0,0,0,incised geometric motifs and matte texture match A-alone,smooth unadorned glaze with reddish rim matches B-alone,qwen3-vl-235b-a22b-instruct
eval_0246,sample_0855,pair_010,10,2,1,2021,lsda_clean,a Chinese celadon ceramic bowl,a Vietnamese Lý–Trần celadon ceramic bowl,A,B,1,0,0,0,matches A's matte green finish and smooth unadorned surface,shares B's glossy celadon glaze and subtle crackle texture,qwen3-vl-235b-a22b-instruct
eval_1759,sample_0855,pair_010,10,2,1,2021,native_SS,a Chinese celadon ceramic bowl,a Vietnamese Lý–Trần celadon ceramic bowl,A,B,1,0,0,0,smooth celadon glaze with subtle ribbing and pale green tone matches A-alone's refined surface,dark green glaze with textured vertical ridges and brown rim matches B-alone's rustic finish,qwen3-vl-235b-a22b-instruct
eval_1385,sample_0717,pair_010,10,2,2,2022,lsda_clean,a Chinese celadon ceramic bowl,a Vietnamese Lý–Trần celadon ceramic bowl,A,B,1,0,0,0,shares A-alone's smooth celadon glaze and minimal rim detail,matches B-alone's darker rim and subtle crackle texture,qwen3-vl-235b-a22b-instruct
eval_0728,sample_0717,pair_010,10,2,2,2022,native_SS,a Chinese celadon ceramic bowl,a Vietnamese Lý–Trần celadon ceramic bowl,A,B,1,0,0,0,matches A's smooth glaze surface and pale green hue,shares B's subtle crackle glaze and muted celadon tone,qwen3-vl-235b-a22b-instruct
eval_1706,sample_0034,pair_010,10,2,3,2023,lsda_clean,a Chinese celadon ceramic bowl,a Vietnamese Lý–Trần celadon ceramic bowl,A,B,1,0,0,0,matches smooth celadon surface and subtle texture of A-alone,shares crackle glaze and rim tone with B-alone,qwen3-vl-235b-a22b-instruct
eval_0149,sample_0034,pair_010,10,2,3,2023,native_SS,a Chinese celadon ceramic bowl,a Vietnamese Lý–Trần celadon ceramic bowl,A,B,1,0,0,0,"features incised geometric motifs over celadon glaze, aligning with A-alone's decorative technique and material impression","smooth celadon glaze with subtle crackle, matching B-alone's surface texture and finish",qwen3-vl-235b-a22b-instruct
eval_1426,sample_0273,pair_010,10,3,1,3031,lsda_clean,a Chinese celadon ceramic bowl,a Vietnamese Lý–Trần celadon ceramic bowl,A,B,1,0,0,0,matches A's smooth celadon glaze and subtle surface pattern,shares B's prominent crackle glaze texture and brown rim,qwen3-vl-235b-a22b-instruct
eval_0751,sample_0273,pair_010,10,3,1,3031,native_SS,a Chinese celadon ceramic bowl,a Vietnamese Lý–Trần celadon ceramic bowl,A,B,1,0,0,0,matches A's smoother celadon glaze and subtle crackle,shares B's brown rim and denser crackle texture,qwen3-vl-235b-a22b-instruct
eval_1599,sample_0148,pair_010,10,3,2,3032,lsda_clean,a Chinese celadon ceramic bowl,a Vietnamese Lý–Trần celadon ceramic bowl,A,B,1,0,0,0,"embossed geometric motifs under celadon glaze, identical to A-alone's surface decoration","smooth glaze with subtle crackle and brown rim, matching B-alone's finish",qwen3-vl-235b-a22b-instruct
eval_0868,sample_0148,pair_010,10,3,2,3032,native_SS,a Chinese celadon ceramic bowl,a Vietnamese Lý–Trần celadon ceramic bowl,A,B,1,0,0,0,matches A's incised geometric motifs and uniform celadon finish,shares B's brown rim and subtle crackle glaze texture,qwen3-vl-235b-a22b-instruct
eval_0822,sample_0598,pair_010,10,3,3,3033,lsda_clean,a Chinese celadon ceramic bowl,a Vietnamese Lý–Trần celadon ceramic bowl,A,B,1,0,0,0,smooth celadon glaze with incised geometric band matches A-alone,glazed surface with crackle pattern and brown rim matches B-alone,qwen3-vl-235b-a22b-instruct
eval_0945,sample_0598,pair_010,10,3,3,3033,native_SS,a Chinese celadon ceramic bowl,a Vietnamese Lý–Trần celadon ceramic bowl,A,B,1,0,0,0,matches A-alone’s smooth celadon glaze and geometric band motif,shares crackled glaze texture and brown rim with B-alone,qwen3-vl-235b-a22b-instruct
eval_0234,sample_0758,pair_011,11,1,1,1011,lsda_clean,a Korean Goryeo celadon maebyeong vase,a Thai Sawankhalok celadon jar,A,B,1,0,0,0,Matches A's subtle incised landscape motifs and smooth celadon glaze finish.,Shares B's high-relief figural carving and dense ornamental texture.,qwen3-vl-235b-a22b-instruct
eval_0200,sample_0758,pair_011,11,1,1,1011,native_SS,a Korean Goryeo celadon maebyeong vase,a Thai Sawankhalok celadon jar,A,B,1,0,0,0,matches A-alone’s incised figural scenes and glaze texture,shares raised floral motifs and lid structure with B-alone,qwen3-vl-235b-a22b-instruct
eval_1234,sample_0053,pair_011,11,1,2,1012,lsda_clean,a Korean Goryeo celadon maebyeong vase,a Thai Sawankhalok celadon jar,A,B,1,0,0,0,"Identical pale celadon finish, low-relief landscape motifs, and dragon handles as A-alone.","Same celadon glaze, incised figural bands, and lidded form as B-alone.",qwen3-vl-235b-a22b-instruct
eval_1711,sample_0053,pair_011,11,1,2,1012,native_SS,a Korean Goryeo celadon maebyeong vase,a Thai Sawankhalok celadon jar,A,B,1,0,0,0,matches A-alone’s glossy celadon finish and carved landscape motifs,shares similar muted celadon glaze and low-relief figural band with B-alone,qwen3-vl-235b-a22b-instruct
eval_1686,sample_0129,pair_011,11,1,3,1013,lsda_clean,a Korean Goryeo celadon maebyeong vase,a Thai Sawankhalok celadon jar,A,B,1,0,0,0,Same smooth celadon glaze and subtle incised panels as A-alone.,Same raised figural relief and lid design as B-alone.,qwen3-vl-235b-a22b-instruct
eval_0924,sample_0129,pair_011,11,1,3,1013,native_SS,a Korean Goryeo celadon maebyeong vase,a Thai Sawankhalok celadon jar,A,B,1,0,0,0,matches A-alone’s smooth glaze and subtle incised panels,shares carved figural motifs and lid structure with B-alone,qwen3-vl-235b-a22b-instruct
eval_1026,sample_0512,pair_011,11,2,1,2021,lsda_clean,a Korean Goryeo celadon maebyeong vase,a Thai Sawankhalok celadon jar,B,B,0,1,0,1,"Shares the same carved figural decoration and textured surface as B-alone, unlike A’s smooth plain finish.","Both feature dense, raised relief motifs with narrative scenes and similar celadon glaze texture.",qwen3-vl-235b-a22b-instruct
eval_1419,sample_0512,pair_011,11,2,1,2021,native_SS,a Korean Goryeo celadon maebyeong vase,a Thai Sawankhalok celadon jar,A,B,1,0,0,0,"Both feature smooth, unadorned surfaces with subtle mottling in celadon glaze.",Both have carved figural motifs and similar celadon glaze texture.,qwen3-vl-235b-a22b-instruct
eval_1552,sample_0342,pair_011,11,2,2,2022,lsda_clean,a Korean Goryeo celadon maebyeong vase,a Thai Sawankhalok celadon jar,A,B,1,0,0,0,Matches A's figural carving style and translucent celadon finish.,Shares B's geometric relief patterns and matte glaze texture.,qwen3-vl-235b-a22b-instruct
eval_1764,sample_0342,pair_011,11,2,2,2022,native_SS,a Korean Goryeo celadon maebyeong vase,a Thai Sawankhalok celadon jar,A,B,1,0,0,0,Matches A's figurative carving style and subtle celadon finish.,Shares B's geometric relief pattern and matte glaze texture.,qwen3-vl-235b-a22b-instruct
eval_1734,sample_0527,pair_011,11,2,3,2023,lsda_clean,a Korean Goryeo celadon maebyeong vase,a Thai Sawankhalok celadon jar,A,B,1,0,0,0,Same smooth celadon finish and narrative relief scenes as A-alone.,Same crackled celadon glaze and geometric panel motif as B-alone.,qwen3-vl-235b-a22b-instruct
eval_1413,sample_0527,pair_011,11,2,3,2023,native_SS,a Korean Goryeo celadon maebyeong vase,a Thai Sawankhalok celadon jar,A,B,1,0,0,0,glossy celadon finish and narrative relief motifs align with A-alone’s surface style,matte glaze and subtle incised panels match B-alone’s surface texture and decorative technique,qwen3-vl-235b-a22b-instruct
eval_1251,sample_0363,pair_011,11,3,1,3031,lsda_clean,a Korean Goryeo celadon maebyeong vase,a Thai Sawankhalok celadon jar,A,B,1,0,0,0,"Same pale celadon tone, low-relief narrative panels, and unglazed foot rim as A-alone.","Same celadon glaze, high-relief figural scenes, and lid structure as B-alone.",qwen3-vl-235b-a22b-instruct
eval_0193,sample_0363,pair_011,11,3,1,3031,native_SS,a Korean Goryeo celadon maebyeong vase,a Thai Sawankhalok celadon jar,A,B,1,0,0,0,"Both share a smooth, uncarved celadon-glazed surface with subtle vertical striations and minimal ornament.","Both feature dense, high-relief narrative carvings with similar celadon glaze and textured surface.",qwen3-vl-235b-a22b-instruct
eval_1153,sample_0894,pair_011,11,3,2,3032,lsda_clean,a Korean Goryeo celadon maebyeong vase,a Thai Sawankhalok celadon jar,A,B,1,0,0,0,Matches A's prominent crackle glaze texture and smooth celadon finish.,Shares B's incised geometric motifs and matte celadon glaze without crackle.,qwen3-vl-235b-a22b-instruct
eval_1785,sample_0894,pair_011,11,3,2,3032,native_SS,a Korean Goryeo celadon maebyeong vase,a Thai Sawankhalok celadon jar,A,B,1,0,0,0,crackled celadon surface texture matching A-alone,smooth glaze with incised geometric patterns like B-alone,qwen3-vl-235b-a22b-instruct
eval_1618,sample_0600,pair_011,11,3,3,3033,lsda_clean,a Korean Goryeo celadon maebyeong vase,a Thai Sawankhalok celadon jar,A,B,1,0,0,0,Matches A's subtle cloud-and-wave motifs and smooth celadon finish.,Shares B's dense narrative relief carving and celadon glaze texture.,qwen3-vl-235b-a22b-instruct
eval_1297,sample_0600,pair_011,11,3,3,3033,native_SS,a Korean Goryeo celadon maebyeong vase,a Thai Sawankhalok celadon jar,A,B,1,0,0,0,Matches A’s sculpted dragon handles and cloud-wave motifs under similar pale celadon finish.,Shares B's subtle relief carving and muted celadon glaze without handles or bold motifs.,qwen3-vl-235b-a22b-instruct
eval_0905,sample_0749,pair_012,12,1,1,1011,lsda_clean,a Dutch blue-and-white Delftware plate,a Slovak Modra faience plate,A,B,1,0,0,0,sailboat scene and loose floral rim align with A-alone’s decorative style and finish,blue church motif and dense floral border match B-alone's surface pattern and texture,qwen3-vl-235b-a22b-instruct
eval_0107,sample_0749,pair_012,12,1,1,1011,native_SS,a Dutch blue-and-white Delftware plate,a Slovak Modra faience plate,A,B,1,0,0,0,floral border and lighter blue tonal rendering of landscape match A-alone's decorative style,"dense floral border with deep blue saturation matches B-alone's ornate, saturated rim",qwen3-vl-235b-a22b-instruct
eval_0070,sample_0777,pair_012,12,1,2,1012,lsda_clean,a Dutch blue-and-white Delftware plate,a Slovak Modra faience plate,A,B,1,0,0,0,Scene content and ornate border design closely mirror A-alone’s maritime landscape and floral framing.,Floral motif and border style match B-alone’s dense blue floral pattern.,qwen3-vl-235b-a22b-instruct
eval_0605,sample_0777,pair_012,12,1,2,1012,native_SS,a Dutch blue-and-white Delftware plate,a Slovak Modra faience plate,A,B,1,0,0,0,"matches A's dense, ornate border and detailed river scene",shares B's sparse floral border and simpler central motif,qwen3-vl-235b-a22b-instruct
eval_0358,sample_0264,pair_012,12,1,3,1013,lsda_clean,a Dutch blue-and-white Delftware plate,a Slovak Modra faience plate,A,B,1,0,0,0,"displays monochromatic blue-and-white scenic canal motif with scalloped floral border, identical to A-alone's style","features yellow flowers and green foliage on a deep blue ground, matching B-alone's polychrome floral decoration",qwen3-vl-235b-a22b-instruct
eval_1120,sample_0264,pair_012,12,1,3,1013,native_SS,a Dutch blue-and-white Delftware plate,a Slovak Modra faience plate,A,A,0,1,1,0,"Identical monochrome blue-and-white palette, floral border, and scenic motif as A-alone.","Monochrome blue-and-white with floral border and landscape scene, matching A-alone's Delftware style.",qwen3-vl-235b-a22b-instruct
eval_0141,sample_0459,pair_012,12,2,1,2021,lsda_clean,a Dutch blue-and-white Delftware plate,a Slovak Modra faience plate,A,B,1,0,0,0,ship scene and border pattern align with A-alone's surface style,blue landscape motif and floral border match B-alone's design,qwen3-vl-235b-a22b-instruct
eval_1767,sample_0459,pair_012,12,2,1,2021,native_SS,a Dutch blue-and-white Delftware plate,a Slovak Modra faience plate,A,B,1,0,0,0,Matches A's softer landscape rendering and lighter blue wash in the scene.,Shares B's dense floral border and castle motif with similar blue tonal depth.,qwen3-vl-235b-a22b-instruct
eval_0925,sample_0426,pair_012,12,2,2,2022,lsda_clean,a Dutch blue-and-white Delftware plate,a Slovak Modra faience plate,A,B,1,0,0,0,"Matches A-alone’s canal scene, building style, and dense floral rim texture.",Identical floral border motif and blue tonal rendering as B-alone.,qwen3-vl-235b-a22b-instruct
eval_1613,sample_0426,pair_012,12,2,2,2022,native_SS,a Dutch blue-and-white Delftware plate,a Slovak Modra faience plate,B,A,0,1,1,1,Matching dense floral pattern and blue tone in border as B-alone.,Identical floral border motif and blue monochrome finish as A-alone.,qwen3-vl-235b-a22b-instruct
eval_0288,sample_0862,pair_012,12,2,3,2023,lsda_clean,a Dutch blue-and-white Delftware plate,a Slovak Modra faience plate,A,B,1,0,0,0,blue landscape with boats and building matches A-alone's surface design,blue floral border and architectural motif match B-alone's style,qwen3-vl-235b-a22b-instruct
eval_0445,sample_0862,pair_012,12,2,3,2023,native_SS,a Dutch blue-and-white Delftware plate,a Slovak Modra faience plate,B,A,0,1,1,1,Denser foliage and tree rendering in landscape align with B-alone’s textural richness.,Floral border and architectural scene match A-alone’s motif density and blue tonal range.,qwen3-vl-235b-a22b-instruct
eval_0512,sample_0707,pair_012,12,3,1,3031,lsda_clean,a Dutch blue-and-white Delftware plate,a Slovak Modra faience plate,A,B,1,0,0,0, ship scene and border pattern align with A-alone's surface design, floral border and figure motif match B-alone's decorative style,qwen3-vl-235b-a22b-instruct
eval_1472,sample_0707,pair_012,12,3,1,3031,native_SS,a Dutch blue-and-white Delftware plate,a Slovak Modra faience plate,B,A,0,1,1,1,matches B-alone’s dense floral rim and figurative scene style despite different subject,shares the same floral border motif and blue-on-white transferware finish as A-alone,qwen3-vl-235b-a22b-instruct
eval_1118,sample_0361,pair_012,12,3,2,3032,lsda_clean,a Dutch blue-and-white Delftware plate,a Slovak Modra faience plate,A,B,1,0,0,0,Same ship scene and floral rim pattern as A-alone,Identical floral border and church motif as B-alone,qwen3-vl-235b-a22b-instruct
eval_0602,sample_0361,pair_012,12,3,2,3032,native_SS,a Dutch blue-and-white Delftware plate,a Slovak Modra faience plate,B,A,0,1,1,1,Matches B-alone’s architectural scene composition and dense foliate framing pattern.,Shares identical floral border motif and blue-and-white tonal rendering with A-alone.,qwen3-vl-235b-a22b-instruct
eval_1028,sample_0674,pair_012,12,3,3,3033,lsda_clean,a Dutch blue-and-white Delftware plate,a Slovak Modra faience plate,A,B,1,0,0,0,Central river scene with boats and trees mirrors A-alone’s landscape and floral border design.,Floral border and central scene match B-alone’s church motif and dense blue floral pattern.,qwen3-vl-235b-a22b-instruct
eval_1390,sample_0674,pair_012,12,3,3,3033,native_SS,a Dutch blue-and-white Delftware plate,a Slovak Modra faience plate,A,B,1,0,0,0,Riverboat scene and floral rim pattern closely mirror A-alone’s surface design.,Floral border and architectural scene match B-alone’s motif and blue density.,qwen3-vl-235b-a22b-instruct
eval_1409,sample_0694,pair_013,13,1,1,1011,lsda_clean,a Dutch blue-and-white Delftware vase,a Tunisian Qallaline faience vase,A,B,1,0,0,0,Matches A-alone’s blue-and-white figural scenes and decorative borders.,Shares turquoise glaze and geometric motifs with B-alone.,qwen3-vl-235b-a22b-instruct
eval_0164,sample_0694,pair_013,13,1,1,1011,native_SS,a Dutch blue-and-white Delftware vase,a Tunisian Qallaline faience vase,A,A,0,1,1,0,Blue-and-white figural scene with landscape elements mirrors A-alone’s narrative painting technique.,Blue-and-white floral and foliate motifs with fine line work match A-alone’s decorative style.,qwen3-vl-235b-a22b-instruct
eval_1795,sample_0868,pair_013,13,1,2,1012,lsda_clean,a Dutch blue-and-white Delftware vase,a Tunisian Qallaline faience vase,A,B,1,0,0,0,Blue-and-white landscape painting and ornamental borders match A-alone's surface style.,Green glaze and abstract blue motifs match B-alone's surface style.,qwen3-vl-235b-a22b-instruct
eval_0208,sample_0868,pair_013,13,1,2,1012,native_SS,a Dutch blue-and-white Delftware vase,a Tunisian Qallaline faience vase,A,A,0,1,1,0,Blue-and-white scenic decoration and finish align with A-alone.,Blue-and-white painted landscape motif matches A-alone.,qwen3-vl-235b-a22b-instruct
eval_1611,sample_0237,pair_013,13,1,3,1013,lsda_clean,a Dutch blue-and-white Delftware vase,a Tunisian Qallaline faience vase,A,B,1,0,0,0,Blue-and-white landscape painting and border patterns mirror A-alone's material impression and ornament.,Turquoise glaze and floral motifs match B-alone's color system and decorative technique.,qwen3-vl-235b-a22b-instruct
eval_1314,sample_0237,pair_013,13,1,3,1013,native_SS,a Dutch blue-and-white Delftware vase,a Tunisian Qallaline faience vase,A,B,1,0,0,0,blue-and-white landscape scene with figures matches A-alone's pictorial motif,blue-and-white floral geometric pattern matches B-alone's ornamental style,qwen3-vl-235b-a22b-instruct
eval_0774,sample_0518,pair_013,13,2,1,2021,lsda_clean,a Dutch blue-and-white Delftware vase,a Tunisian Qallaline faience vase,A,B,1,0,0,0,Matches A-alone’s blue-and-white Delft-style painted scenery and smooth ceramic finish.,"Shares turquoise glaze, embossed floral texture, and metallic accent motifs with B-alone.",qwen3-vl-235b-a22b-instruct
eval_1442,sample_0518,pair_013,13,2,1,2021,native_SS,a Dutch blue-and-white Delftware vase,a Tunisian Qallaline faience vase,A,A,0,1,1,0,"Matches A-alone’s blue-and-white palette, painted landscape scene, and decorative banding.",Shares blue-and-white Delft-style painting and floral border motifs with A-alone.,qwen3-vl-235b-a22b-instruct
eval_0377,sample_0535,pair_013,13,2,2,2022,lsda_clean,a Dutch blue-and-white Delftware vase,a Tunisian Qallaline faience vase,A,A,0,1,1,0,"Matches A-alone’s blue-and-white palette, narrative scene style, and ornamental bands.",Shares blue-and-white Delft-style painting and floral border motifs with A-alone.,qwen3-vl-235b-a22b-instruct
eval_1554,sample_0535,pair_013,13,2,2,2022,native_SS,a Dutch blue-and-white Delftware vase,a Tunisian Qallaline faience vase,A,A,0,1,1,0,Identical blue-and-white landscape painting style and surface texture as A-alone.,Blue-and-white Delft-style painted motifs and glaze finish match A-alone.,qwen3-vl-235b-a22b-instruct
eval_0763,sample_0722,pair_013,13,2,3,2023,lsda_clean,a Dutch blue-and-white Delftware vase,a Tunisian Qallaline faience vase,A,B,1,0,0,0,matches blue-and-white painted landscape motif and smooth finish of A-alone,shares turquoise glaze and carved relief texture with B-alone,qwen3-vl-235b-a22b-instruct
eval_0489,sample_0722,pair_013,13,2,3,2023,native_SS,a Dutch blue-and-white Delftware vase,a Tunisian Qallaline faience vase,A,A,0,1,1,0,"Matches A-alone’s blue-and-white palette, painted scenery, and ornamental border patterns.",Shares blue-and-white Delft-style painted landscape and floral motifs with A-alone.,qwen3-vl-235b-a22b-instruct
eval_1679,sample_0003,pair_013,13,3,1,3031,lsda_clean,a Dutch blue-and-white Delftware vase,a Tunisian Qallaline faience vase,A,B,1,0,0,0,"Matches A-alone’s blue-and-white palette, painted landscape scene, and smooth ceramic finish.","Shares green glaze, textured relief, and geometric motifs with B-alone.",qwen3-vl-235b-a22b-instruct
eval_0096,sample_0003,pair_013,13,3,1,3031,native_SS,a Dutch blue-and-white Delftware vase,a Tunisian Qallaline faience vase,A,A,0,1,1,0,"Matches A-alone’s blue landscape scene, white ground, and painted decorative technique.",Shares blue-and-white Delft-style painting and floral border motifs with A-alone.,qwen3-vl-235b-a22b-instruct
eval_0600,sample_0123,pair_013,13,3,2,3032,lsda_clean,a Dutch blue-and-white Delftware vase,a Tunisian Qallaline faience vase,A,B,1,0,0,0,matches blue-and-white painted landscape and floral motifs of A-alone,shares turquoise glaze and geometric relief texture with B-alone,qwen3-vl-235b-a22b-instruct
eval_0060,sample_0123,pair_013,13,3,2,3032,native_SS,a Dutch blue-and-white Delftware vase,a Tunisian Qallaline faience vase,A,A,0,1,1,0,Matches A-alone’s blue-and-white landscape painting and decorative border patterns.,Shares blue-and-white Delft-style floral and figural motifs with A-alone.,qwen3-vl-235b-a22b-instruct
eval_0978,sample_0889,pair_013,13,3,3,3033,lsda_clean,a Dutch blue-and-white Delftware vase,a Tunisian Qallaline faience vase,A,B,1,0,0,0,"matches A-alone’s blue-and-white palette, painted landscape scenes, and floral border patterns","shares turquoise glaze, geometric motifs, and raised decorative technique with B-alone",qwen3-vl-235b-a22b-instruct
eval_0693,sample_0889,pair_013,13,3,3,3033,native_SS,a Dutch blue-and-white Delftware vase,a Tunisian Qallaline faience vase,A,A,0,1,1,0,Same blue-and-white landscape scene and decorative borders as A-alone.,Blue-and-white Delftware pattern with floral and figural motifs matches A-alone.,qwen3-vl-235b-a22b-instruct
eval_1222,sample_0442,pair_014,14,1,1,1011,lsda_clean,an Italian Renaissance maiolica plate,a French Nevers faience plate,A,B,1,0,0,0,Polychrome yellow-and-blue floral relief border and figural scene match A-alone's surface texture and color system.,Monochrome blue-and-white floral border and landscape scene match B-alone's surface style.,qwen3-vl-235b-a22b-instruct
eval_1503,sample_0442,pair_014,14,1,1,1011,native_SS,an Italian Renaissance maiolica plate,a French Nevers faience plate,B,B,0,1,0,1,Blue-and-white floral motif and tonal rendering align with B-alone’s decorative technique.,Monochrome blue-and-white floral border and landscape scene match B-alone’s surface style.,qwen3-vl-235b-a22b-instruct
eval_0697,sample_0416,pair_014,14,1,2,1012,lsda_clean,an Italian Renaissance maiolica plate,a French Nevers faience plate,B,B,0,1,0,1,Blue-and-white decorative technique and landscape motif align with B-alone.,Monochrome blue-and-white palette and floral border match B-alone’s surface style.,qwen3-vl-235b-a22b-instruct
eval_0125,sample_0416,pair_014,14,1,2,1012,native_SS,an Italian Renaissance maiolica plate,a French Nevers faience plate,B,B,0,1,0,1,blue-and-white transfer print with floral border matches B's color system and motifs,white plate with raised floral relief matches B's monochrome decorative technique,qwen3-vl-235b-a22b-instruct
eval_0568,sample_0219,pair_014,14,1,3,1013,lsda_clean,an Italian Renaissance maiolica plate,a French Nevers faience plate,A,B,1,0,0,0,Polychrome floral border with green/yellow/purple motifs matches A-alone's color system and ornament.,Monochrome blue floral border and landscape scene match B-alone's surface style.,qwen3-vl-235b-a22b-instruct
eval_1354,sample_0219,pair_014,14,1,3,1013,native_SS,an Italian Renaissance maiolica plate,a French Nevers faience plate,B,A,0,1,1,1,Blue monochrome pastoral scene and floral rim match B-alone's blue-and-white decorative technique and motif.,Green and gold floral border with polychrome landscape matches A-alone's color system and ornament.,qwen3-vl-235b-a22b-instruct
eval_0894,sample_0708,pair_014,14,2,1,2021,lsda_clean,an Italian Renaissance maiolica plate,a French Nevers faience plate,A,B,1,0,0,0,Ornate gold-accented border and landscape motif align with A-alone’s decorative finish.,Monochrome blue-and-white palette and floral border match B-alone’s surface style.,qwen3-vl-235b-a22b-instruct
eval_0111,sample_0708,pair_014,14,2,1,2021,native_SS,an Italian Renaissance maiolica plate,a French Nevers faience plate,A,B,1,0,0,0,polychrome figures with floral rim aligns with A-alone’s decorative technique and ornament palette,blue monochrome landscape with floral border matches B-alone's color system and motif style,qwen3-vl-235b-a22b-instruct
eval_1588,sample_0458,pair_014,14,2,2,2022,lsda_clean,an Italian Renaissance maiolica plate,a French Nevers faience plate,A,B,1,0,0,0,"Polychrome flowers, green ground, and gilded rim align with A-alone’s decorative finish.",Blue-and-white monochrome palette and floral border match B-alone’s surface style.,qwen3-vl-235b-a22b-instruct
eval_1000,sample_0458,pair_014,14,2,2,2022,native_SS,an Italian Renaissance maiolica plate,a French Nevers faience plate,A,B,1,0,0,0,"Polychrome flowers, green ground, and figurative scene align with A-alone's decorative texture.",Monochromatic blue-and-white palette and floral border match B-alone's surface style.,qwen3-vl-235b-a22b-instruct
eval_1162,sample_0837,pair_014,14,2,3,2023,lsda_clean,an Italian Renaissance maiolica plate,a French Nevers faience plate,A,B,1,0,0,0,"Polychrome floral border with green and yellow accents, matching A-alone's color system and ornament.","Monochrome blue transfer-printed landscape with architectural motif, matching B-alone's style.",qwen3-vl-235b-a22b-instruct
eval_0814,sample_0837,pair_014,14,2,3,2023,native_SS,an Italian Renaissance maiolica plate,a French Nevers faience plate,B,B,0,1,0,1,Identical blue monochrome rendering and ornamental framing as B-alone.,Monochrome blue-and-white palette and floral border match B-alone’s surface style.,qwen3-vl-235b-a22b-instruct
eval_0747,sample_0203,pair_014,14,3,1,3031,lsda_clean,an Italian Renaissance maiolica plate,a French Nevers faience plate,A,B,1,0,0,0,Polychrome floral rim with figural scene mirrors A-alone’s vibrant color system and motifs.,Monochrome blue floral border and landscape scene match B-alone's Delft-style finish.,qwen3-vl-235b-a22b-instruct
eval_0196,sample_0203,pair_014,14,3,1,3031,native_SS,an Italian Renaissance maiolica plate,a French Nevers faience plate,A,B,1,0,0,0,polychrome floral rim and figural scene with yellow/green/blue tones match A-alone's color system and ornament,monochrome blue-and-white floral border and landscape motif match B-alone's surface style,qwen3-vl-235b-a22b-instruct
eval_1252,sample_0730,pair_014,14,3,2,3032,lsda_clean,an Italian Renaissance maiolica plate,a French Nevers faience plate,A,B,1,0,0,0,Polychrome floral border and figural scene with green/yellow tones match A-alone.,Blue-and-white monochrome palette and floral scrollwork match B-alone.,qwen3-vl-235b-a22b-instruct
eval_1491,sample_0730,pair_014,14,3,2,3032,native_SS,an Italian Renaissance maiolica plate,a French Nevers faience plate,A,B,1,0,0,0,"Polychrome glaze, fruit motifs, and ornate border align with A-alone’s decorative finish.",Monochromatic blue-and-white palette and floral scrollwork match B-alone's surface style.,qwen3-vl-235b-a22b-instruct
eval_0462,sample_0371,pair_014,14,3,3,3033,lsda_clean,an Italian Renaissance maiolica plate,a French Nevers faience plate,A,B,1,0,0,0,Yellow-and-green rim with polychrome floral motifs aligns with A-alone’s decorative finish.,Blue-and-white monochrome palette and floral border match B-alone’s surface style.,qwen3-vl-235b-a22b-instruct
eval_0526,sample_0371,pair_014,14,3,3,3033,native_SS,an Italian Renaissance maiolica plate,a French Nevers faience plate,A,B,1,0,0,0,Polychrome floral motifs and green-yellow border match A-alone’s color system and ornament.,Monochrome blue-on-white with floral border matches B-alone's palette and technique.,qwen3-vl-235b-a22b-instruct
eval_0842,sample_0874,pair_015,15,1,1,1011,lsda_clean,an Italian Renaissance maiolica vase,a Spanish Manises lusterware vase,A,B,1,0,0,0,matches A's blue-and-white palette and figural pattern,shares B's polychrome floral motifs and gilded accents,qwen3-vl-235b-a22b-instruct
eval_1577,sample_0874,pair_015,15,1,1,1011,native_SS,an Italian Renaissance maiolica vase,a Spanish Manises lusterware vase,B,A,0,1,1,1,"Matches B-alone’s polychrome figural scenes, gilding, and ornate border patterns.",Shares blue-and-white palette and floral/geometric motifs with A-alone.,qwen3-vl-235b-a22b-instruct
eval_0663,sample_0507,pair_015,15,1,2,1012,lsda_clean,an Italian Renaissance maiolica vase,a Spanish Manises lusterware vase,A,B,1,0,0,0,Painted figural scenes with green-blue palette and floral borders align with A-alone.,Rich gold gilding and ornate blue motifs match B-alone's surface decoration.,qwen3-vl-235b-a22b-instruct
eval_1550,sample_0507,pair_015,15,1,2,1012,native_SS,an Italian Renaissance maiolica vase,a Spanish Manises lusterware vase,A,B,1,0,0,0,blue-ground figural panel with green foliage and matte glaze matches A-alone's decorative system,metallic gold luster and ornate gilded motifs match B-alone's surface finish,qwen3-vl-235b-a22b-instruct
eval_1356,sample_0368,pair_015,15,1,3,1013,lsda_clean,an Italian Renaissance maiolica vase,a Spanish Manises lusterware vase,A,B,1,0,0,0,Vibrant blue ground with floral and human motifs aligns with A-alone's color system and ornament.,Gold accents and figural scene style match B-alone's surface decoration.,qwen3-vl-235b-a22b-instruct
eval_0095,sample_0368,pair_015,15,1,3,1013,native_SS,an Italian Renaissance maiolica vase,a Spanish Manises lusterware vase,B,B,0,1,0,1,white ground with blue floral motifs and gold trim aligns with B-alone’s color system and ornament,blue glaze with gilded ornamental relief matches B-alone's metallic finish and decorative technique,qwen3-vl-235b-a22b-instruct
eval_0560,sample_0818,pair_015,15,2,1,2021,lsda_clean,an Italian Renaissance maiolica vase,a Spanish Manises lusterware vase,A,B,1,0,0,0,monochromatic blue-and-white landscape motif and crisp line work align with A-alone's Delftware aesthetic,rich polychrome painting with gold accents and pastoral scenes matches B-alone's ornate enamel style,qwen3-vl-235b-a22b-instruct
eval_0538,sample_0818,pair_015,15,2,1,2021,native_SS,an Italian Renaissance maiolica vase,a Spanish Manises lusterware vase,B,B,0,1,0,1,gilded scrollwork and dark ground color echo B-alone’s opulent finish,gold ornate texture and floral motifs match B-alone's decorative richness,qwen3-vl-235b-a22b-instruct
eval_0205,sample_0879,pair_015,15,2,2,2022,lsda_clean,an Italian Renaissance maiolica vase,a Spanish Manises lusterware vase,A,B,1,0,0,0,Matches A's figural narrative panel and green-accented border ornament.,Shares B's gold-ground floral motifs and rich enamel finish.,qwen3-vl-235b-a22b-instruct
eval_1704,sample_0879,pair_015,15,2,2,2022,native_SS,an Italian Renaissance maiolica vase,a Spanish Manises lusterware vase,A,B,1,0,0,0,figural scene with green borders and earthy tones mirrors A-alone’s narrative painting and color palette,"gold-on-blue floral scrollwork and gilded finish match B-alone's ornate, metallic decorative style",qwen3-vl-235b-a22b-instruct
eval_1566,sample_0471,pair_015,15,2,3,2023,lsda_clean,an Italian Renaissance maiolica vase,a Spanish Manises lusterware vase,B,B,0,1,0,1,"Matches B-alone’s cobalt blue base, gold scrollwork, and enamel finish despite smaller scale.","Shares deep blue ground, heavy gold gilding, and ornate foliate motifs with B-alone.",qwen3-vl-235b-a22b-instruct
eval_1713,sample_0471,pair_015,15,2,3,2023,native_SS,an Italian Renaissance maiolica vase,a Spanish Manises lusterware vase,B,B,0,1,0,1,rich cobalt blue with gold scrollwork mirrors B-alone’s decorative finish,gold-leaf motifs and dark blue ground match B-alone's ornate gilded surface,qwen3-vl-235b-a22b-instruct
eval_1396,sample_0635,pair_015,15,3,1,3031,lsda_clean,an Italian Renaissance maiolica vase,a Spanish Manises lusterware vase,A,B,1,0,0,0,blue-bordered figural scenes and polychrome painted motifs align with A-alone's decorative scheme,gold ground with floral enamel and gilded scrollwork matches B-alone's surface style,qwen3-vl-235b-a22b-instruct
eval_1756,sample_0635,pair_015,15,3,1,3031,native_SS,an Italian Renaissance maiolica vase,a Spanish Manises lusterware vase,B,B,0,1,0,1,ornate gilded scrollwork on turquoise ground matches B-alone,gold-ground floral motifs and enamel finish match B-alone,qwen3-vl-235b-a22b-instruct
eval_0690,sample_0243,pair_015,15,3,2,3032,lsda_clean,an Italian Renaissance maiolica vase,a Spanish Manises lusterware vase,A,B,1,0,0,0,vibrant polychrome floral painting on yellow-green glaze matches A-alone's majolica technique,metallic gold ground with blue floral motifs matches B-alone's lusterware style,qwen3-vl-235b-a22b-instruct
eval_1416,sample_0243,pair_015,15,3,2,3032,native_SS,an Italian Renaissance maiolica vase,a Spanish Manises lusterware vase,B,B,0,1,0,1,Matches B-alone’s ornate engraved patterns and dark metallic sheen.,Shares metallic gold finish and floral etching style with B-alone.,qwen3-vl-235b-a22b-instruct
eval_1030,sample_0131,pair_015,15,3,3,3033,lsda_clean,an Italian Renaissance maiolica vase,a Spanish Manises lusterware vase,A,B,1,0,0,0,blue-and-yellow palette with stylized floral and figural motifs aligns with A-alone's surface design,rich polychrome figural scenes and ornate borders match B-alone's narrative decoration,qwen3-vl-235b-a22b-instruct
eval_0703,sample_0131,pair_015,15,3,3,3033,native_SS,an Italian Renaissance maiolica vase,a Spanish Manises lusterware vase,B,A,0,1,1,1,Matches B-alone’s polychrome narrative scenes and ornate border patterns.,Shares blue-and-gold palette and floral/figural motifs with A-alone.,qwen3-vl-235b-a22b-instruct
eval_1753,sample_0060,pair_016,16,1,1,1011,lsda_clean,a Mexican Talavera de Puebla plate,a Romanian Horezu pottery plate,A,B,1,0,0,0,"matches A's vibrant multicolor flowers, dense border pattern, and glossy finish",shares B's floral motif style and soft pastel color palette on deep blue ground,qwen3-vl-235b-a22b-instruct
eval_1746,sample_0060,pair_016,16,1,1,1011,native_SS,a Mexican Talavera de Puebla plate,a Romanian Horezu pottery plate,A,B,1,0,0,0,"matches A's vibrant, saturated flower colors and dense border pattern",shares B's floral motif style and soft pastel color palette on deep blue ground,qwen3-vl-235b-a22b-instruct
eval_1791,sample_0742,pair_016,16,1,2,1012,lsda_clean,a Mexican Talavera de Puebla plate,a Romanian Horezu pottery plate,A,B,1,0,0,0,"matches vibrant colors, bold blue rim, and dense floral motifs of A-alone",shares earthy background and muted floral palette with B-alone,qwen3-vl-235b-a22b-instruct
eval_1102,sample_0742,pair_016,16,1,2,1012,native_SS,a Mexican Talavera de Puebla plate,a Romanian Horezu pottery plate,A,B,1,0,0,0,"matches A-alone’s bright multicolor flowers, bold blue rim, and glossy finish",shares muted earthy background and soft floral brushwork with B-alone,qwen3-vl-235b-a22b-instruct
eval_0652,sample_0704,pair_016,16,1,3,1013,lsda_clean,a Mexican Talavera de Puebla plate,a Romanian Horezu pottery plate,A,B,1,0,0,0,"matches A's cream base, bold blue rim, and vibrant yellow-blue flower clusters",shares B's green background and soft pastel floral motifs with raised glaze texture,qwen3-vl-235b-a22b-instruct
eval_0165,sample_0704,pair_016,16,1,3,1013,native_SS,a Mexican Talavera de Puebla plate,a Romanian Horezu pottery plate,A,B,1,0,0,0,"matches A's cream background, bold blue rim, and dense polychrome floral pattern","shares B's green glaze base and organic floral motifs with soft, raised texture",qwen3-vl-235b-a22b-instruct
eval_1372,sample_0152,pair_016,16,2,1,2021,lsda_clean,a Mexican Talavera de Puebla plate,a Romanian Horezu pottery plate,A,B,1,0,0,0,matches A's bold blue floral center and dotted border pattern,shares B's orange fruit motifs and loose brushwork texture,qwen3-vl-235b-a22b-instruct
eval_0506,sample_0152,pair_016,16,2,1,2021,native_SS,a Mexican Talavera de Puebla plate,a Romanian Horezu pottery plate,A,B,1,0,0,0,"matches A's bold blue border, dotted rim, and stylized plant forms with similar color blocking",shares B's dense floral motif and painterly brushwork with orange/blue/green palette,qwen3-vl-235b-a22b-instruct
eval_0123,sample_0069,pair_016,16,2,2,2022,lsda_clean,a Mexican Talavera de Puebla plate,a Romanian Horezu pottery plate,A,B,1,0,0,0,"shares A-alone's bold blue border, dense scattered florals, and high-contrast enamel finish",matches B-alone's earthy rim and central floral bouquet with similar brushwork and color saturation,qwen3-vl-235b-a22b-instruct
eval_1148,sample_0069,pair_016,16,2,2,2022,native_SS,a Mexican Talavera de Puebla plate,a Romanian Horezu pottery plate,A,B,1,0,0,0,"matches A's bold blue border and dense, colorful botanical motifs",shares B's earthy rim and floral arrangement with central bouquet,qwen3-vl-235b-a22b-instruct
eval_0761,sample_0705,pair_016,16,2,3,2023,lsda_clean,a Mexican Talavera de Puebla plate,a Romanian Horezu pottery plate,A,B,1,0,0,0,matches A's bold blue border and vibrant primary flower colors,shares B's dense floral motif and earthy color palette with pink accents,qwen3-vl-235b-a22b-instruct
eval_1310,sample_0705,pair_016,16,2,3,2023,native_SS,a Mexican Talavera de Puebla plate,a Romanian Horezu pottery plate,A,B,1,0,0,0,"matches A's bold blue rim, saturated primary colors, and crisp floral outlines","shares B's softer, more blended brushwork and pastel pink accents",qwen3-vl-235b-a22b-instruct
eval_1042,sample_0309,pair_016,16,3,1,3031,lsda_clean,a Mexican Talavera de Puebla plate,a Romanian Horezu pottery plate,A,B,1,0,0,0,plate matches A's bold blue rim and stylized flower patterns,vase shares B's dense floral motifs and dark glaze finish,qwen3-vl-235b-a22b-instruct
eval_0354,sample_0309,pair_016,16,3,1,3031,native_SS,a Mexican Talavera de Puebla plate,a Romanian Horezu pottery plate,A,B,1,0,0,0,plate shares A's bold blue rim and stylized poppy-like flower palette,vase shares B's earthy rim texture and dense floral motif density,qwen3-vl-235b-a22b-instruct
eval_0801,sample_0632,pair_016,16,3,2,3032,lsda_clean,a Mexican Talavera de Puebla plate,a Romanian Horezu pottery plate,A,B,1,0,0,0,"matches vibrant multicolor flowers, blue rim, and glossy finish of A-alone","shares earthy tones, radial floral motif, and matte glaze with B-alone",qwen3-vl-235b-a22b-instruct
eval_0897,sample_0632,pair_016,16,3,2,3032,native_SS,a Mexican Talavera de Puebla plate,a Romanian Horezu pottery plate,A,B,1,0,0,0,"matches vibrant color palette, glossy glaze, and dense floral pattern of A-alone","shares earthy tones, matte finish, and geometric floral motif with B-alone",qwen3-vl-235b-a22b-instruct
eval_1302,sample_0843,pair_016,16,3,3,3033,lsda_clean,a Mexican Talavera de Puebla plate,a Romanian Horezu pottery plate,A,A,0,1,1,0,"Matches A's color palette, dense floral patterns, and painted glaze texture.","Shares A's bright floral motifs, bold blue outlines, and glossy ceramic finish.",qwen3-vl-235b-a22b-instruct
eval_0990,sample_0843,pair_016,16,3,3,3033,native_SS,a Mexican Talavera de Puebla plate,a Romanian Horezu pottery plate,A,B,1,0,0,0,"matches A-alone’s bold blue border, yellow accents, and dense floral pattern",shares earthy rim texture and green-ground floral motif with B-alone,qwen3-vl-235b-a22b-instruct
eval_1172,sample_0709,pair_017,17,1,1,1011,lsda_clean,an Ottoman İznik ceramic plate,an Armenian Kütahya ceramic plate,A,B,1,0,0,0,Matches A-alone’s intricate scrolling vines and softer pastel accents within deep blue field.,Shares bold floral motifs and saturated blue-orange palette with B-alone.,qwen3-vl-235b-a22b-instruct
eval_0709,sample_0709,pair_017,17,1,1,1011,native_SS,an Ottoman İznik ceramic plate,an Armenian Kütahya ceramic plate,A,B,1,0,0,0,shares dense blue-and-white floral patterns and underglaze cobalt finish with A-alone,shares vibrant polychrome floral motifs and rich glaze texture with B-alone,qwen3-vl-235b-a22b-instruct
eval_0368,sample_0596,pair_017,17,1,2,1012,lsda_clean,an Ottoman İznik ceramic plate,an Armenian Kütahya ceramic plate,A,B,1,0,0,0,"mirrors A's lighter turquoise tones, white background, and brownish-gold floral details",shares B's dense floral motifs and warm yellow/orange accents against deep blue,qwen3-vl-235b-a22b-instruct
eval_0034,sample_0596,pair_017,17,1,2,1012,native_SS,an Ottoman İznik ceramic plate,an Armenian Kütahya ceramic plate,A,B,1,0,0,0,blue-and-white floral pattern matches A-alone’s color system and motif density,white plate has embossed floral texture like B-alone's raised ornamental detail,qwen3-vl-235b-a22b-instruct
eval_0731,sample_0320,pair_017,17,1,3,1013,lsda_clean,an Ottoman İznik ceramic plate,an Armenian Kütahya ceramic plate,A,B,1,0,0,0,dense blue-and-white geometric floral pattern mirrors A-alone's design,vibrant floral motifs with orange/yellow petals and green leaves match B-alone,qwen3-vl-235b-a22b-instruct
eval_0976,sample_0320,pair_017,17,1,3,1013,native_SS,an Ottoman İznik ceramic plate,an Armenian Kütahya ceramic plate,A,B,1,0,0,0,"Features dense blue-and-white geometric-floral patterns with symmetrical layout, mirroring A-alone’s motif and finish.","Uses warm floral motifs with orange, yellow, and green against blue, matching B-alone’s color system and decorative style.",qwen3-vl-235b-a22b-instruct
eval_1680,sample_0171,pair_017,17,2,1,2021,lsda_clean,an Ottoman İznik ceramic plate,an Armenian Kütahya ceramic plate,A,B,1,0,0,0,matches A's blue-and-white geometric medallion and restrained color palette,shares B's orange-red floral motifs and dense polychrome border pattern,qwen3-vl-235b-a22b-instruct
eval_0724,sample_0171,pair_017,17,2,1,2021,native_SS,an Ottoman İznik ceramic plate,an Armenian Kütahya ceramic plate,A,B,1,0,0,0,"matches A's cooler blue-green palette and simpler, sparser vine pattern on rim","shares B's warmer orange-red floral accents and denser, multi-color border motifs",qwen3-vl-235b-a22b-instruct
eval_0047,sample_0043,pair_017,17,2,2,2022,lsda_clean,an Ottoman İznik ceramic plate,an Armenian Kütahya ceramic plate,A,B,1,0,0,0,"matches A's geometric medallion, cobalt blue field, and stylized daisy pattern",shares B's floral motifs and green-blue palette with naturalistic leaves,qwen3-vl-235b-a22b-instruct
eval_0648,sample_0043,pair_017,17,2,2,2022,native_SS,an Ottoman İznik ceramic plate,an Armenian Kütahya ceramic plate,A,B,1,0,0,0,mirrors A's geometric radial patterns and dominant cobalt blue with white accents,shares B's floral motifs and vibrant color palette with green leaves and blue petals,qwen3-vl-235b-a22b-instruct
eval_0563,sample_0870,pair_017,17,2,3,2023,lsda_clean,an Ottoman İznik ceramic plate,an Armenian Kütahya ceramic plate,A,B,1,0,0,0,mirrors A's geometric lattice pattern and restrained blue-red-green color system,shares B's dense floral motifs and vibrant polychrome palette with green accents,qwen3-vl-235b-a22b-instruct
eval_1512,sample_0870,pair_017,17,2,3,2023,native_SS,an Ottoman İznik ceramic plate,an Armenian Kütahya ceramic plate,A,B,1,0,0,0,matches A-alone’s intricate geometric-floral pattern and color distribution,shares dense floral motifs and blue-white palette with B-alone,qwen3-vl-235b-a22b-instruct
eval_1492,sample_0781,pair_017,17,3,1,3031,lsda_clean,an Ottoman İznik ceramic plate,an Armenian Kütahya ceramic plate,A,B,1,0,0,0,matches A's radial blue-and-orange pattern and border design,shares B's dense floral motifs and red-orange center accent,qwen3-vl-235b-a22b-instruct
eval_0269,sample_0781,pair_017,17,3,1,3031,native_SS,an Ottoman İznik ceramic plate,an Armenian Kütahya ceramic plate,A,B,1,0,0,0,matches A's blue-and-white radial pattern and border design,shares B's dense floral motifs and orange-red center accents,qwen3-vl-235b-a22b-instruct
eval_1078,sample_0845,pair_017,17,3,2,3032,lsda_clean,an Ottoman İznik ceramic plate,an Armenian Kütahya ceramic plate,A,B,1,0,0,0,Matches A's dominant cobalt blue floral patterns and dense geometric border design.,Shares B's vibrant red-orange floral motifs and green foliage against white ground.,qwen3-vl-235b-a22b-instruct
eval_1733,sample_0845,pair_017,17,3,2,3032,native_SS,an Ottoman İznik ceramic plate,an Armenian Kütahya ceramic plate,A,B,1,0,0,0,"Matches A's dominant cobalt blue palette, geometric symmetry, and fine-line underglaze decoration.","Shares B's vibrant red-orange floral motifs and dense, naturalistic botanical texture.",qwen3-vl-235b-a22b-instruct
eval_1330,sample_0761,pair_017,17,3,3,3033,lsda_clean,an Ottoman İznik ceramic plate,an Armenian Kütahya ceramic plate,A,B,1,0,0,0,"matches A's cool blue palette, white ground, and turquoise banding",shares B's warm-toned rim and dense floral motifs with orange accents,qwen3-vl-235b-a22b-instruct
eval_0740,sample_0761,pair_017,17,3,3,3033,native_SS,an Ottoman İznik ceramic plate,an Armenian Kütahya ceramic plate,B,B,0,1,0,1,"Matches B's color palette, radial symmetry, and ornate floral border design.",Shares B's vibrant red-orange floral motifs and dense polychrome pattern.,qwen3-vl-235b-a22b-instruct
eval_0995,sample_0783,pair_018,18,1,1,1011,lsda_clean,a Moroccan Fes ceramic bowl,an Algerian Kabyle pottery bowl,A,B,1,0,0,0,Matches A's vibrant cobalt blue field and repeating diamond/square mosaic pattern.,Shares B's earthy terracotta base and geometric triangular motifs with white accents.,qwen3-vl-235b-a22b-instruct
eval_0172,sample_0783,pair_018,18,1,1,1011,native_SS,a Moroccan Fes ceramic bowl,an Algerian Kabyle pottery bowl,B,B,0,1,0,1,features similar matte terracotta finish and angular black/white pattern language as B-alone,shares earthy clay body and geometric black/white/brown painted motifs with B-alone,qwen3-vl-235b-a22b-instruct
eval_1580,sample_0582,pair_018,18,1,2,1012,lsda_clean,a Moroccan Fes ceramic bowl,an Algerian Kabyle pottery bowl,A,B,1,0,0,0,Floral motifs with blue/white glaze and glossy finish match A-alone.,Geometric patterns with earthy tones and matte finish match B-alone.,qwen3-vl-235b-a22b-instruct
eval_0513,sample_0582,pair_018,18,1,2,1012,native_SS,a Moroccan Fes ceramic bowl,an Algerian Kabyle pottery bowl,B,B,0,1,0,1,matt earth-toned finish and angular motifs align with B-alone,earthenware texture and geometric banding match B-alone,qwen3-vl-235b-a22b-instruct
eval_1653,sample_0231,pair_018,18,1,3,1013,lsda_clean,a Moroccan Fes ceramic bowl,an Algerian Kabyle pottery bowl,A,B,1,0,0,0,vibrant blue ground with radial floral motif matches A-alone,geometric patterns and earthy color palette match B-alone,qwen3-vl-235b-a22b-instruct
eval_0874,sample_0231,pair_018,18,1,3,1013,native_SS,a Moroccan Fes ceramic bowl,an Algerian Kabyle pottery bowl,A,B,1,0,0,0,mirrors vibrant blue/yellow palette and starburst motif of A-alone,shares earthy geometric patterns and matte finish with B-alone,qwen3-vl-235b-a22b-instruct
eval_0285,sample_0649,pair_018,18,2,1,2021,lsda_clean,a Moroccan Fes ceramic bowl,an Algerian Kabyle pottery bowl,A,B,1,0,0,0,vibrant turquoise glaze and floral motifs match A-alone,geometric patterns and earthy color palette match B-alone,qwen3-vl-235b-a22b-instruct
eval_0890,sample_0649,pair_018,18,2,1,2021,native_SS,a Moroccan Fes ceramic bowl,an Algerian Kabyle pottery bowl,B,B,0,1,0,1,matches B-alone’s angular patterns and matte finish,shares earthy tones and geometric motifs with B-alone,qwen3-vl-235b-a22b-instruct
eval_0635,sample_0059,pair_018,18,2,2,2022,lsda_clean,a Moroccan Fes ceramic bowl,an Algerian Kabyle pottery bowl,A,B,1,0,0,0,vibrant multicolor tile-like motifs and glaze finish align with A-alone,geometric patterns and earthy tones match B-alone's surface style,qwen3-vl-235b-a22b-instruct
eval_0364,sample_0059,pair_018,18,2,2,2022,native_SS,a Moroccan Fes ceramic bowl,an Algerian Kabyle pottery bowl,B,B,0,1,0,1,Matches B-alone’s monochrome linear patterns and unglazed ceramic texture.,"Shares earthy tones, matte finish, and geometric black-on-cream motifs with B-alone.",qwen3-vl-235b-a22b-instruct
eval_1341,sample_0066,pair_018,18,2,3,2023,lsda_clean,a Moroccan Fes ceramic bowl,an Algerian Kabyle pottery bowl,A,B,1,0,0,0,"white ground with black, red, and blue floral/geometric motifs and glossy finish like A-alone",earth-toned glaze with geometric diamond patterns and matte finish like B-alone,qwen3-vl-235b-a22b-instruct
eval_1635,sample_0066,pair_018,18,2,3,2023,native_SS,a Moroccan Fes ceramic bowl,an Algerian Kabyle pottery bowl,A,B,1,0,0,0,"Matches A-alone’s white ground, dense polychrome floral/linear patterns, and black accents.",Shares earthy clay base and geometric triangular motifs with B-alone.,qwen3-vl-235b-a22b-instruct
eval_0147,sample_0016,pair_018,18,3,1,3031,lsda_clean,a Moroccan Fes ceramic bowl,an Algerian Kabyle pottery bowl,A,B,1,0,0,0,blue star motifs and intricate line work mirror A-alone,geometric patterns and earthy color palette match B-alone,qwen3-vl-235b-a22b-instruct
eval_1468,sample_0016,pair_018,18,3,1,3031,native_SS,a Moroccan Fes ceramic bowl,an Algerian Kabyle pottery bowl,B,B,0,1,0,1,"Matches B-alone’s angular patterns and matte, rustic finish.",Shares earthy tones and geometric motifs with B-alone.,qwen3-vl-235b-a22b-instruct
eval_1724,sample_0473,pair_018,18,3,2,3032,lsda_clean,a Moroccan Fes ceramic bowl,an Algerian Kabyle pottery bowl,A,B,1,0,0,0,Matches A-alone’s vibrant polychrome palette and intricate floral-geometric patterns.,Shares earthy tones and geometric black/white/orange motifs with B-alone.,qwen3-vl-235b-a22b-instruct
eval_0182,sample_0473,pair_018,18,3,2,3032,native_SS,a Moroccan Fes ceramic bowl,an Algerian Kabyle pottery bowl,A,B,1,0,0,0,colorful mosaic-like pattern with blue accents and glossy finish resemble A-alone,geometric black/ochre motifs and matte earthy finish match B-alone,qwen3-vl-235b-a22b-instruct
eval_0756,sample_0559,pair_018,18,3,3,3033,lsda_clean,a Moroccan Fes ceramic bowl,an Algerian Kabyle pottery bowl,B,B,0,1,0,1,"Matches B-alone’s angular patterns, color palette, and painted texture.","Shares earthy tones, geometric motifs, and matte finish with B-alone.",qwen3-vl-235b-a22b-instruct
eval_1774,sample_0559,pair_018,18,3,3,3033,native_SS,a Moroccan Fes ceramic bowl,an Algerian Kabyle pottery bowl,B,B,0,1,0,1,Matches B-alone’s carved linear motifs and unglazed terracotta texture.,Shares earthy matte finish and geometric banding with B-alone.,qwen3-vl-235b-a22b-instruct
eval_1651,sample_0350,pair_019,19,1,1,1011,lsda_clean,a Japanese Raku tea bowl,a Japanese Onta ware bowl,A,B,1,0,0,0,"crackle glaze, dark abstract patterns, and fiery red interior match A-alone",white ground with ink-wash landscape painting and thin brown rim matches B-alone,qwen3-vl-235b-a22b-instruct
eval_1609,sample_0350,pair_019,19,1,1,1011,native_SS,a Japanese Raku tea bowl,a Japanese Onta ware bowl,A,B,1,0,0,0,matches A-alone’s crackled black-and-white surface with fiery red rim,shares creamy off-white glaze and subtle brown linear texture with B-alone,qwen3-vl-235b-a22b-instruct
eval_0420,sample_0642,pair_019,19,1,2,1012,lsda_clean,a Japanese Raku tea bowl,a Japanese Onta ware bowl,A,B,1,0,0,0,"matches crackled glaze, cloud motifs, and dark glossy finish of A-alone",shares muted earth tones and ink-wash landscape motif with B-alone,qwen3-vl-235b-a22b-instruct
eval_0510,sample_0642,pair_019,19,1,2,1012,native_SS,a Japanese Raku tea bowl,a Japanese Onta ware bowl,A,B,1,0,0,0,crackled dark surface with cloud-like motifs matches A-alone’s atmospheric texture,matte earthy glaze with subtle brushwork echoes B-alone's landscape style,qwen3-vl-235b-a22b-instruct
eval_0884,sample_0226,pair_019,19,1,3,1013,lsda_clean,a Japanese Raku tea bowl,a Japanese Onta ware bowl,A,B,1,0,0,0,"glossy dark ground with red floral motif, mirroring A-alone's decorative style","matte earthy brown glaze with subtle wear, matching B-alone's finish and tone",qwen3-vl-235b-a22b-instruct
eval_0404,sample_0226,pair_019,19,1,3,1013,native_SS,a Japanese Raku tea bowl,a Japanese Onta ware bowl,A,B,1,0,0,0,dark blue base with floral motif matches A-alone,earthy brown glaze with rustic texture matches B-alone,qwen3-vl-235b-a22b-instruct
eval_0527,sample_0257,pair_019,19,2,1,2021,lsda_clean,a Japanese Raku tea bowl,a Japanese Onta ware bowl,A,B,1,0,0,0,"matches A's dark mottled glaze, rust tones, and landscape painting style","shares B's light ground, fine brushwork, and tree motif with linear border",qwen3-vl-235b-a22b-instruct
eval_0068,sample_0257,pair_019,19,2,1,2021,native_SS,a Japanese Raku tea bowl,a Japanese Onta ware bowl,B,A,0,1,1,1,Creamy off-white interior and black rim with tree silhouettes match B-alone's decorative texture.,Dark glaze with gold/ochre landscape motif matches A-alone's surface style.,qwen3-vl-235b-a22b-instruct
eval_1557,sample_0404,pair_019,19,2,2,2022,lsda_clean,a Japanese Raku tea bowl,a Japanese Onta ware bowl,A,B,1,0,0,0,matches A-alone’s figural decoration and rust-orange patina,shares landscape motif and ink-wash texture with B-alone,qwen3-vl-235b-a22b-instruct
eval_1799,sample_0404,pair_019,19,2,2,2022,native_SS,a Japanese Raku tea bowl,a Japanese Onta ware bowl,A,A,0,1,1,0,"exhibits similar dark, textured glaze with metallic flecks as A-alone","shares mottled, rustic glaze texture and earthy color palette with A-alone",qwen3-vl-235b-a22b-instruct
eval_1188,sample_0698,pair_019,19,2,3,2023,lsda_clean,a Japanese Raku tea bowl,a Japanese Onta ware bowl,A,B,1,0,0,0,shares A's dark crackled glaze and scattered red blossom pattern,matches B's floral motif and geometric banding with similar glaze texture,qwen3-vl-235b-a22b-instruct
eval_1565,sample_0698,pair_019,19,2,3,2023,native_SS,a Japanese Raku tea bowl,a Japanese Onta ware bowl,A,B,1,0,0,0,glossy dark blue-black surface with mottled highlights echoes A-alone's lustrous depth,matte earthy glaze with subtle metallic sheen matches B-alone's rustic finish,qwen3-vl-235b-a22b-instruct
eval_1336,sample_0593,pair_019,19,3,1,3031,lsda_clean,a Japanese Raku tea bowl,a Japanese Onta ware bowl,A,B,1,0,0,0,shares dark mottled glaze and textured surface with A-alone,features landscape motif and ochre/cream color band like B-alone,qwen3-vl-235b-a22b-instruct
eval_0121,sample_0593,pair_019,19,3,1,3031,native_SS,a Japanese Raku tea bowl,a Japanese Onta ware bowl,A,B,1,0,0,0,deep blue-black glaze with textured surface resembles A-alone's material impression,crackle glaze and earthy tones match B-alone's decorative finish,qwen3-vl-235b-a22b-instruct
eval_1289,sample_0435,pair_019,19,3,2,3032,lsda_clean,a Japanese Raku tea bowl,a Japanese Onta ware bowl,A,B,1,0,0,0,"matches A-alone’s vibrant red foliage, dark glossy glaze, and dramatic sky gradient","shares muted earth tones, monochrome landscape motif, and geometric border with B-alone",qwen3-vl-235b-a22b-instruct
eval_0199,sample_0435,pair_019,19,3,2,3032,native_SS,a Japanese Raku tea bowl,a Japanese Onta ware bowl,A,B,1,0,0,0,"vibrant red foliage motif on dark ground, echoing A-alone’s painted landscape style","matte dark glaze with subtle earthy gradient, matching B-alone's finish and tone",qwen3-vl-235b-a22b-instruct
eval_0921,sample_0425,pair_019,19,3,3,3033,lsda_clean,a Japanese Raku tea bowl,a Japanese Onta ware bowl,A,B,1,0,0,0,"matches A-alone’s dark crackled glaze, orange interior, and pine/bird motifs","shares cream base, ink-wash landscape motif, and brushed texture with B-alone",qwen3-vl-235b-a22b-instruct
eval_1797,sample_0425,pair_019,19,3,3,3033,native_SS,a Japanese Raku tea bowl,a Japanese Onta ware bowl,B,A,0,1,1,1,"matches B-alone’s earthy tone, painted landscape motif, and matte finish","shares crackled glaze and dark, organic brushwork with A-alone",qwen3-vl-235b-a22b-instruct
eval_0592,sample_0610,pair_020,20,1,1,1011,lsda_clean,a Polish Bolesławiec stoneware jug,a Bulgarian Troyan pottery jug,A,B,1,0,0,0,floral motifs and blue-on-cream palette mirror A-alone's decorative system,figural scenes and geometric borders match B-alone's narrative style,qwen3-vl-235b-a22b-instruct
eval_1662,sample_0610,pair_020,20,1,1,1011,native_SS,a Polish Bolesławiec stoneware jug,a Bulgarian Troyan pottery jug,B,B,0,1,0,1,"Matches B-alone’s figural style, color palette, and decorative bands.","Shares reddish-brown figures, black outlines, and narrative scenes with B-alone.",qwen3-vl-235b-a22b-instruct
eval_0553,sample_0706,pair_020,20,1,2,1012,lsda_clean,a Polish Bolesławiec stoneware jug,a Bulgarian Troyan pottery jug,A,B,1,0,0,0,figurative black-figure style and swirling motifs match A-alone,geometric patterns and earthy color palette match B-alone,qwen3-vl-235b-a22b-instruct
eval_0851,sample_0706,pair_020,20,1,2,1012,native_SS,a Polish Bolesławiec stoneware jug,a Bulgarian Troyan pottery jug,A,B,1,0,0,0,figurative black-figure style with swirling motifs mirrors A-alone’s decorative technique,matte earthy finish and minimal geometric bands match B-alone’s texture and ornament,qwen3-vl-235b-a22b-instruct
eval_1438,sample_0566,pair_020,20,1,3,1013,lsda_clean,a Polish Bolesławiec stoneware jug,a Bulgarian Troyan pottery jug,A,B,1,0,0,0,"Matches A's blue glaze, floral patterns, and incised decorative technique.",Shares B's geometric motifs and earth-toned painted finish on terracotta.,qwen3-vl-235b-a22b-instruct
eval_0381,sample_0566,pair_020,20,1,3,1013,native_SS,a Polish Bolesławiec stoneware jug,a Bulgarian Troyan pottery jug,B,B,0,1,0,1,matt earth-tone finish and linear banding resemble B-alone’s surface style,earthenware texture and incised geometric motifs match B-alone,qwen3-vl-235b-a22b-instruct
eval_1709,sample_0356,pair_020,20,2,1,2021,lsda_clean,a Polish Bolesławiec stoneware jug,a Bulgarian Troyan pottery jug,A,B,1,0,0,0,"Matches A's blue-and-white palette, landscape scene, and brushwork texture.","Shares B's reddish-brown clay, black-figure style, and narrative figural motifs.",qwen3-vl-235b-a22b-instruct
eval_1417,sample_0356,pair_020,20,2,1,2021,native_SS,a Polish Bolesławiec stoneware jug,a Bulgarian Troyan pottery jug,A,B,1,0,0,0,"blue-and-white landscape scene with painted detailing resembles A-alone’s narrative, illustrative decoration","dark brown glaze with incised linear motifs matches B-alone’s earthy, geometric surface treatment",qwen3-vl-235b-a22b-instruct
eval_0621,sample_0369,pair_020,20,2,2,2022,lsda_clean,a Polish Bolesławiec stoneware jug,a Bulgarian Troyan pottery jug,A,B,1,0,0,0,Light background with figurative scene and brushy texture matches A-alone.,Dark matte finish with geometric motifs matches B-alone.,qwen3-vl-235b-a22b-instruct
eval_0785,sample_0369,pair_020,20,2,2,2022,native_SS,a Polish Bolesławiec stoneware jug,a Bulgarian Troyan pottery jug,B,B,0,1,0,1,"Matches B's stylized floral patterns and matte, earth-toned glaze.",Shares B's geometric motifs and dark-on-light painted finish.,qwen3-vl-235b-a22b-instruct
eval_1755,sample_0437,pair_020,20,2,3,2023,lsda_clean,a Polish Bolesławiec stoneware jug,a Bulgarian Troyan pottery jug,B,B,0,1,0,1,stylized motifs and dark linear decoration align with B-alone,geometric patterns and matte earth-toned finish match B-alone,qwen3-vl-235b-a22b-instruct
eval_0984,sample_0437,pair_020,20,2,3,2023,native_SS,a Polish Bolesławiec stoneware jug,a Bulgarian Troyan pottery jug,B,B,0,1,0,1,black-on-brown geometric motifs and matte finish align with B-alone,geometric patterns and earth-toned palette match B-alone,qwen3-vl-235b-a22b-instruct
eval_0852,sample_0472,pair_020,20,3,1,3031,lsda_clean,a Polish Bolesławiec stoneware jug,a Bulgarian Troyan pottery jug,A,B,1,0,0,0,floral motifs and earthy matte finish align with A-alone,geometric patterns and bold black/ochre contrast match B-alone,qwen3-vl-235b-a22b-instruct
eval_0957,sample_0472,pair_020,20,3,1,3031,native_SS,a Polish Bolesławiec stoneware jug,a Bulgarian Troyan pottery jug,A,B,1,0,0,0,muted earth tones and organic leaf patterns align with A-alone,geometric motifs and bold black-orange contrast match B-alone,qwen3-vl-235b-a22b-instruct
eval_0397,sample_0299,pair_020,20,3,2,3032,lsda_clean,a Polish Bolesławiec stoneware jug,a Bulgarian Troyan pottery jug,A,B,1,0,0,0,floral black designs and banding on warm brown glaze align with A-alone,geometric black motifs on terracotta match B-alone's abstract pattern style,qwen3-vl-235b-a22b-instruct
eval_0306,sample_0299,pair_020,20,3,2,3032,native_SS,a Polish Bolesławiec stoneware jug,a Bulgarian Troyan pottery jug,A,B,1,0,0,0,"glossy terracotta base with black floral motifs and banding, visually consistent with A-alone’s decorative scheme","matte brown finish with minimal incised texture, matching B-alone's earthy tone and subdued surface",qwen3-vl-235b-a22b-instruct
eval_0217,sample_0044,pair_020,20,3,3,3033,lsda_clean,a Polish Bolesławiec stoneware jug,a Bulgarian Troyan pottery jug,A,B,1,0,0,0,floral and foliate black-on-orange decoration matches A-alone,geometric patterns and linear motifs match B-alone,qwen3-vl-235b-a22b-instruct
eval_1223,sample_0044,pair_020,20,3,3,3033,native_SS,a Polish Bolesławiec stoneware jug,a Bulgarian Troyan pottery jug,B,B,0,1,0,1,Matches B-alone’s angular motifs and linear decorative technique.,Shares geometric patterns and matte earth-tone finish with B-alone.,qwen3-vl-235b-a22b-instruct
eval_0895,sample_0062,pair_021,21,1,1,1011,lsda_clean,a Japanese Raku tea bowl,a Korean buncheong tea bowl,A,B,1,0,0,0,bold black-and-white crackle with fiery rim matches A-alone,crackle glaze and muted landscape motif match B-alone,qwen3-vl-235b-a22b-instruct
eval_0299,sample_0062,pair_021,21,1,1,1011,native_SS,a Japanese Raku tea bowl,a Korean buncheong tea bowl,A,B,1,0,0,0,"crackle glaze, dark ground with white patches, and fiery rim echo A-alone's texture and color system",monochrome ink-wash landscape motif and matte off-white glaze match B-alone,qwen3-vl-235b-a22b-instruct
eval_1350,sample_0667,pair_021,21,1,2,1012,lsda_clean,a Japanese Raku tea bowl,a Korean buncheong tea bowl,A,B,1,0,0,0,cloud and mountain motifs with purple-blue palette mirror A-alone's decorative style,crackle glaze and earthy tones match B-alone's texture and color system,qwen3-vl-235b-a22b-instruct
eval_1370,sample_0667,pair_021,21,1,2,1012,native_SS,a Japanese Raku tea bowl,a Korean buncheong tea bowl,A,B,1,0,0,0,crackled dark glaze with cloud-like pink/purple patterns matches A-alone's texture and color system,matte off-white glaze with brown linear motifs matches B-alone's surface style,qwen3-vl-235b-a22b-instruct
eval_1572,sample_0056,pair_021,21,1,3,1013,lsda_clean,a Japanese Raku tea bowl,a Korean buncheong tea bowl,A,B,1,0,0,0,"matches dark, glossy glaze and red floral decoration of A-alone",shares pale crackled glaze and ink-wash mountain motif with B-alone,qwen3-vl-235b-a22b-instruct
eval_0589,sample_0056,pair_021,21,1,3,1013,native_SS,a Japanese Raku tea bowl,a Korean buncheong tea bowl,A,B,1,0,0,0,"matches dark, mottled glaze and floral accent of A-alone",shares crackled glaze and landscape motif with B-alone,qwen3-vl-235b-a22b-instruct
eval_0555,sample_0270,pair_021,21,2,1,2021,lsda_clean,a Japanese Raku tea bowl,a Korean buncheong tea bowl,A,B,1,0,0,0,"matches dark base, sunset motif, and crackled texture of A-alone","shares pale glaze, mountain motifs, and brushwork texture with B-alone",qwen3-vl-235b-a22b-instruct
eval_0463,sample_0270,pair_021,21,2,1,2021,native_SS,a Japanese Raku tea bowl,a Korean buncheong tea bowl,B,A,0,1,1,1,pale celadon base with subtle brushwork echoes B-alone's color system and texture,dark glaze with ochre landscape motif matches A-alone's material and decoration,qwen3-vl-235b-a22b-instruct
eval_0010,sample_0592,pair_021,21,2,2,2022,lsda_clean,a Japanese Raku tea bowl,a Korean buncheong tea bowl,A,B,1,0,0,0,black ground with orange-gold figures and cloud motifs matches A-alone,white crackled glaze with ink-style landscape painting matches B-alone,qwen3-vl-235b-a22b-instruct
eval_0788,sample_0592,pair_021,21,2,2,2022,native_SS,a Japanese Raku tea bowl,a Korean buncheong tea bowl,B,A,0,1,1,1,Features incised landscape figures and border motifs matching B-alone’s decorative technique.,"Shares dark glaze with mottled, cloud-like texture and gold accents like A-alone.",qwen3-vl-235b-a22b-instruct
eval_1721,sample_0441,pair_021,21,2,3,2023,lsda_clean,a Japanese Raku tea bowl,a Korean buncheong tea bowl,A,B,1,0,0,0,dark ground with red floral pattern matches A-alone,crackle glaze and minimalist landscape motif match B-alone,qwen3-vl-235b-a22b-instruct
eval_1677,sample_0441,pair_021,21,2,3,2023,native_SS,a Japanese Raku tea bowl,a Korean buncheong tea bowl,A,B,1,0,0,0,"mirrors dark ground, glossy finish, and vibrant floral motif of A-alone","shares earthy, crackled glaze and subdued natural motifs with B-alone",qwen3-vl-235b-a22b-instruct
eval_1420,sample_0752,pair_021,21,3,1,3031,lsda_clean,a Japanese Raku tea bowl,a Korean buncheong tea bowl,B,A,0,1,1,1,delicate ink-wash landscape painting on off-white ground matching B-alone,rustic glaze with speckled texture and earthy tones matching A-alone,qwen3-vl-235b-a22b-instruct
eval_1257,sample_0752,pair_021,21,3,1,3031,native_SS,a Japanese Raku tea bowl,a Korean buncheong tea bowl,A,A,0,1,1,0,"mottled dark blue-black glaze with metallic sheen echoes A-alone’s bold, abstract surface treatment","crackle glaze and earthy brown tones match A-alone’s textured, rustic finish",qwen3-vl-235b-a22b-instruct
eval_0562,sample_0567,pair_021,21,3,2,3032,lsda_clean,a Japanese Raku tea bowl,a Korean buncheong tea bowl,A,B,1,0,0,0,Glossy black ground with red maple tree motif and cloud-like wash mirrors A-alone's painted style.,Crackled off-white glaze with subtle brown motifs matches B-alone's surface texture and decoration.,qwen3-vl-235b-a22b-instruct
eval_1196,sample_0567,pair_021,21,3,2,3032,native_SS,a Japanese Raku tea bowl,a Korean buncheong tea bowl,A,B,1,0,0,0,painted autumn trees and cloudy sky motif directly mirrors A-alone's surface decoration,matte dark glaze with subtle texture matches B-alone's crackled off-white finish,qwen3-vl-235b-a22b-instruct
eval_1501,sample_0865,pair_021,21,3,3,3033,lsda_clean,a Japanese Raku tea bowl,a Korean buncheong tea bowl,A,B,1,0,0,0,matches A's dark crackled glaze and fiery interior color,shares B's light ceramic base and ink-wash landscape motif,qwen3-vl-235b-a22b-instruct
eval_1067,sample_0865,pair_021,21,3,3,3033,native_SS,a Japanese Raku tea bowl,a Korean buncheong tea bowl,A,B,1,0,0,0,"matches A-alone’s dark glaze, crackled texture, and interior color contrast",shares muted earth tones and subtle landscape brushwork with B-alone,qwen3-vl-235b-a22b-instruct
eval_1266,sample_0812,pair_022,22,1,1,1011,lsda_clean,a Chinese sancai glazed ceramic jar,a Peruvian Chulucanas pottery jar,A,B,1,0,0,0,green-glazed landscape painting and glossy finish match A-alone,geometric patterns and matte earth-toned finish match B-alone,qwen3-vl-235b-a22b-instruct
eval_0502,sample_0812,pair_022,22,1,1,1011,native_SS,a Chinese sancai glazed ceramic jar,a Peruvian Chulucanas pottery jar,A,B,1,0,0,0,green glaze and painted landscape motifs match A-alone,geometric patterns and matte earth-tone finish match B-alone,qwen3-vl-235b-a22b-instruct
eval_1674,sample_0272,pair_022,22,1,2,1012,lsda_clean,a Chinese sancai glazed ceramic jar,a Peruvian Chulucanas pottery jar,A,B,1,0,0,0,glossy green glaze and incised landscape design match A-alone,earthenware texture and geometric black-on-red motifs match B-alone,qwen3-vl-235b-a22b-instruct
eval_0281,sample_0272,pair_022,22,1,2,1012,native_SS,a Chinese sancai glazed ceramic jar,a Peruvian Chulucanas pottery jar,A,B,1,0,0,0,glossy green glaze and incised decorative bands match A-alone,earthenware texture and geometric black-on-red motifs match B-alone,qwen3-vl-235b-a22b-instruct
eval_0879,sample_0193,pair_022,22,1,3,1013,lsda_clean,a Chinese sancai glazed ceramic jar,a Peruvian Chulucanas pottery jar,A,B,1,0,0,0,"shares glossy green glaze with yellow floral motifs, mirroring A-alone’s color system and surface finish","features incised geometric and figural motifs on matte earthenware, matching B-alone's decorative technique and texture",qwen3-vl-235b-a22b-instruct
eval_0286,sample_0193,pair_022,22,1,3,1013,native_SS,a Chinese sancai glazed ceramic jar,a Peruvian Chulucanas pottery jar,A,B,1,0,0,0,glossy green glaze with floral motifs matches A-alone,geometric incised patterns and matte earth-tone finish match B-alone,qwen3-vl-235b-a22b-instruct
eval_1233,sample_0828,pair_022,22,2,1,2021,lsda_clean,a Chinese sancai glazed ceramic jar,a Peruvian Chulucanas pottery jar,A,B,1,0,0,0,"displays glossy green glaze with subtle landscape incising, consistent with A-alone’s material finish and color system","features geometric and figural painted motifs on matte earthenware, matching B-alone’s surface decoration style",qwen3-vl-235b-a22b-instruct
eval_1200,sample_0828,pair_022,22,2,1,2021,native_SS,a Chinese sancai glazed ceramic jar,a Peruvian Chulucanas pottery jar,A,B,1,0,0,0,matches A-alone’s glossy green glaze and landscape painting style,shares earth-toned geometric and figural motifs with B-alone,qwen3-vl-235b-a22b-instruct
eval_1608,sample_0242,pair_022,22,2,2,2022,lsda_clean,a Chinese sancai glazed ceramic jar,a Peruvian Chulucanas pottery jar,A,B,1,0,0,0,glossy green glaze with incised linear patterns matches A-alone,brown matte surface with geometric/figurative painted motifs matches B-alone,qwen3-vl-235b-a22b-instruct
eval_0326,sample_0242,pair_022,22,2,2,2022,native_SS,a Chinese sancai glazed ceramic jar,a Peruvian Chulucanas pottery jar,A,B,1,0,0,0,"matches A-alone’s glossy green glaze, scalloped lid edge, and Greek key border",shares earth-toned matte finish and incised geometric/figurative motifs with B-alone,qwen3-vl-235b-a22b-instruct
eval_0117,sample_0468,pair_022,22,2,3,2023,lsda_clean,a Chinese sancai glazed ceramic jar,a Peruvian Chulucanas pottery jar,A,B,1,0,0,0,glossy green glaze with bird motif matches A-alone,geometric patterns and earth-toned matte finish match B-alone,qwen3-vl-235b-a22b-instruct
eval_0322,sample_0468,pair_022,22,2,3,2023,native_SS,a Chinese sancai glazed ceramic jar,a Peruvian Chulucanas pottery jar,A,B,1,0,0,0,glossy green glaze and bird motif align with A-alone,earthenware texture and geometric motifs match B-alone,qwen3-vl-235b-a22b-instruct
eval_0674,sample_0321,pair_022,22,3,1,3031,lsda_clean,a Chinese sancai glazed ceramic jar,a Peruvian Chulucanas pottery jar,A,B,1,0,0,0,glossy green glaze and landscape painting style match A-alone,earthenware texture and geometric/figurative motifs match B-alone,qwen3-vl-235b-a22b-instruct
eval_1393,sample_0321,pair_022,22,3,1,3031,native_SS,a Chinese sancai glazed ceramic jar,a Peruvian Chulucanas pottery jar,A,B,1,0,0,0,"shares glossy green glaze, landscape painting style, and decorative bands with A-alone",shares earthy matte texture and geometric/figurative incised motifs with B-alone,qwen3-vl-235b-a22b-instruct
eval_1281,sample_0608,pair_022,22,3,2,3032,lsda_clean,a Chinese sancai glazed ceramic jar,a Peruvian Chulucanas pottery jar,A,B,1,0,0,0,glossy green glaze and incised decorative bands match A-alone,earthenware texture and geometric black line motifs match B-alone,qwen3-vl-235b-a22b-instruct
eval_1694,sample_0608,pair_022,22,3,2,3032,native_SS,a Chinese sancai glazed ceramic jar,a Peruvian Chulucanas pottery jar,A,B,1,0,0,0,glossy green glaze and raised decorative motifs match A-alone,earthenware texture and geometric incised patterns match B-alone,qwen3-vl-235b-a22b-instruct
eval_0982,sample_0359,pair_022,22,3,3,3033,lsda_clean,a Chinese sancai glazed ceramic jar,a Peruvian Chulucanas pottery jar,A,B,1,0,0,0,Glossy green glaze with subtle engraved patterns mirrors A-alone’s material impression and finish.,Black-figure pottery with incised human motifs matches B-alone's decorative technique and color system.,qwen3-vl-235b-a22b-instruct
eval_0769,sample_0359,pair_022,22,3,3,3033,native_SS,a Chinese sancai glazed ceramic jar,a Peruvian Chulucanas pottery jar,A,B,1,0,0,0,Green glaze with incised landscape patterns matches A-alone.,Black-figure figural motifs and matte texture match B-alone.,qwen3-vl-235b-a22b-instruct
eval_0496,sample_0248,pair_023,23,1,1,1011,lsda_clean,an ancient Greek black-figure ceramic amphora,an ancient Cypriot bichrome ceramic amphora,A,B,1,0,0,0,glossy black-figure silhouettes on orange ground match A-alone,matte earth-toned finish and geometric banding match B-alone,qwen3-vl-235b-a22b-instruct
eval_0742,sample_0248,pair_023,23,1,1,1011,native_SS,an ancient Greek black-figure ceramic amphora,an ancient Cypriot bichrome ceramic amphora,B,A,0,1,1,1,"Matches B-alone’s monochrome banding, geometric patterns, and matte finish.","Shares black-figure technique, red-orange clay ground, and figural motifs with A-alone.",qwen3-vl-235b-a22b-instruct
eval_1190,sample_0831,pair_023,23,1,2,1012,lsda_clean,an ancient Greek black-figure ceramic amphora,an ancient Cypriot bichrome ceramic amphora,A,B,1,0,0,0,Matching black-figure human figures on terracotta ground with similar line work and border bands.,Shared reddish-brown clay tone and black-figure animal motif with incised detail.,qwen3-vl-235b-a22b-instruct
eval_0501,sample_0831,pair_023,23,1,2,1012,native_SS,an ancient Greek black-figure ceramic amphora,an ancient Cypriot bichrome ceramic amphora,A,B,1,0,0,0,Identical black-figure human figures and terracotta ground color as A-alone.,Shared black-figure technique with animal motifs and border patterns matching B-alone.,qwen3-vl-235b-a22b-instruct
eval_1575,sample_0076,pair_023,23,1,3,1013,lsda_clean,an ancient Greek black-figure ceramic amphora,an ancient Cypriot bichrome ceramic amphora,A,B,1,0,0,0,"Matches A-alone’s reddish-orange ground, black silhouette figures, and ornamental banding.",Shares black-figure technique and similar figural density with B-alone.,qwen3-vl-235b-a22b-instruct
eval_0056,sample_0076,pair_023,23,1,3,1013,native_SS,an ancient Greek black-figure ceramic amphora,an ancient Cypriot bichrome ceramic amphora,B,A,0,1,1,1,"Matches B-alone’s white-ground style, lighter background, and more detailed figure rendering.","Shares black-figure technique, reddish-orange clay, and silhouette-style human motifs with A-alone.",qwen3-vl-235b-a22b-instruct
eval_0044,sample_0495,pair_023,23,2,1,2021,lsda_clean,an ancient Greek black-figure ceramic amphora,an ancient Cypriot bichrome ceramic amphora,A,B,1,0,0,0,Matches A's black-figure silhouettes on orange ground and vertical frieze motifs.,Shares B's reddish-brown clay tone and geometric banding above figural zone.,qwen3-vl-235b-a22b-instruct
eval_0301,sample_0495,pair_023,23,2,1,2021,native_SS,an ancient Greek black-figure ceramic amphora,an ancient Cypriot bichrome ceramic amphora,A,B,1,0,0,0,matches A-alone’s black-figure figures on orange ground and decorative bands,shares reddish-orange clay base and black-figure style with B-alone,qwen3-vl-235b-a22b-instruct
eval_0304,sample_0511,pair_023,23,2,2,2022,lsda_clean,an ancient Greek black-figure ceramic amphora,an ancient Cypriot bichrome ceramic amphora,A,B,1,0,0,0,"Matches A's rich terracotta ground, dense figural scenes, and bold black-figure style with detailed incision.",Shares B's lighter clay tone and less saturated black figures with simpler linear decoration.,qwen3-vl-235b-a22b-instruct
eval_0908,sample_0511,pair_023,23,2,2,2022,native_SS,an ancient Greek black-figure ceramic amphora,an ancient Cypriot bichrome ceramic amphora,B,A,0,1,1,1,"Matches B-alone’s worn matte finish, faded pigment, and archaic silhouette treatment.","Shares black-figure technique, ochre ground, and figural motifs with A-alone.",qwen3-vl-235b-a22b-instruct
eval_1203,sample_0227,pair_023,23,2,3,2023,lsda_clean,an ancient Greek black-figure ceramic amphora,an ancient Cypriot bichrome ceramic amphora,A,B,1,0,0,0,"Matches A's crisp black-figure silhouettes, cream background, and geometric border motifs.",Shares B's reddish-orange clay tone and less defined black-figure outlines.,qwen3-vl-235b-a22b-instruct
eval_0528,sample_0227,pair_023,23,2,3,2023,native_SS,an ancient Greek black-figure ceramic amphora,an ancient Cypriot bichrome ceramic amphora,A,B,1,0,0,0,"matches A's cream ground, crisp black silhouettes, and geometric border motifs",shares B's reddish-brown clay texture and looser black-figure line work,qwen3-vl-235b-a22b-instruct
eval_0171,sample_0385,pair_023,23,3,1,3031,lsda_clean,an ancient Greek black-figure ceramic amphora,an ancient Cypriot bichrome ceramic amphora,A,B,1,0,0,0,"identical black-figure silhouettes, color palette, and ornamental borders",black-figure technique with similar figural poses and decorative bands,qwen3-vl-235b-a22b-instruct
eval_0451,sample_0385,pair_023,23,3,1,3031,native_SS,an ancient Greek black-figure ceramic amphora,an ancient Cypriot bichrome ceramic amphora,A,B,1,0,0,0,"Same black-figure style, color palette, and decorative banding as A-alone.",Black-figure technique with similar matte black silhouettes and incised detail on orange clay.,qwen3-vl-235b-a22b-instruct
eval_1739,sample_0791,pair_023,23,3,2,3032,lsda_clean,an ancient Greek black-figure ceramic amphora,an ancient Cypriot bichrome ceramic amphora,B,A,0,1,1,1,"Matches B-alone’s decorative banding, silhouette framing, and figure density in surface pattern.","Shares black-figure technique, terracotta ground, and figural motifs with A-alone.",qwen3-vl-235b-a22b-instruct
eval_0985,sample_0791,pair_023,23,3,2,3032,native_SS,an ancient Greek black-figure ceramic amphora,an ancient Cypriot bichrome ceramic amphora,A,B,1,0,0,0,"Matches A's crisp black-figure silhouettes, dense ornament bands, and warm terracotta ground.",Shares B's reddish-orange clay tone and less defined black-figure outlines.,qwen3-vl-235b-a22b-instruct
eval_0382,sample_0771,pair_023,23,3,3,3033,lsda_clean,an ancient Greek black-figure ceramic amphora,an ancient Cypriot bichrome ceramic amphora,A,B,1,0,0,0,"Matches A's dark slip ground, orange-red body, and silhouette-style figures.",Shares B's reddish-brown clay base and black-figure figures with incised details.,qwen3-vl-235b-a22b-instruct
eval_0676,sample_0771,pair_023,23,3,3,3033,native_SS,an ancient Greek black-figure ceramic amphora,an ancient Cypriot bichrome ceramic amphora,B,A,0,1,1,1,"Same reddish-brown clay tone, incised detailing, and narrative frieze style as B-alone.","Same black-figure technique, red clay ground, and figural motifs as A-alone.",qwen3-vl-235b-a22b-instruct
eval_0439,sample_0191,pair_024,24,1,1,1011,lsda_clean,an Acoma Pueblo pottery jar,a Catawba burnished pottery jar,A,B,1,0,0,0,Matches A-alone’s bold black-and-white angular motifs and high-contrast finish.,Shares earthy brown tones and fine linear geometric patterns with B-alone.,qwen3-vl-235b-a22b-instruct
eval_0968,sample_0191,pair_024,24,1,1,1011,native_SS,an Acoma Pueblo pottery jar,a Catawba burnished pottery jar,A,B,1,0,0,0,matches A-alone’s high-contrast black/white/red palette and angular patterns,shares earthy matte finish and dense geometric motifs with B-alone,qwen3-vl-235b-a22b-instruct
eval_0168,sample_0215,pair_024,24,1,2,1012,lsda_clean,an Acoma Pueblo pottery jar,a Catawba burnished pottery jar,A,B,1,0,0,0,Matches A-alone’s bold black-and-white painted motifs and sharp linear borders.,Shares dark matte finish and incised geometric patterns with B-alone.,qwen3-vl-235b-a22b-instruct
eval_0584,sample_0215,pair_024,24,1,2,1012,native_SS,an Acoma Pueblo pottery jar,a Catawba burnished pottery jar,A,B,1,0,0,0,high-contrast black-and-white geometric motifs with bold outlines,matte dark brown surface with incised linear patterns,qwen3-vl-235b-a22b-instruct
eval_1400,sample_0382,pair_024,24,1,3,1013,lsda_clean,an Acoma Pueblo pottery jar,a Catawba burnished pottery jar,A,B,1,0,0,0,High-contrast black-and-white geometric patterns and sharp angular motifs match A-alone.,Dark matte finish with incised linear motifs and geometric accents matches B-alone.,qwen3-vl-235b-a22b-instruct
eval_1584,sample_0382,pair_024,24,1,3,1013,native_SS,an Acoma Pueblo pottery jar,a Catawba burnished pottery jar,A,B,1,0,0,0,Matches A-alone’s high-contrast geometric patterns and cream ground.,Shares dark matte finish and incised linear motifs with B-alone.,qwen3-vl-235b-a22b-instruct
eval_1343,sample_0823,pair_024,24,2,1,2021,lsda_clean,an Acoma Pueblo pottery jar,a Catawba burnished pottery jar,A,B,1,0,0,0,"Matches A-alone’s white ground, bold black/ochre geometric patterns, and linear precision.",Shares dark brown ground with orange geometric motifs and matte finish like B-alone.,qwen3-vl-235b-a22b-instruct
eval_0918,sample_0823,pair_024,24,2,1,2021,native_SS,an Acoma Pueblo pottery jar,a Catawba burnished pottery jar,A,B,1,0,0,0,White ground with bold black and terracotta angular patterns mirrors A-alone's color system and ornament.,Dark matte finish with ochre geometric motifs matches B-alone's surface treatment.,qwen3-vl-235b-a22b-instruct
eval_0809,sample_0124,pair_024,24,2,2,2022,lsda_clean,an Acoma Pueblo pottery jar,a Catawba burnished pottery jar,A,B,1,0,0,0,Polychrome geometric motifs and white slip background match A-alone.,Dark matte finish with incised linear patterns matches B-alone.,qwen3-vl-235b-a22b-instruct
eval_1178,sample_0124,pair_024,24,2,2,2022,native_SS,an Acoma Pueblo pottery jar,a Catawba burnished pottery jar,A,B,1,0,0,0,Polychrome geometric patterns and painted bands align with A-alone's decorative style.,Dark matte finish with incised linear motifs matches B-alone's surface treatment.,qwen3-vl-235b-a22b-instruct
eval_1365,sample_0058,pair_024,24,2,3,2023,lsda_clean,an Acoma Pueblo pottery jar,a Catawba burnished pottery jar,A,B,1,0,0,0,White ground with bold black geometric motifs and terracotta accents mirrors A-alone’s color system and ornament style.,Dark brown matte finish with incised linear patterns matches B-alone’s surface texture and decoration.,qwen3-vl-235b-a22b-instruct
eval_0049,sample_0058,pair_024,24,2,3,2023,native_SS,an Acoma Pueblo pottery jar,a Catawba burnished pottery jar,A,B,1,0,0,0,geometric black-and-white painted patterns match A-alone,earthenware tone and incised linear motifs match B-alone,qwen3-vl-235b-a22b-instruct
eval_1268,sample_0808,pair_024,24,3,1,3031,lsda_clean,an Acoma Pueblo pottery jar,a Catawba burnished pottery jar,A,B,1,0,0,0,Geometric black-on-white motifs and sharp contrast match A-alone’s surface style.,Dark matte finish with incised linear patterns matches B-alone's texture and decoration.,qwen3-vl-235b-a22b-instruct
eval_0898,sample_0808,pair_024,24,3,1,3031,native_SS,an Acoma Pueblo pottery jar,a Catawba burnished pottery jar,B,A,0,1,1,1,"Matches B-alone’s earthy brown tones, vertical striations, and organic brushwork texture.",Shares geometric triangular motifs and high-contrast black-on-white color system with A-alone.,qwen3-vl-235b-a22b-instruct
eval_1563,sample_0847,pair_024,24,3,2,3032,lsda_clean,an Acoma Pueblo pottery jar,a Catawba burnished pottery jar,A,B,1,0,0,0,white ground with bold black-and-red triangular motifs matches A-alone,dark matte finish with incised geometric bands matches B-alone,qwen3-vl-235b-a22b-instruct
eval_0684,sample_0847,pair_024,24,3,2,3032,native_SS,an Acoma Pueblo pottery jar,a Catawba burnished pottery jar,A,B,1,0,0,0,"sharp geometric motifs in black/white/red on lighter ground, mirroring A-alone's decorative technique and color palette","matte dark brown finish with minimal incised lines, matching B-alone's surface texture and color system",qwen3-vl-235b-a22b-instruct
eval_0601,sample_0200,pair_024,24,3,3,3033,lsda_clean,an Acoma Pueblo pottery jar,a Catawba burnished pottery jar,A,B,1,0,0,0,cream ground with bold black geometric patterns matches A-alone,dark brown matte finish with incised linear motifs matches B-alone,qwen3-vl-235b-a22b-instruct
eval_0794,sample_0200,pair_024,24,3,3,3033,native_SS,an Acoma Pueblo pottery jar,a Catawba burnished pottery jar,A,B,1,0,0,0,light cream ground with black angular geometric designs mirrors A-alone’s surface decoration,dark brown base with incised geometric motifs matches B-alone's color and pattern style,qwen3-vl-235b-a22b-instruct
eval_0716,sample_0102,pair_025,25,1,1,1011,lsda_clean,a Mexican Mata Ortiz pottery jar,a Serbian Zlakusa pottery jar,A,B,1,0,0,0,Matches A's black-on-cream angular motifs and matte texture.,Shares B's blue-and-white geometric pattern and painted finish.,qwen3-vl-235b-a22b-instruct
eval_1715,sample_0102,pair_025,25,1,1,1011,native_SS,a Mexican Mata Ortiz pottery jar,a Serbian Zlakusa pottery jar,B,A,0,1,1,1,vibrant polychrome triangles and glossy finish match B-alone,monochrome geometric motifs and matte finish match A-alone,qwen3-vl-235b-a22b-instruct
eval_1038,sample_0082,pair_025,25,1,2,1012,lsda_clean,a Mexican Mata Ortiz pottery jar,a Serbian Zlakusa pottery jar,A,B,1,0,0,0,mirrors A's black-on-tan triangular bands and crosshatch patterns,shares B's bold red-orange and black geometric motifs with white fill,qwen3-vl-235b-a22b-instruct
eval_1388,sample_0082,pair_025,25,1,2,1012,native_SS,a Mexican Mata Ortiz pottery jar,a Serbian Zlakusa pottery jar,B,B,0,1,0,1,"Matches B's color palette, angular patterns, and dual-handle structure in surface decoration.",Shares B's reddish-orange clay tone and bold black geometric motifs with similar brushwork.,qwen3-vl-235b-a22b-instruct
eval_0622,sample_0510,pair_025,25,1,3,1013,lsda_clean,a Mexican Mata Ortiz pottery jar,a Serbian Zlakusa pottery jar,A,B,1,0,0,0,geometric patterns and black/ochre color scheme match A-alone,floral motifs and orange/white palette match B-alone,qwen3-vl-235b-a22b-instruct
eval_1273,sample_0510,pair_025,25,1,3,1013,native_SS,a Mexican Mata Ortiz pottery jar,a Serbian Zlakusa pottery jar,A,A,0,1,1,0,Matches A-alone’s angular patterns and monochromatic brown-black palette.,Shares geometric motifs and matte earth-tone finish with A-alone.,qwen3-vl-235b-a22b-instruct
eval_0802,sample_0335,pair_025,25,2,1,2021,lsda_clean,a Mexican Mata Ortiz pottery jar,a Serbian Zlakusa pottery jar,A,B,1,0,0,0,Geometric patterns and earth-toned matte finish align with A-alone’s surface style.,Floral motifs and polychrome glaze match B-alone’s decorative technique and color system.,qwen3-vl-235b-a22b-instruct
eval_0888,sample_0335,pair_025,25,2,1,2021,native_SS,a Mexican Mata Ortiz pottery jar,a Serbian Zlakusa pottery jar,A,A,0,1,1,0,"Matches A-alone’s angular patterns, color palette, and unglazed ceramic texture.",Shares geometric black/ochre motifs and matte earth-tone finish with A-alone.,qwen3-vl-235b-a22b-instruct
eval_0820,sample_0788,pair_025,25,2,2,2022,lsda_clean,a Mexican Mata Ortiz pottery jar,a Serbian Zlakusa pottery jar,A,B,1,0,0,0,matches geometric patterns and black/white contrast of A-alone,shares floral motifs and orange/white palette with B-alone,qwen3-vl-235b-a22b-instruct
eval_0827,sample_0788,pair_025,25,2,2,2022,native_SS,a Mexican Mata Ortiz pottery jar,a Serbian Zlakusa pottery jar,A,B,1,0,0,0,"Matches A's geometric patterns, sharp lines, and monochrome earth-tone color system.",Shares B's organic floral motifs and warm orange/white palette on dark ground.,qwen3-vl-235b-a22b-instruct
eval_0371,sample_0586,pair_025,25,2,3,2023,lsda_clean,a Mexican Mata Ortiz pottery jar,a Serbian Zlakusa pottery jar,A,B,1,0,0,0,Matches A's angular black patterns on cream ground and matte finish.,Shares B's dense geometric motifs and red-black-white color system.,qwen3-vl-235b-a22b-instruct
eval_0325,sample_0586,pair_025,25,2,3,2023,native_SS,a Mexican Mata Ortiz pottery jar,a Serbian Zlakusa pottery jar,B,A,0,1,1,1,"Matches B's complex symmetrical patterns, bold black/white contrast, and red accents.",Shares A's muted earth tones and simpler geometric motifs without red accents.,qwen3-vl-235b-a22b-instruct
eval_1216,sample_0640,pair_025,25,3,1,3031,lsda_clean,a Mexican Mata Ortiz pottery jar,a Serbian Zlakusa pottery jar,A,B,1,0,0,0,figurative human forms and linear black patterns match A-alone,geometric motifs and red-brown/black palette match B-alone,qwen3-vl-235b-a22b-instruct
eval_0955,sample_0640,pair_025,25,3,1,3031,native_SS,a Mexican Mata Ortiz pottery jar,a Serbian Zlakusa pottery jar,A,B,1,0,0,0,figurative motifs and linear detailing align with A-alone,geometric patterns and earth-toned palette match B-alone,qwen3-vl-235b-a22b-instruct
eval_0881,sample_0805,pair_025,25,3,2,3032,lsda_clean,a Mexican Mata Ortiz pottery jar,a Serbian Zlakusa pottery jar,B,A,0,1,1,1,Matches B's complex red-black figural patterns and dense decorative field.,Shares A's terracotta base tone and angular black geometric motifs.,qwen3-vl-235b-a22b-instruct
eval_0764,sample_0805,pair_025,25,3,2,3032,native_SS,a Mexican Mata Ortiz pottery jar,a Serbian Zlakusa pottery jar,B,A,0,1,1,1,"Matches B's complex, multi-color geometric design and layered decorative bands.",Shares A's simpler geometric motifs and consistent terracotta base with black linear patterns.,qwen3-vl-235b-a22b-instruct
eval_1147,sample_0301,pair_025,25,3,3,3033,lsda_clean,a Mexican Mata Ortiz pottery jar,a Serbian Zlakusa pottery jar,B,A,0,1,1,1,Matches B-alone’s vibrant blue/red palette and intricate painted patterns.,Shares earth-toned geometric motifs and matte finish with A-alone.,qwen3-vl-235b-a22b-instruct
eval_0973,sample_0301,pair_025,25,3,3,3033,native_SS,a Mexican Mata Ortiz pottery jar,a Serbian Zlakusa pottery jar,A,A,0,1,1,0,Matches A-alone’s monochromatic linear patterns and unglazed texture.,Shares earth-toned geometric motifs and matte finish with A-alone.,qwen3-vl-235b-a22b-instruct
eval_0436,sample_0759,pair_026,26,1,1,1011,lsda_clean,a Moroccan Safi pottery vase,a Tunisian Nabeul pottery vase,A,B,1,0,0,0,"Matches A's bold zigzag bands, turquoise highlights, and crisp glaze finish.",Shares B's dense geometric patterns and blue/white color palette with subtle green accents.,qwen3-vl-235b-a22b-instruct
eval_1110,sample_0759,pair_026,26,1,1,1011,native_SS,a Moroccan Safi pottery vase,a Tunisian Nabeul pottery vase,A,B,1,0,0,0,"matches A-alone’s color palette, pattern density, and painted ceramic texture",shares similar blue/white geometric motifs and glaze finish with B-alone,qwen3-vl-235b-a22b-instruct
eval_0415,sample_0618,pair_026,26,1,2,1012,lsda_clean,a Moroccan Safi pottery vase,a Tunisian Nabeul pottery vase,A,B,1,0,0,0,"matches A-alone’s turquoise rim, dark blue field, and gold-accented tile patterns",shares blue/teal glaze and geometric floral motifs with B-alone,qwen3-vl-235b-a22b-instruct
eval_0669,sample_0618,pair_026,26,1,2,1012,native_SS,a Moroccan Safi pottery vase,a Tunisian Nabeul pottery vase,A,B,1,0,0,0,glossy glaze and turquoise-blue color system align with A-alone's surface appearance,matte earthy finish and geometric motifs match B-alone's texture and pattern style,qwen3-vl-235b-a22b-instruct
eval_1288,sample_0415,pair_026,26,1,3,1013,lsda_clean,a Moroccan Safi pottery vase,a Tunisian Nabeul pottery vase,A,B,1,0,0,0,matches A-alone’s diamond patterns and turquoise base tone,shares similar geometric motifs and color palette with B-alone,qwen3-vl-235b-a22b-instruct
eval_1057,sample_0415,pair_026,26,1,3,1013,native_SS,a Moroccan Safi pottery vase,a Tunisian Nabeul pottery vase,A,B,1,0,0,0,exhibits earthy tones and simpler linear patterns akin to A-alone's color system,shares similar vibrant blue base and complex geometric motifs with B-alone,qwen3-vl-235b-a22b-instruct
eval_0812,sample_0524,pair_026,26,2,1,2021,lsda_clean,a Moroccan Safi pottery vase,a Tunisian Nabeul pottery vase,A,B,1,0,0,0,Turquoise base with green and black triangular patterns mirrors A-alone’s color palette and geometric ornamentation.,Deep cobalt blue ground with white and gold geometric motifs matches B-alone's color system and decorative technique.,qwen3-vl-235b-a22b-instruct
eval_0564,sample_0524,pair_026,26,2,1,2021,native_SS,a Moroccan Safi pottery vase,a Tunisian Nabeul pottery vase,A,B,1,0,0,0,matches A-alone’s matte earth tone and lattice pattern in color and texture,shares similar turquoise glaze and geometric floral motifs with B-alone,qwen3-vl-235b-a22b-instruct
eval_0353,sample_0014,pair_026,26,2,2,2022,lsda_clean,a Moroccan Safi pottery vase,a Tunisian Nabeul pottery vase,A,B,1,0,0,0,"Matches A's vertical paneling, turquoise accents, and floral motifs.",Shares B's dense geometric patterns and earthy blue-brown palette.,qwen3-vl-235b-a22b-instruct
eval_0257,sample_0014,pair_026,26,2,2,2022,native_SS,a Moroccan Safi pottery vase,a Tunisian Nabeul pottery vase,A,B,1,0,0,0,"Matches A-alone’s turquoise-blue bands, stylized floral motifs, and lighter clay base tone.",Shares bold black-and-white geometric motifs and matte earth-tone finish with B-alone.,qwen3-vl-235b-a22b-instruct
eval_1754,sample_0605,pair_026,26,2,3,2023,lsda_clean,a Moroccan Safi pottery vase,a Tunisian Nabeul pottery vase,A,B,1,0,0,0,Matches A's geometric diamond patterns and color blocking despite scale.,Shares B's dense floral motifs and blue-orange palette with white fill.,qwen3-vl-235b-a22b-instruct
eval_0860,sample_0605,pair_026,26,2,3,2023,native_SS,a Moroccan Safi pottery vase,a Tunisian Nabeul pottery vase,B,A,0,1,1,1,displays intricate curvilinear patterns and blue-orange contrast matching B-alone,shares similar geometric motifs and earthy color palette with A-alone,qwen3-vl-235b-a22b-instruct
eval_1720,sample_0434,pair_026,26,3,1,3031,lsda_clean,a Moroccan Safi pottery vase,a Tunisian Nabeul pottery vase,A,B,1,0,0,0,"matches A's earthy tones, blue-black patterns, and matte texture",shares B's multicolor geometric motifs and glossy finish,qwen3-vl-235b-a22b-instruct
eval_0016,sample_0434,pair_026,26,3,1,3031,native_SS,a Moroccan Safi pottery vase,a Tunisian Nabeul pottery vase,B,A,0,1,1,1,"Matches B-alone’s multi-color diamond lattice and polished, layered decorative technique.",Shares similar dark geometric motifs and matte earth-tone finish with A-alone.,qwen3-vl-235b-a22b-instruct
eval_0429,sample_0756,pair_026,26,3,2,3032,lsda_clean,a Moroccan Safi pottery vase,a Tunisian Nabeul pottery vase,A,B,1,0,0,0,"Matches A's geometric patterns and dominant use of blue, orange, and black on earthy clay.","Shares B's figural motifs and color palette of red, black, and white on terracotta.",qwen3-vl-235b-a22b-instruct
eval_0430,sample_0756,pair_026,26,3,2,3032,native_SS,a Moroccan Safi pottery vase,a Tunisian Nabeul pottery vase,A,B,1,0,0,0,exhibits comparable surface texture and decorative banding to A-alone,shares similar geometric motifs and color palette with B-alone,qwen3-vl-235b-a22b-instruct
eval_0784,sample_0506,pair_026,26,3,3,3033,lsda_clean,a Moroccan Safi pottery vase,a Tunisian Nabeul pottery vase,A,B,1,0,0,0,matches A-alone’s earthy unglazed texture and incised linear patterns,"shares identical blue glaze, geometric motifs, and painted finish with B-alone",qwen3-vl-235b-a22b-instruct
eval_0437,sample_0506,pair_026,26,3,3,3033,native_SS,a Moroccan Safi pottery vase,a Tunisian Nabeul pottery vase,A,B,1,0,0,0,matches A-alone’s turquoise rim and patterned banding,shares blue glaze and white geometric motifs with B-alone,qwen3-vl-235b-a22b-instruct
eval_0932,sample_0098,pair_027,27,1,1,1011,lsda_clean,an English Wedgwood jasperware vase,a Portuguese Caldas da Rainha ceramic vase,A,B,1,0,0,0,White relief figures on blue ground match A-alone’s material impression and motif style.,Blue-and-white floral pattern matches B-alone's decorative technique and color system.,qwen3-vl-235b-a22b-instruct
eval_1508,sample_0098,pair_027,27,1,1,1011,native_SS,an English Wedgwood jasperware vase,a Portuguese Caldas da Rainha ceramic vase,A,B,1,0,0,0,White relief decoration on blue ground matches A-alone’s material impression.,Blue-and-white floral motif and painted technique match B-alone.,qwen3-vl-235b-a22b-instruct
eval_1682,sample_0207,pair_027,27,1,2,1012,lsda_clean,an English Wedgwood jasperware vase,a Portuguese Caldas da Rainha ceramic vase,A,B,1,0,0,0,Blue ground with white neoclassical figures matches A-alone.,Green glaze and floral relief texture match B-alone.,qwen3-vl-235b-a22b-instruct
eval_0777,sample_0207,pair_027,27,1,2,1012,native_SS,an English Wedgwood jasperware vase,a Portuguese Caldas da Rainha ceramic vase,A,B,1,0,0,0,Blue ground with white classical figurative relief directly mirrors A-alone’s material and decorative style.,"Cream-colored matte finish with floral relief matches B-alone's textured, non-figurative ornament.",qwen3-vl-235b-a22b-instruct
eval_1271,sample_0536,pair_027,27,1,3,1013,lsda_clean,an English Wedgwood jasperware vase,a Portuguese Caldas da Rainha ceramic vase,A,A,0,1,1,0,"Blue body with white bas-relief scenes and decorative bands, consistent with A-alone’s material impression and motifs.","Blue ground with white classical relief figures and ornamental borders, matching A-alone's surface style.",qwen3-vl-235b-a22b-instruct
eval_1245,sample_0536,pair_027,27,1,3,1013,native_SS,an English Wedgwood jasperware vase,a Portuguese Caldas da Rainha ceramic vase,A,A,0,1,1,0,"Matches A-alone’s blue ground, white figural bas-relief, and decorative banding style.",Shares blue-and-white jasperware finish and neoclassical relief motifs with A-alone.,qwen3-vl-235b-a22b-instruct
eval_1591,sample_0769,pair_027,27,2,1,2021,lsda_clean,an English Wedgwood jasperware vase,a Portuguese Caldas da Rainha ceramic vase,A,B,1,0,0,0,blue-and-white relief figures and classical motifs directly mirror A's neoclassical style,"polychrome painted scenes with green/yellow borders match B's ornate, colorful surface",qwen3-vl-235b-a22b-instruct
eval_0956,sample_0769,pair_027,27,2,1,2021,native_SS,an English Wedgwood jasperware vase,a Portuguese Caldas da Rainha ceramic vase,A,B,1,0,0,0,solid blue ground with white relief figures and ornamental bands matches A-alone's surface style,blue-and-white floral pattern with underglaze decoration matches B-alone's surface style,qwen3-vl-235b-a22b-instruct
eval_0994,sample_0737,pair_027,27,2,2,2022,lsda_clean,an English Wedgwood jasperware vase,a Portuguese Caldas da Rainha ceramic vase,A,A,0,1,1,0,Identical blue ground and white neoclassical relief motifs as A-alone.,"Shares blue ground with white relief, matching A-alone's color system and decorative technique.",qwen3-vl-235b-a22b-instruct
eval_0352,sample_0737,pair_027,27,2,2,2022,native_SS,an English Wedgwood jasperware vase,a Portuguese Caldas da Rainha ceramic vase,A,A,0,1,1,0,Identical blue ground and white neoclassical relief style as A-alone.,"Shares blue ground with white relief, matching A-alone's material and decorative technique.",qwen3-vl-235b-a22b-instruct
eval_1542,sample_0145,pair_027,27,2,3,2023,lsda_clean,an English Wedgwood jasperware vase,a Portuguese Caldas da Rainha ceramic vase,A,B,1,0,0,0,pale blue ground with white bas-relief figures and crisp edges match A-alone's surface finish,vibrant floral motifs and glossy multicolor glaze match B-alone's surface style,qwen3-vl-235b-a22b-instruct
eval_0094,sample_0145,pair_027,27,2,3,2023,native_SS,an English Wedgwood jasperware vase,a Portuguese Caldas da Rainha ceramic vase,A,A,0,1,1,0,Identical blue-and-white relief style with classical figures and decorative borders as A-alone.,"Blue ground with white relief figures and ornamental bands, matching A-alone's Wedgwood-style surface decoration.",qwen3-vl-235b-a22b-instruct
eval_0159,sample_0045,pair_027,27,3,1,3031,lsda_clean,an English Wedgwood jasperware vase,a Portuguese Caldas da Rainha ceramic vase,A,B,1,0,0,0,blue ground with white neoclassical relief figures matches A-alone's material impression,vibrant floral motifs and polychrome glaze match B-alone's surface decoration,qwen3-vl-235b-a22b-instruct
eval_1128,sample_0045,pair_027,27,3,1,3031,native_SS,an English Wedgwood jasperware vase,a Portuguese Caldas da Rainha ceramic vase,A,A,0,1,1,0,Identical blue ground with white neoclassical relief decoration and finish.,Same blue-and-white jasperware with white relief figures and classical motifs.,qwen3-vl-235b-a22b-instruct
eval_0515,sample_0770,pair_027,27,3,2,3032,lsda_clean,an English Wedgwood jasperware vase,a Portuguese Caldas da Rainha ceramic vase,A,B,1,0,0,0,Blue ground with white classical relief matches A-alone’s color system and motif style.,Green glaze and floral relief match B-alone’s material and decorative technique.,qwen3-vl-235b-a22b-instruct
eval_1752,sample_0770,pair_027,27,3,2,3032,native_SS,an English Wedgwood jasperware vase,a Portuguese Caldas da Rainha ceramic vase,A,B,1,0,0,0,blue ground with white relief figures and classical motifs mirrors A's neoclassical style,"matte olive glaze with raised white crest matches B's textured, naturalistic finish",qwen3-vl-235b-a22b-instruct
eval_0686,sample_0146,pair_027,27,3,3,3033,lsda_clean,an English Wedgwood jasperware vase,a Portuguese Caldas da Rainha ceramic vase,A,B,1,0,0,0,blue ground with white classical relief figures matches A-alone's neoclassical style,vibrant floral motifs and glossy polychrome glaze match B-alone's surface decoration,qwen3-vl-235b-a22b-instruct
eval_1295,sample_0146,pair_027,27,3,3,3033,native_SS,an English Wedgwood jasperware vase,a Portuguese Caldas da Rainha ceramic vase,A,A,0,1,1,0,"Same blue ground with white classical figural relief and ornamental bands as A-alone, differing from B-alone’s green glaze and floral motifs.","Shares blue ground with white relief figures and floral borders, matching A-alone's material impression and decorative technique.",qwen3-vl-235b-a22b-instruct
eval_0057,sample_0432,pair_028,28,1,1,1011,lsda_clean,a Chinese Jun ware ceramic bowl,a Japanese Hagi ware tea bowl,A,B,1,0,0,0,"matches A-alone’s turquoise glaze, subtle brushwork, and smooth ceramic finish","shares earthy glaze, ink-wash landscape motif, and rustic texture with B-alone",qwen3-vl-235b-a22b-instruct
eval_0907,sample_0432,pair_028,28,1,1,1011,native_SS,a Chinese Jun ware ceramic bowl,a Japanese Hagi ware tea bowl,A,B,1,0,0,0,matches A's turquoise-green glaze and brushed decorative motifs,shares B's earthy glaze texture and dark rim finish,qwen3-vl-235b-a22b-instruct
eval_1073,sample_0345,pair_028,28,1,2,1012,lsda_clean,a Chinese Jun ware ceramic bowl,a Japanese Hagi ware tea bowl,A,B,1,0,0,0,mottled teal-green glaze with brown speckles matches A-alone's material impression and finish,crackle glaze and dark brown rim match B-alone's surface texture and color system,qwen3-vl-235b-a22b-instruct
eval_0043,sample_0345,pair_028,28,1,2,1012,native_SS,a Chinese Jun ware ceramic bowl,a Japanese Hagi ware tea bowl,B,A,0,1,1,1,features dark brown matte finish and landscape motif matching B-alone,shares green glaze with mottled texture and brown rim like A-alone,qwen3-vl-235b-a22b-instruct
eval_0307,sample_0465,pair_028,28,1,3,1013,lsda_clean,a Chinese Jun ware ceramic bowl,a Japanese Hagi ware tea bowl,A,B,1,0,0,0,matches A's turquoise glaze and raised decorative patterns,shares B's dark crackled glaze and landscape motif,qwen3-vl-235b-a22b-instruct
eval_0953,sample_0465,pair_028,28,1,3,1013,native_SS,a Chinese Jun ware ceramic bowl,a Japanese Hagi ware tea bowl,A,B,1,0,0,0,greenish celadon with incised floral patterns matches A-alone,dark crackled glaze with landscape motif matches B-alone,qwen3-vl-235b-a22b-instruct
eval_0146,sample_0061,pair_028,28,2,1,2021,lsda_clean,a Chinese Jun ware ceramic bowl,a Japanese Hagi ware tea bowl,A,B,1,0,0,0,turquoise-blue glaze with subtle crackle and mottled finish matches A-alone,"dark, rustic glaze with iron-rich patches and rough texture matches B-alone",qwen3-vl-235b-a22b-instruct
eval_0591,sample_0061,pair_028,28,2,1,2021,native_SS,a Chinese Jun ware ceramic bowl,a Japanese Hagi ware tea bowl,A,B,1,0,0,0,turquoise glaze with crackle pattern and brown rim echoes A-alone's color and surface treatment,dark matte glaze with rustic texture and irregular cream patch matches B-alone,qwen3-vl-235b-a22b-instruct
eval_0736,sample_0589,pair_028,28,2,2,2022,lsda_clean,a Chinese Jun ware ceramic bowl,a Japanese Hagi ware tea bowl,A,B,1,0,0,0,turquoise crackle glaze with geometric motifs and glossy finish matches A-alone,"dark, rustic glaze with irregular patches and matte texture matches B-alone",qwen3-vl-235b-a22b-instruct
eval_0966,sample_0589,pair_028,28,2,2,2022,native_SS,a Chinese Jun ware ceramic bowl,a Japanese Hagi ware tea bowl,A,B,1,0,0,0,turquoise glaze with geometric grid pattern matches A-alone,matte dark brown glaze with subtle texture matches B-alone,qwen3-vl-235b-a22b-instruct
eval_0991,sample_0253,pair_028,28,2,3,2023,lsda_clean,a Chinese Jun ware ceramic bowl,a Japanese Hagi ware tea bowl,A,B,1,0,0,0,"matches turquoise glaze, incised geometric patterns, and rim finish of A-alone","shares brown glaze, speckled texture, and landscape motif with B-alone",qwen3-vl-235b-a22b-instruct
eval_0201,sample_0253,pair_028,28,2,3,2023,native_SS,a Chinese Jun ware ceramic bowl,a Japanese Hagi ware tea bowl,A,B,1,0,0,0,teal glaze with incised motifs matches A-alone,dark brown glaze with speckled texture matches B-alone,qwen3-vl-235b-a22b-instruct
eval_0128,sample_0568,pair_028,28,3,1,3031,lsda_clean,a Chinese Jun ware ceramic bowl,a Japanese Hagi ware tea bowl,A,B,1,0,0,0,green crackled glaze and subtle texture match A-alone,rustic brown glaze with tree motifs matches B-alone,qwen3-vl-235b-a22b-instruct
eval_1483,sample_0568,pair_028,28,3,1,3031,native_SS,a Chinese Jun ware ceramic bowl,a Japanese Hagi ware tea bowl,A,B,1,0,0,0,greenish glaze with subtle linear texture resembles A-alone,rustic brown glaze with textured surface matches B-alone,qwen3-vl-235b-a22b-instruct
eval_1244,sample_0343,pair_028,28,3,2,3032,lsda_clean,a Chinese Jun ware ceramic bowl,a Japanese Hagi ware tea bowl,A,B,1,0,0,0,Teal-green glaze with fine crackle and subtle line motifs aligns with A-alone’s refined ceramic finish.,"Dark, mottled glaze with earthy tones and raw clay exposure matches B-alone’s rustic texture.",qwen3-vl-235b-a22b-instruct
eval_1476,sample_0343,pair_028,28,3,2,3032,native_SS,a Chinese Jun ware ceramic bowl,a Japanese Hagi ware tea bowl,A,B,1,0,0,0,greenish glaze with fine linear motifs echoes A-alone’s turquoise surface and delicate decoration,"dark matte glaze with subtle brown banding matches B-alone’s earthy, rustic finish",qwen3-vl-235b-a22b-instruct
eval_0024,sample_0225,pair_028,28,3,3,3033,lsda_clean,a Chinese Jun ware ceramic bowl,a Japanese Hagi ware tea bowl,A,B,1,0,0,0,"matches turquoise glaze, geometric pattern, and rim finish of A-alone","shares earthy glaze, textured surface, and brushwork motifs with B-alone",qwen3-vl-235b-a22b-instruct
eval_1725,sample_0225,pair_028,28,3,3,3033,native_SS,a Chinese Jun ware ceramic bowl,a Japanese Hagi ware tea bowl,B,B,0,1,0,1,matches B's ribbed texture and brown-toned finish,"shares B's textured, earthy glaze and dark brushstroke motifs",qwen3-vl-235b-a22b-instruct
eval_1688,sample_0573,pair_029,29,1,1,1011,lsda_clean,a Japanese Bizen stoneware vase,a French Puisaye stoneware vase,A,B,1,0,0,0,mottled brown glaze and rough texture mirror A-alone’s surface finish,blue and white floral motifs with raised decoration match B-alone's ornamental style,qwen3-vl-235b-a22b-instruct
eval_1397,sample_0573,pair_029,29,1,1,1011,native_SS,a Japanese Bizen stoneware vase,a French Puisaye stoneware vase,A,B,1,0,0,0,"glossy dark brown glaze with mottled texture and reddish band, mirroring A-alone’s glazed ceramic appearance","matte off-white textured surface with subtle organic grain, matching B-alone's unglazed ceramic finish",qwen3-vl-235b-a22b-instruct
eval_1465,sample_0861,pair_029,29,1,2,1012,lsda_clean,a Japanese Bizen stoneware vase,a French Puisaye stoneware vase,A,B,1,0,0,0,"has matte, monochromatic glaze with subtle tonal variation like A-alone",features painted figural scenes and ornamental bands like B-alone,qwen3-vl-235b-a22b-instruct
eval_0754,sample_0861,pair_029,29,1,2,1012,native_SS,a Japanese Bizen stoneware vase,a French Puisaye stoneware vase,A,A,0,1,1,0,same matte dark brown glaze and textured finish as A-alone,"matte dark brown glaze with subtle texture and banding, matching A-alone",qwen3-vl-235b-a22b-instruct
eval_1769,sample_0433,pair_029,29,1,3,1013,lsda_clean,a Japanese Bizen stoneware vase,a French Puisaye stoneware vase,A,B,1,0,0,0,mottled dark brown glaze with subtle texture matches A-alone,ornate figural and floral motifs with black-and-gold color scheme match B-alone,qwen3-vl-235b-a22b-instruct
eval_0613,sample_0433,pair_029,29,1,3,1013,native_SS,a Japanese Bizen stoneware vase,a French Puisaye stoneware vase,A,B,1,0,0,0,mottled dark brown finish and subtle texture resemble A-alone's material impression,ornate figural motifs and gold-on-dark glaze match B-alone's decorative technique,qwen3-vl-235b-a22b-instruct
eval_0158,sample_0005,pair_029,29,2,1,2021,lsda_clean,a Japanese Bizen stoneware vase,a French Puisaye stoneware vase,A,B,1,0,0,0,mottled brown glaze and horizontal ribbing match A-alone’s material texture and finish,blue-and-white painted landscape and figural motifs match B-alone’s decorative style,qwen3-vl-235b-a22b-instruct
eval_0357,sample_0005,pair_029,29,2,1,2021,native_SS,a Japanese Bizen stoneware vase,a French Puisaye stoneware vase,A,A,0,1,1,0,"Both exhibit matte, earth-toned surfaces with granular texture and minimal ornament.","Both share dark, textured glaze with horizontal striations and speckled finish.",qwen3-vl-235b-a22b-instruct
eval_1339,sample_0681,pair_029,29,2,2,2022,lsda_clean,a Japanese Bizen stoneware vase,a French Puisaye stoneware vase,A,B,1,0,0,0,speckled dark glaze and minimal decoration match A-alone,ornate figural motifs and gold-on-dark glaze match B-alone,qwen3-vl-235b-a22b-instruct
eval_0542,sample_0681,pair_029,29,2,2,2022,native_SS,a Japanese Bizen stoneware vase,a French Puisaye stoneware vase,A,B,1,0,0,0,speckled dark glaze and minimalist finish align with A-alone’s textured monochrome surface,ornate figural motifs and banded decoration match B-alone’s classical narrative style,qwen3-vl-235b-a22b-instruct
eval_0292,sample_0482,pair_029,29,2,3,2023,lsda_clean,a Japanese Bizen stoneware vase,a French Puisaye stoneware vase,A,B,1,0,0,0,"Shares the dark, dripped glaze and textured surface treatment seen in A-alone.",Decorated with figural scenes and ornamental bands matching B-alone's narrative style and patterned finish.,qwen3-vl-235b-a22b-instruct
eval_1091,sample_0482,pair_029,29,2,3,2023,native_SS,a Japanese Bizen stoneware vase,a French Puisaye stoneware vase,A,B,1,0,0,0,dripped glaze and dark tonal contrast resemble A-alone’s expressive ceramic surface treatment,"earthy matte texture and rustic finish match B-alone's handcrafted, unglazed appearance",qwen3-vl-235b-a22b-instruct
eval_1619,sample_0789,pair_029,29,3,1,3031,lsda_clean,a Japanese Bizen stoneware vase,a French Puisaye stoneware vase,A,B,1,0,0,0,mottled brown glaze and speckled texture mirror A-alone’s material impression,ornate floral motifs and layered glaze patterns match B-alone’s decorative technique,qwen3-vl-235b-a22b-instruct
eval_0795,sample_0789,pair_029,29,3,1,3031,native_SS,a Japanese Bizen stoneware vase,a French Puisaye stoneware vase,A,A,0,1,1,0,"Both exhibit smooth, monochromatic brown glaze with subtle tonal variation.","Both share dark, speckled glaze and matte, earthy texture.",qwen3-vl-235b-a22b-instruct
eval_1693,sample_0024,pair_029,29,3,2,3032,lsda_clean,a Japanese Bizen stoneware vase,a French Puisaye stoneware vase,A,B,1,0,0,0,"Matte, speckled dark brown glaze texture matching A-alone.",Decorated with painted figural motifs and banded ornament like B-alone.,qwen3-vl-235b-a22b-instruct
eval_0190,sample_0024,pair_029,29,3,2,3032,native_SS,a Japanese Bizen stoneware vase,a French Puisaye stoneware vase,A,A,0,1,1,0,"same coarse, ribbed, dark brown surface texture as A-alone","matte, textured, monochrome earth tone finish like A-alone",qwen3-vl-235b-a22b-instruct
eval_0511,sample_0355,pair_029,29,3,3,3033,lsda_clean,a Japanese Bizen stoneware vase,a French Puisaye stoneware vase,A,B,1,0,0,0,"dark, textured glaze with horizontal striations matches A-alone's surface finish",colorful painted motifs and decorative bands match B-alone's ornamental style,qwen3-vl-235b-a22b-instruct
eval_1518,sample_0355,pair_029,29,3,3,3033,native_SS,a Japanese Bizen stoneware vase,a French Puisaye stoneware vase,B,A,0,1,1,1,"Matches B-alone’s figural narrative scene, incised border motifs, and two-handled form.",Shared earthy glaze with speckled texture and mottled brown tones.,qwen3-vl-235b-a22b-instruct
eval_0922,sample_0720,pair_030,30,1,1,1011,lsda_clean,a Chinese Longquan celadon vase,a Thai Si Satchanalai celadon vase,A,B,1,0,0,0,matches A's simpler geometric motifs and smoother glaze finish,shares B's detailed figural relief and celadon glaze texture,qwen3-vl-235b-a22b-instruct
eval_0471,sample_0720,pair_030,30,1,1,1011,native_SS,a Chinese Longquan celadon vase,a Thai Si Satchanalai celadon vase,A,B,1,0,0,0,Matches A's simpler geometric motifs and smoother celadon surface finish.,Shares B's detailed figural relief and celadon glaze texture.,qwen3-vl-235b-a22b-instruct
eval_1043,sample_0750,pair_030,30,1,2,1012,lsda_clean,a Chinese Longquan celadon vase,a Thai Si Satchanalai celadon vase,A,B,1,0,0,0,Same engraved narrative scenes and matte jade finish as A-alone.,Same raised figural relief and jade texture as B-alone.,qwen3-vl-235b-a22b-instruct
eval_0214,sample_0750,pair_030,30,1,2,1012,native_SS,a Chinese Longquan celadon vase,a Thai Si Satchanalai celadon vase,B,A,0,1,1,1,High-relief figural carving and dense narrative motifs match B-alone.,"Smooth, unembellished celadon glaze with subtle tonal variation matches A-alone.",qwen3-vl-235b-a22b-instruct
eval_0271,sample_0159,pair_030,30,1,3,1013,lsda_clean,a Chinese Longquan celadon vase,a Thai Si Satchanalai celadon vase,A,B,1,0,0,0,shares the same crackled glaze finish and subtle incised patterns as A-alone,features similar figural relief carving and glaze texture as B-alone,qwen3-vl-235b-a22b-instruct
eval_1077,sample_0159,pair_030,30,1,3,1013,native_SS,a Chinese Longquan celadon vase,a Thai Si Satchanalai celadon vase,B,A,0,1,1,1,exhibits smooth celadon finish and minimal decoration like B-alone,shares similar crackled glaze texture and subtle incised motifs with A-alone,qwen3-vl-235b-a22b-instruct
eval_0480,sample_0703,pair_030,30,2,1,2021,lsda_clean,a Chinese Longquan celadon vase,a Thai Si Satchanalai celadon vase,A,B,1,0,0,0,"Matches A's smooth, minimally decorated glaze surface.",Shares B's detailed relief carving and ornamental motifs.,qwen3-vl-235b-a22b-instruct
eval_1323,sample_0703,pair_030,30,2,1,2021,native_SS,a Chinese Longquan celadon vase,a Thai Si Satchanalai celadon vase,A,B,1,0,0,0,Matches A's smooth celadon glaze and subtle crackle finish.,Shares B's incised figural motifs and textured glaze pattern.,qwen3-vl-235b-a22b-instruct
eval_0351,sample_0650,pair_030,30,2,2,2022,lsda_clean,a Chinese Longquan celadon vase,a Thai Si Satchanalai celadon vase,B,A,0,1,1,1,"matches B-alone’s deeper green tone, glossy finish, and dragon-handled ornamentation",shares similar pale celadon glaze and subtle incised floral motifs with A-alone,qwen3-vl-235b-a22b-instruct
eval_0074,sample_0650,pair_030,30,2,2,2022,native_SS,a Chinese Longquan celadon vase,a Thai Si Satchanalai celadon vase,A,B,1,0,0,0,engraved landscape motif and matte surface texture closely match A-alone's decorative style,"smooth celadon glaze with subtle texture and no raised handles, matching B-alone's finish",qwen3-vl-235b-a22b-instruct
eval_0866,sample_0314,pair_030,30,2,3,2023,lsda_clean,a Chinese Longquan celadon vase,a Thai Si Satchanalai celadon vase,A,B,1,0,0,0,Matches A's geometric panel design and matte surface finish.,Shares B's carved Buddha motif and similar glaze texture.,qwen3-vl-235b-a22b-instruct
eval_1423,sample_0314,pair_030,30,2,3,2023,native_SS,a Chinese Longquan celadon vase,a Thai Si Satchanalai celadon vase,A,B,1,0,0,0,Matches A's geometric lattice and floral relief patterns.,Shares B's carved Buddha motif and panel framing.,qwen3-vl-235b-a22b-instruct
eval_1676,sample_0867,pair_030,30,3,1,3031,lsda_clean,a Chinese Longquan celadon vase,a Thai Si Satchanalai celadon vase,A,B,1,0,0,0,"Matches A's muted celadon tone, narrative scene carving, and shallow incised texture.","Shares B's pale celadon glaze, figural relief motif, and high-relief sculptural finish.",qwen3-vl-235b-a22b-instruct
eval_1227,sample_0867,pair_030,30,3,1,3031,native_SS,a Chinese Longquan celadon vase,a Thai Si Satchanalai celadon vase,A,B,1,0,0,0,"Both share a smooth, uncarved surface with crackle glaze texture and uniform celadon coloration.","Both feature dense, high-relief narrative carvings with similar matte celadon finish and figural motifs.",qwen3-vl-235b-a22b-instruct
eval_0189,sample_0422,pair_030,30,3,2,3032,lsda_clean,a Chinese Longquan celadon vase,a Thai Si Satchanalai celadon vase,A,B,1,0,0,0,Matches A's geometric paneling and low-relief figural motifs.,Shares B's dense floral relief and glaze texture.,qwen3-vl-235b-a22b-instruct
eval_0243,sample_0422,pair_030,30,3,2,3032,native_SS,a Chinese Longquan celadon vase,a Thai Si Satchanalai celadon vase,A,B,1,0,0,0,relief panels with figural scenes match A-alone's decorative motifs,smooth uncarved glaze surface matches B-alone's finish,qwen3-vl-235b-a22b-instruct
eval_0308,sample_0407,pair_030,30,3,3,3033,lsda_clean,a Chinese Longquan celadon vase,a Thai Si Satchanalai celadon vase,A,B,1,0,0,0,displays incised geometric patterns and smooth finish consistent with A-alone's surface style,features raised floral relief and textured surface matching B-alone's decorative technique,qwen3-vl-235b-a22b-instruct
eval_0305,sample_0407,pair_030,30,3,3,3033,native_SS,a Chinese Longquan celadon vase,a Thai Si Satchanalai celadon vase,A,B,1,0,0,0,"matches A's smooth, uncarved surface and uniform celadon finish with minimal ornament",shares B's subtle relief carving and pale celadon glaze with faint pictorial motifs,qwen3-vl-235b-a22b-instruct
eval_1025,sample_0614,pair_031,31,1,1,1011,lsda_clean,a Japanese maki-e lacquerware box,a Thai lai rod nam lacquerware box,B,A,0,1,1,1,Red lacquer base with silver/gold temple motif and floral borders matches B-alone.,Black lacquer ground with gold leaf trees and landscape motifs matches A-alone.,qwen3-vl-235b-a22b-instruct
eval_1788,sample_0614,pair_031,31,1,1,1011,native_SS,a Japanese maki-e lacquerware box,a Thai lai rod nam lacquerware box,B,A,0,1,1,1,Red lacquer base with gilded temple motif and ornate border matches B-alone's decorative system.,Black lacquer ground with gold and colored landscape painting matches A-alone's surface style.,qwen3-vl-235b-a22b-instruct
eval_1652,sample_0784,pair_031,31,1,2,1012,lsda_clean,a Japanese maki-e lacquerware box,a Thai lai rod nam lacquerware box,A,B,1,0,0,0,Gold background with black ink landscape painting mirrors A-alone's surface aesthetic.,Red lacquer with gilded temple motifs matches B-alone's color and decorative style.,qwen3-vl-235b-a22b-instruct
eval_0863,sample_0784,pair_031,31,1,2,1012,native_SS,a Japanese maki-e lacquerware box,a Thai lai rod nam lacquerware box,B,B,0,1,0,1,Black ground with gold temple scene mirrors B-alone’s ornamental technique and motif.,Red lacquer with gold temple motifs matches B-alone's color and decorative style.,qwen3-vl-235b-a22b-instruct
eval_1669,sample_0263,pair_031,31,1,3,1013,lsda_clean,a Japanese maki-e lacquerware box,a Thai lai rod nam lacquerware box,A,B,1,0,0,0,Golden-yellow ground with black ink-style landscape painting mirrors A-alone’s monochromatic scenic design.,Black lacquer with gold dragon and floral motifs matches B-alone’s ornate gilded decoration.,qwen3-vl-235b-a22b-instruct
eval_1144,sample_0263,pair_031,31,1,3,1013,native_SS,a Japanese maki-e lacquerware box,a Thai lai rod nam lacquerware box,A,B,1,0,0,0,"Yellow-gold ground with black ink-style landscape painting, mirroring A-alone’s material impression and motif style.","Black ground with gold lacquer motifs of pagodas and trees, matching B-alone’s color system and decorative technique.",qwen3-vl-235b-a22b-instruct
eval_1663,sample_0330,pair_031,31,2,1,2021,lsda_clean,a Japanese maki-e lacquerware box,a Thai lai rod nam lacquerware box,A,B,1,0,0,0,Matches A-alone’s rounded form with gold-toned landscape on black lacquer and similar texture.,"Shares black ground with gold landscape and animal motifs, matching B-alone's surface style.",qwen3-vl-235b-a22b-instruct
eval_1630,sample_0330,pair_031,31,2,1,2021,native_SS,a Japanese maki-e lacquerware box,a Thai lai rod nam lacquerware box,A,B,1,0,0,0,"Matches A-alone’s rounded form with black body, gold-orange landscape painting, and metallic trim.",Shares black ground with gold-orange landscape motifs and similar lacquer finish as B-alone.,qwen3-vl-235b-a22b-instruct
eval_1099,sample_0875,pair_031,31,2,2,2022,lsda_clean,a Japanese maki-e lacquerware box,a Thai lai rod nam lacquerware box,A,B,1,0,0,0,Matches A-alone’s golden ground and black ink landscape painting style.,Shares deep red-brown lacquer and temple motif with B-alone.,qwen3-vl-235b-a22b-instruct
eval_0673,sample_0875,pair_031,31,2,2,2022,native_SS,a Japanese maki-e lacquerware box,a Thai lai rod nam lacquerware box,A,B,1,0,0,0,Matches A-alone’s gold-ground landscape painting style and black ink detailing.,"Shares dark lacquer base and reddish-brown tonal palette with B-alone, differing from A's gold ground.",qwen3-vl-235b-a22b-instruct
eval_1175,sample_0258,pair_031,31,2,3,2023,lsda_clean,a Japanese maki-e lacquerware box,a Thai lai rod nam lacquerware box,A,B,1,0,0,0,Black base with gold landscape scene and cloud motifs mirrors A-alone’s decorative finish.,Red lacquer with temple motifs and black detailing matches B-alone’s surface style.,qwen3-vl-235b-a22b-instruct
eval_0153,sample_0258,pair_031,31,2,3,2023,native_SS,a Japanese maki-e lacquerware box,a Thai lai rod nam lacquerware box,A,B,1,0,0,0,Black lacquer with gold cloud and tree motifs echoes A-alone’s landscape and ornamental finish.,Black lacquer with gold temple motifs matches B-alone's architectural decoration style.,qwen3-vl-235b-a22b-instruct
eval_0003,sample_0564,pair_031,31,3,1,3031,lsda_clean,a Japanese maki-e lacquerware box,a Thai lai rod nam lacquerware box,A,B,1,0,0,0,Gold ground with ink-wash landscape painting mirrors A-alone’s surface aesthetic and texture.,"Black lacquer with gold temple motifs matches B-alone's ornate, dark-toned decorative style.",qwen3-vl-235b-a22b-instruct
eval_0926,sample_0564,pair_031,31,3,1,3031,native_SS,a Japanese maki-e lacquerware box,a Thai lai rod nam lacquerware box,A,B,1,0,0,0,plain black finish resembles A-alone’s minimalist surface despite different color,black lacquer with gold temple motif matches B-alone's dark base and architectural scene,qwen3-vl-235b-a22b-instruct
eval_0807,sample_0626,pair_031,31,3,2,3032,lsda_clean,a Japanese maki-e lacquerware box,a Thai lai rod nam lacquerware box,A,B,1,0,0,0,"Matches A-alone’s black ground with gold landscape scenes and cloud motifs, same material impression.","Shares black lacquer base with gold temple motifs and ornate border, matching B-alone’s decorative technique.",qwen3-vl-235b-a22b-instruct
eval_0636,sample_0626,pair_031,31,3,2,3032,native_SS,a Japanese maki-e lacquerware box,a Thai lai rod nam lacquerware box,A,A,0,1,1,0,Black ground with gold temple and tree scenes mirrors A-alone’s decorative technique.,Black lacquer with gold landscape motifs matches A-alone's surface style.,qwen3-vl-235b-a22b-instruct
eval_0220,sample_0872,pair_031,31,3,3,3033,lsda_clean,a Japanese maki-e lacquerware box,a Thai lai rod nam lacquerware box,A,B,1,0,0,0,Gold ground with ink-wash pine and pavilion scene mirrors A-alone’s monochromatic landscape texture.,Red lacquer with temple motifs and floral borders matches B-alone’s ornamental style.,qwen3-vl-235b-a22b-instruct
eval_0173,sample_0872,pair_031,31,3,3,3033,native_SS,a Japanese maki-e lacquerware box,a Thai lai rod nam lacquerware box,B,A,0,1,1,1,red lacquer with black outlines and floral borders matches B-alone,gold ground with ink-wash landscape motifs matches A-alone,qwen3-vl-235b-a22b-instruct
eval_1163,sample_0896,pair_032,32,1,1,1011,lsda_clean,a Japanese maki-e lacquerware tray,a Burmese shwe zawa lacquerware tray,A,B,1,0,0,0,Gold-and-black landscape with red-trunked trees and soft gradations mirrors A's color system and painterly texture.,"Red-orange lacquer with black linear motifs matches B's ornate, high-contrast decorative technique.",qwen3-vl-235b-a22b-instruct
eval_1392,sample_0896,pair_032,32,1,1,1011,native_SS,a Japanese maki-e lacquerware tray,a Burmese shwe zawa lacquerware tray,B,A,0,1,1,1,"Matches B's temple architecture, gold-on-black palette, and ornate border detailing.","Shares A's black ground, gold landscape, and red accent trees with similar brushwork texture.",qwen3-vl-235b-a22b-instruct
eval_1447,sample_0718,pair_032,32,1,2,1012,lsda_clean,a Japanese maki-e lacquerware tray,a Burmese shwe zawa lacquerware tray,A,B,1,0,0,0,gold-ground with black ink-style landscape painting mirrors A-alone's decorative finish,dark lacquer with fine red-brown landscape motifs matches B-alone's surface style,qwen3-vl-235b-a22b-instruct
eval_0877,sample_0718,pair_032,32,1,2,1012,native_SS,a Japanese maki-e lacquerware tray,a Burmese shwe zawa lacquerware tray,A,B,1,0,0,0,gold ground with black ink-style mountain and tree motifs closely mirrors A-alone’s material impression and ornament,"dark lacquer base with fine gold landscape motifs matches B-alone’s rich, deep-toned decorative style",qwen3-vl-235b-a22b-instruct
eval_1405,sample_0609,pair_032,32,1,3,1013,lsda_clean,a Japanese maki-e lacquerware tray,a Burmese shwe zawa lacquerware tray,A,B,1,0,0,0,"Gold-yellow background with bird, blossoms, and bridge mirrors A-alone’s color system and naturalistic motifs.",Red-orange ground with black architectural motifs matches B-alone's dark base and gold-brown building style.,qwen3-vl-235b-a22b-instruct
eval_0022,sample_0609,pair_032,32,1,3,1013,native_SS,a Japanese maki-e lacquerware tray,a Burmese shwe zawa lacquerware tray,B,A,0,1,1,1,dark lacquer base with architectural scene and stippled cloud texture matches B-alone,warm golden ground with naturalistic landscape and floral motifs matches A-alone,qwen3-vl-235b-a22b-instruct
eval_0983,sample_0711,pair_032,32,2,1,2021,lsda_clean,a Japanese maki-e lacquerware tray,a Burmese shwe zawa lacquerware tray,A,B,1,0,0,0,Gold-leaf background with ink-wash landscape and rock textures mirrors A-alone's surface treatment.,Black lacquer ground with gold temple motifs matches B-alone's decorative system.,qwen3-vl-235b-a22b-instruct
eval_0179,sample_0711,pair_032,32,2,1,2021,native_SS,a Japanese maki-e lacquerware tray,a Burmese shwe zawa lacquerware tray,A,B,1,0,0,0,"Matches A-alone’s gold ground, ink-wash trees, and architectural scene in tone and texture.",Shares dark lacquer base with gold temple motifs and ornate border like B-alone.,qwen3-vl-235b-a22b-instruct
eval_0803,sample_0394,pair_032,32,2,2,2022,lsda_clean,a Japanese maki-e lacquerware tray,a Burmese shwe zawa lacquerware tray,A,B,1,0,0,0,"Gold ground with ink-wash landscape and birds mirrors A-alone’s color system, texture, and pictorial motif style.",Red lacquer with black ornamental motifs and script matches B-alone's dark ground and intricate decorative technique.,qwen3-vl-235b-a22b-instruct
eval_0419,sample_0394,pair_032,32,2,2,2022,native_SS,a Japanese maki-e lacquerware tray,a Burmese shwe zawa lacquerware tray,A,B,1,0,0,0,Gold-toned background with misty landscape and birds echoes A-alone’s monochromatic ink-wash aesthetic on gold.,Black ground with gold architectural and figural motifs matches B-alone’s dark lacquer and ornate gilded scene.,qwen3-vl-235b-a22b-instruct
eval_1157,sample_0189,pair_032,32,2,3,2023,lsda_clean,a Japanese maki-e lacquerware tray,a Burmese shwe zawa lacquerware tray,A,B,1,0,0,0,Gold ground with ink-wash landscape painting mirrors A-alone’s material impression and motif style.,Red lacquer ground with black architectural motifs matches B-alone's color system and decorative technique.,qwen3-vl-235b-a22b-instruct
eval_1625,sample_0189,pair_032,32,2,3,2023,native_SS,a Japanese maki-e lacquerware tray,a Burmese shwe zawa lacquerware tray,A,B,1,0,0,0,Gold-toned background with ink-wash landscape and calligraphy aligns with A-alone’s material impression and texture.,Deep red lacquer ground with black architectural motifs matches B-alone’s color system and decorative technique.,qwen3-vl-235b-a22b-instruct
eval_0831,sample_0719,pair_032,32,3,1,3031,lsda_clean,a Japanese maki-e lacquerware tray,a Burmese shwe zawa lacquerware tray,A,B,1,0,0,0,gold-ground ink-wash landscape painting with soft tonal gradations matches A-alone’s motif and finish,reddish-brown lacquer with dense geometric/figural carving matches B-alone’s surface texture and ornament,qwen3-vl-235b-a22b-instruct
eval_1345,sample_0719,pair_032,32,3,1,3031,native_SS,a Japanese maki-e lacquerware tray,a Burmese shwe zawa lacquerware tray,A,B,1,0,0,0,black lacquer with red floral motif echoes A's painted landscape style and color contrast,gold filigree pattern on dark ground matches B's intricate carved texture and warm tone,qwen3-vl-235b-a22b-instruct
eval_1306,sample_0424,pair_032,32,3,2,3032,lsda_clean,a Japanese maki-e lacquerware tray,a Burmese shwe zawa lacquerware tray,A,B,1,0,0,0,"Matches A-alone’s black ground, gold detailing, and pine tree motif.",Shares warm orange-brown ground and landscape motif with B-alone.,qwen3-vl-235b-a22b-instruct
eval_0001,sample_0424,pair_032,32,3,2,3032,native_SS,a Japanese maki-e lacquerware tray,a Burmese shwe zawa lacquerware tray,A,B,1,0,0,0,"Matches A-alone’s black ground, gold/ochre palette, and bird-and-pine-tree motif.","Shares warm orange-brown ground and landscape motif with B-alone, despite different medium.",qwen3-vl-235b-a22b-instruct
eval_1700,sample_0466,pair_032,32,3,3,3033,lsda_clean,a Japanese maki-e lacquerware tray,a Burmese shwe zawa lacquerware tray,A,B,1,0,0,0,gold ground with ink-wash pine trees and birds matches A-alone's material impression and texture,black ground with red-orange border and gold tree motif matches B-alone's color system and ornament,qwen3-vl-235b-a22b-instruct
eval_0118,sample_0466,pair_032,32,3,3,3033,native_SS,a Japanese maki-e lacquerware tray,a Burmese shwe zawa lacquerware tray,B,A,0,1,1,1,"black ground with red-accented temple scene and ornate border, matching B-alone’s color system and decorative technique","gold ground with ink-wash pine landscape, matching A-alone’s material and motif",qwen3-vl-235b-a22b-instruct
eval_1585,sample_0760,pair_033,33,1,1,1011,lsda_clean,a Chinese carved cinnabar-lacquer box,a Bhutanese lacquered wooden box,A,B,1,0,0,0,Matches A-alone’s monochromatic cinnabar-red carved relief with figural scenes and textured depth.,"Shares black-ground lacquer with gold and red ornamental motifs, matching B-alone’s surface finish and decorative technique.",qwen3-vl-235b-a22b-instruct
eval_0623,sample_0760,pair_033,33,1,1,1011,native_SS,a Chinese carved cinnabar-lacquer box,a Bhutanese lacquered wooden box,A,B,1,0,0,0,"matches solid red lacquer, high-relief figural carving, and ornate architectural framing",shares dark base with red dragon motifs and black-red contrast finish,qwen3-vl-235b-a22b-instruct
eval_0448,sample_0042,pair_033,33,1,2,1012,lsda_clean,a Chinese carved cinnabar-lacquer box,a Bhutanese lacquered wooden box,A,B,1,0,0,0,Matches A-alone’s deep red carved lacquer texture and continuous figural relief patterns.,"Shares black lacquer ground with gold and red painted motifs, matching B-alone’s decorative technique and color system.",qwen3-vl-235b-a22b-instruct
eval_0561,sample_0042,pair_033,33,1,2,1012,native_SS,a Chinese carved cinnabar-lacquer box,a Bhutanese lacquered wooden box,A,B,1,0,0,0,Matches A-alone’s deep red carved lacquer with raised figural and architectural scenes.,Shares black ground with gold/red painted motifs and ornate border patterns like B-alone.,qwen3-vl-235b-a22b-instruct
eval_1391,sample_0048,pair_033,33,1,3,1013,lsda_clean,a Chinese carved cinnabar-lacquer box,a Bhutanese lacquered wooden box,A,B,1,0,0,0,Black ground with gold-painted architectural and landscape motifs matches B-alone's color system and surface ornament.,Red lacquer with deep relief carving and figural scenes matches A-alone's material and decorative technique.,qwen3-vl-235b-a22b-instruct
eval_0935,sample_0048,pair_033,33,1,3,1013,native_SS,a Chinese carved cinnabar-lacquer box,a Bhutanese lacquered wooden box,A,A,0,1,1,0,"Same red carved lacquer texture, depth, and narrative ornamentation as A-alone.","Red carved lacquer with figural scenes and deep relief, matching A-alone’s material and motif style.",qwen3-vl-235b-a22b-instruct
eval_1728,sample_0327,pair_033,33,2,1,2021,lsda_clean,a Chinese carved cinnabar-lacquer box,a Bhutanese lacquered wooden box,A,B,1,0,0,0,Matches A-alone’s deep red carved relief with openwork and landscape figures.,Shares black lacquer ground with painted figural scenes and floral borders like B-alone.,qwen3-vl-235b-a22b-instruct
eval_1567,sample_0327,pair_033,33,2,1,2021,native_SS,a Chinese carved cinnabar-lacquer box,a Bhutanese lacquered wooden box,A,B,1,0,0,0,solid red carved cinnabar-style surface with raised relief scenes matches A-alone,dark lacquer ground with painted figures and landscape motifs matches B-alone,qwen3-vl-235b-a22b-instruct
eval_1723,sample_0607,pair_033,33,2,2,2022,lsda_clean,a Chinese carved cinnabar-lacquer box,a Bhutanese lacquered wooden box,A,B,1,0,0,0,Matches A-alone’s deep red carved lacquer with raised figural and landscape relief.,Shares black ground with gold/red ornamental motifs and painted figures like B-alone.,qwen3-vl-235b-a22b-instruct
eval_0582,sample_0607,pair_033,33,2,2,2022,native_SS,a Chinese carved cinnabar-lacquer box,a Bhutanese lacquered wooden box,A,B,1,0,0,0,Uniform cinnabar-red carved lacquer with continuous narrative scenes matches A-alone’s texture and ornament.,Deeply carved black lacquer with red relief and figural motifs matches B-alone’s surface style.,qwen3-vl-235b-a22b-instruct
eval_1661,sample_0165,pair_033,33,2,3,2023,lsda_clean,a Chinese carved cinnabar-lacquer box,a Bhutanese lacquered wooden box,A,B,1,0,0,0,Rich red cinnabar lacquer with high-relief landscape motifs closely mirrors A-alone’s decorative texture and color.,Deeply carved black lacquer with figural scenes and geometric borders matches B-alone’s surface treatment.,qwen3-vl-235b-a22b-instruct
eval_0725,sample_0165,pair_033,33,2,3,2023,native_SS,a Chinese carved cinnabar-lacquer box,a Bhutanese lacquered wooden box,A,B,1,0,0,0,deep red carved relief with landscape scenes mirrors A-alone’s material and decorative technique,dark lacquer with incised black motifs and geometric borders matches B-alone's surface finish,qwen3-vl-235b-a22b-instruct
eval_0303,sample_0128,pair_033,33,3,1,3031,lsda_clean,a Chinese carved cinnabar-lacquer box,a Bhutanese lacquered wooden box,A,B,1,0,0,0,"Matches A-alone’s solid cinnabar-red carved surface, uniform texture, and figural motif style.","Shares dark lacquer base with red-orange relief and black inlay, matching B-alone’s color system and surface finish.",qwen3-vl-235b-a22b-instruct
eval_0791,sample_0128,pair_033,33,3,1,3031,native_SS,a Chinese carved cinnabar-lacquer box,a Bhutanese lacquered wooden box,A,B,1,0,0,0,deep red carved lacquer with high-relief figural panels mirrors A-alone's material and texture,black lacquer with gold inlay and narrative scenes matches B-alone's surface treatment,qwen3-vl-235b-a22b-instruct
eval_1543,sample_0799,pair_033,33,3,2,3032,lsda_clean,a Chinese carved cinnabar-lacquer box,a Bhutanese lacquered wooden box,A,B,1,0,0,0,"Black lacquer base with red inlay depicting landscape and figures, matching B's color system and decorative technique.",Deeply carved red lacquer with raised figural scenes and architectural motifs.,qwen3-vl-235b-a22b-instruct
eval_1107,sample_0799,pair_033,33,3,2,3032,native_SS,a Chinese carved cinnabar-lacquer box,a Bhutanese lacquered wooden box,A,B,1,0,0,0,deeply carved cinnabar-red relief with figural scenes matches A-alone's texture and decorative technique,dark lacquer ground with red-orange pictorial inlay matches B-alone's surface finish and motif style,qwen3-vl-235b-a22b-instruct
eval_0026,sample_0421,pair_033,33,3,3,3033,lsda_clean,a Chinese carved cinnabar-lacquer box,a Bhutanese lacquered wooden box,A,B,1,0,0,0,Matches A-alone’s deep red carved relief texture and continuous narrative motifs.,Shares painted figural panels and multi-color lacquer finish with B-alone.,qwen3-vl-235b-a22b-instruct
eval_0628,sample_0421,pair_033,33,3,3,3033,native_SS,a Chinese carved cinnabar-lacquer box,a Bhutanese lacquered wooden box,A,B,1,0,0,0,vibrant red lacquer with deep relief narrative scenes matches A-alone's color and texture,dark wood with figural relief carving and aged patina matches B-alone's material and ornament,qwen3-vl-235b-a22b-instruct
eval_0902,sample_0629,pair_034,34,1,1,1011,lsda_clean,a Japanese raden lacquerware lidded box,a Mexican Olinalá lacquerware lidded box,A,B,1,0,0,0,red lacquer surface with landscape painting matches A-alone,ornate floral motifs and black ground with gold/colored accents match B-alone,qwen3-vl-235b-a22b-instruct
eval_1712,sample_0629,pair_034,34,1,1,1011,native_SS,a Japanese raden lacquerware lidded box,a Mexican Olinalá lacquerware lidded box,A,B,1,0,0,0,glossy red finish with landscape painting matches A-alone,ornate floral motifs and bright colors on black ground match B-alone,qwen3-vl-235b-a22b-instruct
eval_0248,sample_0170,pair_034,34,1,2,1012,lsda_clean,a Japanese raden lacquerware lidded box,a Mexican Olinalá lacquerware lidded box,A,B,1,0,0,0,gold landscape with birds and delicate blossoms on black ground matches A-alone's decorative finish,vibrant floral motifs and bold red-orange palette match B-alone's surface style,qwen3-vl-235b-a22b-instruct
eval_1496,sample_0170,pair_034,34,1,2,1012,native_SS,a Japanese raden lacquerware lidded box,a Mexican Olinalá lacquerware lidded box,A,B,1,0,0,0,Black ground with gold landscape and red/white blossoms mirrors A-alone’s ornamental style.,Red-orange floral motifs and glossy finish match B-alone's surface decoration.,qwen3-vl-235b-a22b-instruct
eval_0295,sample_0475,pair_034,34,1,3,1013,lsda_clean,a Japanese raden lacquerware lidded box,a Mexican Olinalá lacquerware lidded box,A,B,1,0,0,0,Cloud patterns and red-gold accents align with A-alone.,Floral motif and vibrant color palette match B-alone.,qwen3-vl-235b-a22b-instruct
eval_0100,sample_0475,pair_034,34,1,3,1013,native_SS,a Japanese raden lacquerware lidded box,a Mexican Olinalá lacquerware lidded box,A,B,1,0,0,0,Cloud patterns and red-gold palette align with A-alone’s ornamental style.,Floral motifs and green leaves match B-alone’s surface decoration.,qwen3-vl-235b-a22b-instruct
eval_0396,sample_0716,pair_034,34,2,1,2021,lsda_clean,a Japanese raden lacquerware lidded box,a Mexican Olinalá lacquerware lidded box,A,B,1,0,0,0,black ground with delicate gold and pink floral painting mirrors A-alone's aesthetic,vibrant floral motifs and multicolored decorative bands match B-alone's surface style,qwen3-vl-235b-a22b-instruct
eval_0422,sample_0716,pair_034,34,2,1,2021,native_SS,a Japanese raden lacquerware lidded box,a Mexican Olinalá lacquerware lidded box,A,B,1,0,0,0,smooth black lacquer finish with subtle gold detailing matches A-alone,ornate floral motifs and bright color palette match B-alone,qwen3-vl-235b-a22b-instruct
eval_0518,sample_0135,pair_034,34,2,2,2022,lsda_clean,a Japanese raden lacquerware lidded box,a Mexican Olinalá lacquerware lidded box,A,B,1,0,0,0,monochrome gold landscape on black ground mirrors A-alone’s material impression,vibrant multicolor figures and geometric borders match B-alone’s decorative style,qwen3-vl-235b-a22b-instruct
eval_1248,sample_0135,pair_034,34,2,2,2022,native_SS,a Japanese raden lacquerware lidded box,a Mexican Olinalá lacquerware lidded box,A,A,0,1,1,0,Matches A-alone’s monochrome black base with delicate gold-toned nature scenes and subtle texture.,Shares black ground with gold/ochre landscape motifs and matte finish like A-alone.,qwen3-vl-235b-a22b-instruct
eval_0746,sample_0278,pair_034,34,2,3,2023,lsda_clean,a Japanese raden lacquerware lidded box,a Mexican Olinalá lacquerware lidded box,A,B,1,0,0,0,Both exhibit fine gold line work on black lacquer with delicate landscape or patterned detailing.,"Both feature bold, stylized floral motifs with similar color saturation and layered decorative technique.",qwen3-vl-235b-a22b-instruct
eval_1641,sample_0278,pair_034,34,2,3,2023,native_SS,a Japanese raden lacquerware lidded box,a Mexican Olinalá lacquerware lidded box,A,B,1,0,0,0,"glossy black finish with gold linear motifs and landscape elements, echoing A's lacquer surface and decorative technique","reddish-brown body with incised narrative scenes and geometric borders, matching B's folkloric ornament and earthy palette",qwen3-vl-235b-a22b-instruct
eval_0066,sample_0580,pair_034,34,3,1,3031,lsda_clean,a Japanese raden lacquerware lidded box,a Mexican Olinalá lacquerware lidded box,A,B,1,0,0,0,Subtle gold leaf and restrained blossom patterns align with A-alone’s refined finish.,Vibrant floral motifs and layered color palette match B-alone’s decorative style.,qwen3-vl-235b-a22b-instruct
eval_1745,sample_0580,pair_034,34,3,1,3031,native_SS,a Japanese raden lacquerware lidded box,a Mexican Olinalá lacquerware lidded box,A,B,1,0,0,0,"matches A-alone’s black ground, gold detailing, and subtle floral patterns",shares bold floral motifs and layered color palette with B-alone,qwen3-vl-235b-a22b-instruct
eval_1329,sample_0293,pair_034,34,3,2,3032,lsda_clean,a Japanese raden lacquerware lidded box,a Mexican Olinalá lacquerware lidded box,A,B,1,0,0,0,gold landscape scenes on black ground match A-alone,vibrant floral motifs and multicolor palette match B-alone,qwen3-vl-235b-a22b-instruct
eval_0470,sample_0293,pair_034,34,3,2,3032,native_SS,a Japanese raden lacquerware lidded box,a Mexican Olinalá lacquerware lidded box,A,A,0,1,1,0,Matches A-alone’s black lacquer base and gold/ochre landscape painting technique.,"Shares black ground with gold and red landscape motifs, matching A-alone's decorative style.",qwen3-vl-235b-a22b-instruct
eval_1039,sample_0485,pair_034,34,3,3,3033,lsda_clean,a Japanese raden lacquerware lidded box,a Mexican Olinalá lacquerware lidded box,A,B,1,0,0,0,red ground with gold-accented blossoms echoes A-alone's color system and decorative technique,vibrant floral motifs and dense ornamental patterns match B-alone's surface style,qwen3-vl-235b-a22b-instruct
eval_0641,sample_0485,pair_034,34,3,3,3033,native_SS,a Japanese raden lacquerware lidded box,a Mexican Olinalá lacquerware lidded box,B,A,0,1,1,1,"Vibrant red ground with dense multicolor floral and bird patterns, echoing B-alone’s busy, colorful decorative style.","Black ground with gold floral motifs and bird, matching A-alone’s restrained metallic ornamentation.",qwen3-vl-235b-a22b-instruct
eval_1432,sample_0844,pair_035,35,1,1,1011,lsda_clean,a Japanese raden lacquerware tray,a Korean najeonchilgi lacquerware tray,A,B,1,0,0,0,rich red-brown wood grain and vertical script align with A-alone’s material impression and decorative finish,dark lacquer with subtle gold detailing and architectural motif matches B-alone's surface style,qwen3-vl-235b-a22b-instruct
eval_0657,sample_0844,pair_035,35,1,1,1011,native_SS,a Japanese raden lacquerware tray,a Korean najeonchilgi lacquerware tray,A,B,1,0,0,0,rich reddish-brown wood tone and smooth luster align with A-alone’s warm color system,"dark lacquer with fine linear grain texture matching B-alone's aged, brushed finish",qwen3-vl-235b-a22b-instruct
eval_1530,sample_0588,pair_035,35,1,2,1012,lsda_clean,a Japanese raden lacquerware tray,a Korean najeonchilgi lacquerware tray,A,B,1,0,0,0,gold-ground painting with pine and water scene mirrors A-alone’s material impression and motif,deep red lacquer with subtle landscape motifs matches B-alone's color and decorative style,qwen3-vl-235b-a22b-instruct
eval_0284,sample_0588,pair_035,35,1,2,1012,native_SS,a Japanese raden lacquerware tray,a Korean najeonchilgi lacquerware tray,A,B,1,0,0,0,gold-ground painting with pine motif and ink wash technique mirror A-alone's decorative surface,dark wood finish and minimal ornament match B-alone's surface style,qwen3-vl-235b-a22b-instruct
eval_1656,sample_0180,pair_035,35,1,3,1013,lsda_clean,a Japanese raden lacquerware tray,a Korean najeonchilgi lacquerware tray,B,B,0,1,0,1,Black ground with gold landscape and floral elements mirrors B-alone’s material impression and ornament style.,Red lacquer ground with gold landscape motifs matches B-alone's color system and decorative technique.,qwen3-vl-235b-a22b-instruct
eval_1422,sample_0180,pair_035,35,1,3,1013,native_SS,a Japanese raden lacquerware tray,a Korean najeonchilgi lacquerware tray,B,B,0,1,0,1,"Matches B's dark ground, gold architectural details, and layered landscape composition.","Shares B's landscape motif, red-orange sky, and gold-leafed mountain textures.",qwen3-vl-235b-a22b-instruct
eval_1017,sample_0190,pair_035,35,2,1,2021,lsda_clean,a Japanese raden lacquerware tray,a Korean najeonchilgi lacquerware tray,A,B,1,0,0,0,Black lacquer tray with red maple and mountain scene mirrors A-alone’s color palette and painted landscape style.,Deep reddish-brown lacquer with carved dragon motif matches B-alone's material and ornament.,qwen3-vl-235b-a22b-instruct
eval_1800,sample_0190,pair_035,35,2,1,2021,native_SS,a Japanese raden lacquerware tray,a Korean najeonchilgi lacquerware tray,B,B,0,1,0,1,"dark wood grain texture and subtle relief carving resemble B's aged, carved surface","deep reddish-brown lacquer with carved geometric pattern, matching B's material and finish",qwen3-vl-235b-a22b-instruct
eval_1605,sample_0746,pair_035,35,2,2,2022,lsda_clean,a Japanese raden lacquerware tray,a Korean najeonchilgi lacquerware tray,A,B,1,0,0,0,Golden background with pine tree landscape painting mirrors A-alone’s motif and color system.,Red lacquer with geometric border and subtle texture matches B-alone’s material and finish.,qwen3-vl-235b-a22b-instruct
eval_1002,sample_0746,pair_035,35,2,2,2022,native_SS,a Japanese raden lacquerware tray,a Korean najeonchilgi lacquerware tray,A,B,1,0,0,0,gold-ground pine landscape motif and brushwork match A-alone's surface decoration,reddish-brown lacquer with geometric border matches B-alone's color and finish,qwen3-vl-235b-a22b-instruct
eval_0609,sample_0281,pair_035,35,2,3,2023,lsda_clean,a Japanese raden lacquerware tray,a Korean najeonchilgi lacquerware tray,A,B,1,0,0,0,Vibrant orange-red sky with birds and pine motifs on gold ground mirrors A-alone's palette and decorative elements.,Deep reddish-brown lacquer with fine grain texture and calligraphic inscription matches B-alone.,qwen3-vl-235b-a22b-instruct
eval_0778,sample_0281,pair_035,35,2,3,2023,native_SS,a Japanese raden lacquerware tray,a Korean najeonchilgi lacquerware tray,A,B,1,0,0,0,"Matches A-alone’s vibrant sunset palette, brushwork texture, and bird/pine tree motifs.",Shares reddish-orange lacquered background and painted landscape motifs with B-alone.,qwen3-vl-235b-a22b-instruct
eval_1068,sample_0081,pair_035,35,3,1,3031,lsda_clean,a Japanese raden lacquerware tray,a Korean najeonchilgi lacquerware tray,A,B,1,0,0,0,Gold ground with bamboo and bird motif mirrors A-alone’s material impression and decorative technique.,Red lacquer ground with ink-wash landscape and birds matches B-alone’s color system and brushwork texture.,qwen3-vl-235b-a22b-instruct
eval_1705,sample_0081,pair_035,35,3,1,3031,native_SS,a Japanese raden lacquerware tray,a Korean najeonchilgi lacquerware tray,A,B,1,0,0,0,gold ground with ink-wash bamboo motif echoes A-alone's surface style,matte dark wood finish matches B-alone's rim texture and tone,qwen3-vl-235b-a22b-instruct
eval_0979,sample_0450,pair_035,35,3,2,3032,lsda_clean,a Japanese raden lacquerware tray,a Korean najeonchilgi lacquerware tray,A,B,1,0,0,0,"glossy black ground with gold-leaf landscape motif, identical to A-alone’s decorative technique and color system","matte reddish-brown finish with subtle grain, matching B-alone's surface tone and texture",qwen3-vl-235b-a22b-instruct
eval_1256,sample_0450,pair_035,35,3,2,3032,native_SS,a Japanese raden lacquerware tray,a Korean najeonchilgi lacquerware tray,A,B,1,0,0,0,"black ground with gold/silver landscape motif and calligraphy, mirroring A-alone’s decorative style","solid warm red-brown finish with no ornament, matching B-alone's unadorned rim and matte tone",qwen3-vl-235b-a22b-instruct
eval_1777,sample_0230,pair_035,35,3,3,3033,lsda_clean,a Japanese raden lacquerware tray,a Korean najeonchilgi lacquerware tray,B,A,0,1,1,1,Matches B-alone’s dark wood grain texture and carved/engraved surface finish.,Shares gold-ground ink wash landscape and red lacquer rim with A-alone.,qwen3-vl-235b-a22b-instruct
eval_0996,sample_0230,pair_035,35,3,3,3033,native_SS,a Japanese raden lacquerware tray,a Korean najeonchilgi lacquerware tray,A,B,1,0,0,0,gold-leaf background with ink-wash pine trees and misty landscape shares A-alone’s material impression and color system,dark lacquer ground with fine incised or inlaid architectural motifs matches B-alone's texture and decorative technique,qwen3-vl-235b-a22b-instruct
eval_1303,sample_0469,pair_036,36,1,1,1011,lsda_clean,a Japanese maki-e lacquerware vase,a Vietnamese sơn mài lacquerware vase,A,B,1,0,0,0,"Subtle ink-wash landscape on warm-toned ground mirrors A-alone’s restrained, painterly surface.",Black ground with gold floral motifs and red accents matches B-alone’s ornate lacquer style.,qwen3-vl-235b-a22b-instruct
eval_0019,sample_0469,pair_036,36,1,1,1011,native_SS,a Japanese maki-e lacquerware vase,a Vietnamese sơn mài lacquerware vase,B,A,0,1,1,1,Both use white/cream floral painting on black ground with comparable brushwork and glossy surface.,Both feature gold floral motifs on dark ground with similar metallic sheen and lacquer finish.,qwen3-vl-235b-a22b-instruct
eval_1137,sample_0233,pair_036,36,1,2,1012,lsda_clean,a Japanese maki-e lacquerware vase,a Vietnamese sơn mài lacquerware vase,A,B,1,0,0,0,Warm amber-to-black gradient with misty forest scene matches A-alone.,Red-orange gradient background with black landscape motifs matches B-alone.,qwen3-vl-235b-a22b-instruct
eval_0923,sample_0233,pair_036,36,1,2,1012,native_SS,a Japanese maki-e lacquerware vase,a Vietnamese sơn mài lacquerware vase,A,B,1,0,0,0,amber-to-black gradient with misty pine scenery mirrors A-alone’s material impression and motif style,deep red ground with black landscape motifs matches B-alone's color system and decorative technique,qwen3-vl-235b-a22b-instruct
eval_1090,sample_0502,pair_036,36,1,3,1013,lsda_clean,a Japanese maki-e lacquerware vase,a Vietnamese sơn mài lacquerware vase,A,B,1,0,0,0,White chrysanthemum-like blossoms and orange-red background align with A-alone’s surface pattern.,Floral motifs and glossy black finish match B-alone’s decorative style.,qwen3-vl-235b-a22b-instruct
eval_1614,sample_0502,pair_036,36,1,3,1013,native_SS,a Japanese maki-e lacquerware vase,a Vietnamese sơn mài lacquerware vase,A,B,1,0,0,0,"Both use black base with stylized white floral clusters and landscape elements, echoing A-alone’s motif and texture style.","Both feature black ground with red-orange floral motifs and gold detailing, matching B-alone’s color system and decorative technique.",qwen3-vl-235b-a22b-instruct
eval_1683,sample_0534,pair_036,36,2,1,2021,lsda_clean,a Japanese maki-e lacquerware vase,a Vietnamese sơn mài lacquerware vase,A,B,1,0,0,0,Red-to-black gradient with gold landscape scene matches A-alone's color system and motifs.,Black lacquer with gold dragon motif matches B-alone's surface decoration.,qwen3-vl-235b-a22b-instruct
eval_1047,sample_0534,pair_036,36,2,1,2021,native_SS,a Japanese maki-e lacquerware vase,a Vietnamese sơn mài lacquerware vase,A,B,1,0,0,0,cloud and tree motifs with red accents mirror A-alone’s decorative palette and texture,"gold dragon motif and textured landscape match B-alone's ornate, narrative style",qwen3-vl-235b-a22b-instruct
eval_0596,sample_0585,pair_036,36,2,2,2022,lsda_clean,a Japanese maki-e lacquerware vase,a Vietnamese sơn mài lacquerware vase,A,B,1,0,0,0,Warm amber ground with black pine tree motif and calligraphy matches A-alone’s material impression and texture.,Black ground with gold landscape motifs and red accents matches B-alone’s color system and decorative technique.,qwen3-vl-235b-a22b-instruct
eval_1010,sample_0585,pair_036,36,2,2,2022,native_SS,a Japanese maki-e lacquerware vase,a Vietnamese sơn mài lacquerware vase,A,B,1,0,0,0,orange-red ground with black pine trees and calligraphy matches A's color system and brushwork texture,black ground with gold landscape motifs matches B's red-ground black motif style in technique and ornament density,qwen3-vl-235b-a22b-instruct
eval_1665,sample_0631,pair_036,36,2,3,2023,lsda_clean,a Japanese maki-e lacquerware vase,a Vietnamese sơn mài lacquerware vase,A,B,1,0,0,0,Golden landscape scene and dark gradient background mirror A-alone's decorative texture.,Red floral motif and glossy black finish match B-alone's surface style.,qwen3-vl-235b-a22b-instruct
eval_0826,sample_0631,pair_036,36,2,3,2023,native_SS,a Japanese maki-e lacquerware vase,a Vietnamese sơn mài lacquerware vase,B,A,0,1,1,1,red floral pattern on black matches B-alone's surface decoration,gold landscape motif on black ground matches A-alone's style,qwen3-vl-235b-a22b-instruct
eval_0389,sample_0310,pair_036,36,3,1,3031,lsda_clean,a Japanese maki-e lacquerware vase,a Vietnamese sơn mài lacquerware vase,A,B,1,0,0,0,"Gradient amber-to-black background with monochrome landscape painting mirrors A-alone’s subdued, ink-wash aesthetic.","Black ground with red floral motifs and gold detailing matches B-alone’s ornate, high-contrast decorative style.",qwen3-vl-235b-a22b-instruct
eval_1201,sample_0310,pair_036,36,3,1,3031,native_SS,a Japanese maki-e lacquerware vase,a Vietnamese sơn mài lacquerware vase,B,A,0,1,1,1,Both have glossy red-orange ground with bird-and-flower painting and fine brushwork.,Both feature gold-on-dark lacquer with landscape motifs and similar ornamental finish.,qwen3-vl-235b-a22b-instruct
eval_0004,sample_0354,pair_036,36,3,2,3032,lsda_clean,a Japanese maki-e lacquerware vase,a Vietnamese sơn mài lacquerware vase,A,B,1,0,0,0,Landscape scene with gold clouds and trees matches A-alone.,Floral motif and red-orange color palette match B-alone.,qwen3-vl-235b-a22b-instruct
eval_0554,sample_0354,pair_036,36,3,2,3032,native_SS,a Japanese maki-e lacquerware vase,a Vietnamese sơn mài lacquerware vase,A,A,0,1,1,0,"Shares the same landscape scene, gold leaf texture, and red-tinged autumnal trees as A-alone.","Both feature minimalist gold botanical motifs on dark lacquer, with subdued color and fine line work.",qwen3-vl-235b-a22b-instruct
eval_0626,sample_0643,pair_036,36,3,3,3033,lsda_clean,a Japanese maki-e lacquerware vase,a Vietnamese sơn mài lacquerware vase,B,A,0,1,1,1,"Matches the red-orange ground, dark architectural scene, and glossy finish of B-alone.",Shares black ground with gold/white landscape motifs and similar brushwork texture as A-alone.,qwen3-vl-235b-a22b-instruct
eval_0002,sample_0643,pair_036,36,3,3,3033,native_SS,a Japanese maki-e lacquerware vase,a Vietnamese sơn mài lacquerware vase,B,A,0,1,1,1,"Red-orange lacquer with dark pictorial scene, matching B-alone’s color system and surface treatment.",Black ground with gold landscape motifs and similar texture/finish as A-alone.,qwen3-vl-235b-a22b-instruct
eval_0184,sample_0393,pair_037,37,1,1,1011,lsda_clean,a Chinese black-lacquer wooden bowl,a Burmese yun lacquerware bowl,A,B,1,0,0,0,"Matches A-alone’s deep black, smooth, unadorned lacquer finish.",Shares reddish-brown ground and narrative figural motifs with B-alone.,qwen3-vl-235b-a22b-instruct
eval_1360,sample_0393,pair_037,37,1,1,1011,native_SS,a Chinese black-lacquer wooden bowl,a Burmese yun lacquerware bowl,A,B,1,0,0,0,Smooth dark wood finish without ornamentation matches A-alone's surface.,Red lacquer with gold pictorial motifs matches B-alone's decorative style.,qwen3-vl-235b-a22b-instruct
eval_1034,sample_0656,pair_037,37,1,2,1012,lsda_clean,a Chinese black-lacquer wooden bowl,a Burmese yun lacquerware bowl,A,B,1,0,0,0,Black ground with gold landscape motifs mirrors A-alone’s surface decoration and finish.,Red lacquer ground with black figure scenes matches B-alone's color system and motif style.,qwen3-vl-235b-a22b-instruct
eval_1246,sample_0656,pair_037,37,1,2,1012,native_SS,a Chinese black-lacquer wooden bowl,a Burmese yun lacquerware bowl,A,B,1,0,0,0,Black ground with gold architectural landscape mirrors A-alone’s material and decorative finish.,Red lacquer ground with figural scene matches B-alone's color and motif style.,qwen3-vl-235b-a22b-instruct
eval_0256,sample_0305,pair_037,37,1,3,1013,lsda_clean,a Chinese black-lacquer wooden bowl,a Burmese yun lacquerware bowl,A,B,1,0,0,0,Black lacquer with gold landscape scene and fine line work matches A-alone’s decorative texture.,Red lacquer ground with gilded geometric border and central motif matches B-alone’s surface style.,qwen3-vl-235b-a22b-instruct
eval_0541,sample_0305,pair_037,37,1,3,1013,native_SS,a Chinese black-lacquer wooden bowl,a Burmese yun lacquerware bowl,A,B,1,0,0,0,"Black lacquer with landscape scene in gold, matching A-alone’s decorative technique and motif.",Red lacquer ground with geometric border and gilded palace motif matches B-alone’s surface style.,qwen3-vl-235b-a22b-instruct
eval_0867,sample_0169,pair_037,37,2,1,2021,lsda_clean,a Chinese black-lacquer wooden bowl,a Burmese yun lacquerware bowl,A,B,1,0,0,0,Black ground with gold landscape scenes matches A-alone's ornamental style.,Red dragon motif and red-gold palette match B-alone's surface decoration.,qwen3-vl-235b-a22b-instruct
eval_0042,sample_0169,pair_037,37,2,1,2021,native_SS,a Chinese black-lacquer wooden bowl,a Burmese yun lacquerware bowl,A,B,1,0,0,0,Black ground with gold landscape scene matches A-alone.,Red dragon motif and glossy lacquer finish match B-alone.,qwen3-vl-235b-a22b-instruct
eval_1540,sample_0110,pair_037,37,2,2,2022,lsda_clean,a Chinese black-lacquer wooden bowl,a Burmese yun lacquerware bowl,A,B,1,0,0,0,Black ground with gold architectural scenes mirrors A-alone's material impression and ornament.,Red-orange ground with black figural motifs matches B-alone's color system and decorative style.,qwen3-vl-235b-a22b-instruct
eval_1459,sample_0110,pair_037,37,2,2,2022,native_SS,a Chinese black-lacquer wooden bowl,a Burmese yun lacquerware bowl,A,B,1,0,0,0,Black ground with gold architectural motifs mirrors A-alone's surface decoration style.,Red ground with black figural motifs matches B-alone's orange-red ground and animal scenes.,qwen3-vl-235b-a22b-instruct
eval_0028,sample_0228,pair_037,37,2,3,2023,lsda_clean,a Chinese black-lacquer wooden bowl,a Burmese yun lacquerware bowl,A,B,1,0,0,0,Black ground with gold landscape scenes mirrors A-alone’s material impression and ornamental style.,Red lacquer ground with black pictorial motifs matches B-alone’s color system and decorative technique.,qwen3-vl-235b-a22b-instruct
eval_1717,sample_0228,pair_037,37,2,3,2023,native_SS,a Chinese black-lacquer wooden bowl,a Burmese yun lacquerware bowl,A,B,1,0,0,0,Black lacquer with gold landscape motifs and fine line work matches A-alone's surface texture and decoration.,Red lacquer with black geometric border and narrative scene matches B-alone's surface style.,qwen3-vl-235b-a22b-instruct
eval_0321,sample_0525,pair_037,37,3,1,3031,lsda_clean,a Chinese black-lacquer wooden bowl,a Burmese yun lacquerware bowl,A,B,1,0,0,0,Black ground with gold landscape scenes matches A-alone's decorative texture.,Red lacquer with figural motifs matches B-alone's surface style.,qwen3-vl-235b-a22b-instruct
eval_1063,sample_0525,pair_037,37,3,1,3031,native_SS,a Chinese black-lacquer wooden bowl,a Burmese yun lacquerware bowl,A,B,1,0,0,0,Black lacquer with gold landscape scenes mirrors A-alone's material and decorative technique.,Red lacquer with figural panels matches B-alone's color and motif style.,qwen3-vl-235b-a22b-instruct
eval_0741,sample_0235,pair_037,37,3,2,3032,lsda_clean,a Chinese black-lacquer wooden bowl,a Burmese yun lacquerware bowl,A,B,1,0,0,0,Black lacquer with gold architectural scenes matches A-alone.,Red lacquer ground with dragon motifs and geometric borders matches B-alone.,qwen3-vl-235b-a22b-instruct
eval_0959,sample_0235,pair_037,37,3,2,3032,native_SS,a Chinese black-lacquer wooden bowl,a Burmese yun lacquerware bowl,A,B,1,0,0,0,Black lacquer with gold landscape scene mirrors A-alone’s material impression and ornamental style.,Red lacquer ground with gold dragon motif matches B-alone's color system and decorative technique.,qwen3-vl-235b-a22b-instruct
eval_1627,sample_0553,pair_037,37,3,3,3033,lsda_clean,a Chinese black-lacquer wooden bowl,a Burmese yun lacquerware bowl,A,B,1,0,0,0,Black ground with gold landscape motifs and geometric band aligns with A-alone’s surface style.,Red lacquer base with black pictorial scenes matches B-alone’s color system and decorative technique.,qwen3-vl-235b-a22b-instruct
eval_0113,sample_0553,pair_037,37,3,3,3033,native_SS,a Chinese black-lacquer wooden bowl,a Burmese yun lacquerware bowl,B,A,0,1,1,1,red interior and black exterior with red line accents match B-alone,black ground with gold landscape motifs matches A-alone,qwen3-vl-235b-a22b-instruct
eval_0401,sample_0886,pair_038,38,1,1,1011,lsda_clean,a Russian Khokhloma painted wooden bowl,a Ryukyuan lacquerware bowl,A,B,1,0,0,0,Vibrant folk-style floral and architectural painting on wood matches A-alone’s color system and ornamental motifs.,Black lacquer with gold floral motifs and red accents matches B-alone's lacquered finish and decorative technique.,qwen3-vl-235b-a22b-instruct
eval_1527,sample_0886,pair_038,38,1,1,1011,native_SS,a Russian Khokhloma painted wooden bowl,a Ryukyuan lacquerware bowl,A,B,1,0,0,0,"vibrant red floral pattern on wood surface mirrors A-alone’s folk-painted, colorful ornamentation",black lacquer base with floral motifs and gold trim matches B-alone's dark ground and decorative technique,qwen3-vl-235b-a22b-instruct
eval_1455,sample_0658,pair_038,38,1,2,1012,lsda_clean,a Russian Khokhloma painted wooden bowl,a Ryukyuan lacquerware bowl,A,B,1,0,0,0,vibrant floral pattern on yellow-orange background matches A-alone,black ground with gold landscape motif matches B-alone,qwen3-vl-235b-a22b-instruct
eval_0311,sample_0658,pair_038,38,1,2,1012,native_SS,a Russian Khokhloma painted wooden bowl,a Ryukyuan lacquerware bowl,A,B,1,0,0,0,vibrant folk floral pattern on yellow ground mirrors A-alone's decorative texture,black lacquer base with gold and floral motifs matches B-alone's surface style,qwen3-vl-235b-a22b-instruct
eval_0161,sample_0139,pair_038,38,1,3,1013,lsda_clean,a Russian Khokhloma painted wooden bowl,a Ryukyuan lacquerware bowl,A,B,1,0,0,0,Vibrant folk-style flowers on yellow-green background mirrors A-alone’s decorative palette.,Black ground with red floral motifs and gold accents matches B-alone’s lacquer style.,qwen3-vl-235b-a22b-instruct
eval_1699,sample_0139,pair_038,38,1,3,1013,native_SS,a Russian Khokhloma painted wooden bowl,a Ryukyuan lacquerware bowl,A,B,1,0,0,0,Vibrant folk-style flowers on dark background with ornate border aligns with A-alone’s painted decoration.,Black ground with red floral motif and gold accents matches B-alone’s lacquer style.,qwen3-vl-235b-a22b-instruct
eval_1032,sample_0723,pair_038,38,2,1,2021,lsda_clean,a Russian Khokhloma painted wooden bowl,a Ryukyuan lacquerware bowl,A,B,1,0,0,0,vibrant floral pattern on dark background matches A-alone,black ground with gold landscape motif matches B-alone,qwen3-vl-235b-a22b-instruct
eval_1012,sample_0723,pair_038,38,2,1,2021,native_SS,a Russian Khokhloma painted wooden bowl,a Ryukyuan lacquerware bowl,A,B,1,0,0,0,vibrant floral pattern on warm wood-toned ground matches A-alone's decorative texture,black lacquer base with red-gold landscape motif matches B-alone's surface style,qwen3-vl-235b-a22b-instruct
eval_1437,sample_0747,pair_038,38,2,2,2022,lsda_clean,a Russian Khokhloma painted wooden bowl,a Ryukyuan lacquerware bowl,A,B,1,0,0,0,vibrant floral patterns and color palette match A-alone,black lacquer with figural landscape motifs matches B-alone,qwen3-vl-235b-a22b-instruct
eval_1606,sample_0747,pair_038,38,2,2,2022,native_SS,a Russian Khokhloma painted wooden bowl,a Ryukyuan lacquerware bowl,A,B,1,0,0,0,vibrant floral patterns and color palette match A-alone's folk decoration,black ground with gold figurative motifs matches B-alone's lacquer style,qwen3-vl-235b-a22b-instruct
eval_0662,sample_0533,pair_038,38,2,3,2023,lsda_clean,a Russian Khokhloma painted wooden bowl,a Ryukyuan lacquerware bowl,A,B,1,0,0,0,Vibrant floral painting on warm wood tone matches A-alone's decorative texture and color system.,Red lacquer ground with gold landscape motifs matches B-alone's surface style.,qwen3-vl-235b-a22b-instruct
eval_0677,sample_0533,pair_038,38,2,3,2023,native_SS,a Russian Khokhloma painted wooden bowl,a Ryukyuan lacquerware bowl,A,B,1,0,0,0,Vibrant floral pattern on dark ground with green leaves closely mirrors A-alone’s motif and texture.,Red lacquer ground with gold floral motifs matches B-alone's color system and decorative technique.,qwen3-vl-235b-a22b-instruct
eval_0655,sample_0877,pair_038,38,3,1,3031,lsda_clean,a Russian Khokhloma painted wooden bowl,a Ryukyuan lacquerware bowl,A,B,1,0,0,0,Vibrant multicolor floral pattern on warm background mirrors A-alone’s color system and painted ornament style.,Black lacquer base with red floral motif and gold detailing matches B-alone's material and decorative technique.,qwen3-vl-235b-a22b-instruct
eval_1351,sample_0877,pair_038,38,3,1,3031,native_SS,a Russian Khokhloma painted wooden bowl,a Ryukyuan lacquerware bowl,A,B,1,0,0,0,vibrant multicolor floral pattern on warm yellow-orange ground closely mirrors A's folk-art bouquet style,black lacquer base with red-orange floral motif and gold trim matches B's dark ground and metallic detailing,qwen3-vl-235b-a22b-instruct
eval_0683,sample_0548,pair_038,38,3,2,3032,lsda_clean,a Russian Khokhloma painted wooden bowl,a Ryukyuan lacquerware bowl,A,B,1,0,0,0,Vibrant red and green floral pattern with bold outlines mirrors A-alone’s decorative texture.,Black lacquer with gold cloud and landscape motifs matches B-alone’s surface style.,qwen3-vl-235b-a22b-instruct
eval_0972,sample_0548,pair_038,38,3,2,3032,native_SS,a Russian Khokhloma painted wooden bowl,a Ryukyuan lacquerware bowl,A,B,1,0,0,0,"Matches A-alone’s vibrant red-orange palette, dense floral patterns, and folk-art texture.","Shares black ground, red interior, and gold floral motifs with B-alone.",qwen3-vl-235b-a22b-instruct
eval_1324,sample_0333,pair_038,38,3,3,3033,lsda_clean,a Russian Khokhloma painted wooden bowl,a Ryukyuan lacquerware bowl,A,B,1,0,0,0,vibrant floral pattern on dark ground with red/orange tones matches A-alone's decorative scheme,black ground with gold dragon motif and fine line work matches B-alone's lacquer style,qwen3-vl-235b-a22b-instruct
eval_0417,sample_0333,pair_038,38,3,3,3033,native_SS,a Russian Khokhloma painted wooden bowl,a Ryukyuan lacquerware bowl,A,B,1,0,0,0,Vibrant floral motifs on dark ground with red-orange accents closely mirror A-alone’s decorative palette and texture.,Black lacquer ground with fine gold line work and pictorial scene matches B-alone’s surface technique.,qwen3-vl-235b-a22b-instruct
eval_1453,sample_0028,pair_039,39,1,1,1011,lsda_clean,a Japanese Tsugaru-nuri lacquerware box,a Kashmiri papier-mâché lacquer box,A,B,1,0,0,0,Landscape painting with autumn trees and muted tones mirrors A-alone’s surface aesthetic.,Vibrant floral and bird motifs on dark ground match B-alone’s decorative style.,qwen3-vl-235b-a22b-instruct
eval_1328,sample_0028,pair_039,39,1,1,1011,native_SS,a Japanese Tsugaru-nuri lacquerware box,a Kashmiri papier-mâché lacquer box,A,B,1,0,0,0,landscape painting with ink-wash trees and mountains mirrors A-alone’s pictorial texture and palette,"gold filigree and geometric motifs match B-alone's ornate, patterned surface style",qwen3-vl-235b-a22b-instruct
eval_1011,sample_0474,pair_039,39,1,2,1012,lsda_clean,a Japanese Tsugaru-nuri lacquerware box,a Kashmiri papier-mâché lacquer box,A,B,1,0,0,0,Landscape scene with birds and warm orange-red background matches A-alone’s pictorial and color scheme.,"Floral pattern and gold detailing match B-alone’s ornate, symmetrical motif style.",qwen3-vl-235b-a22b-instruct
eval_1066,sample_0474,pair_039,39,1,2,1012,native_SS,a Japanese Tsugaru-nuri lacquerware box,a Kashmiri papier-mâché lacquer box,A,B,1,0,0,0,landscape scene with orange sky and black borders mirrors A-alone’s pictorial surface treatment,rich floral motifs and gold detailing on black ground match B-alone’s ornamental style,qwen3-vl-235b-a22b-instruct
eval_0656,sample_0873,pair_039,39,1,3,1013,lsda_clean,a Japanese Tsugaru-nuri lacquerware box,a Kashmiri papier-mâché lacquer box,A,B,1,0,0,0,Landscape scene with black silhouettes and warm wood tones mirrors A-alone’s aesthetic.,Vibrant floral motifs and dense polychrome decoration match B-alone’s surface style.,qwen3-vl-235b-a22b-instruct
eval_1019,sample_0873,pair_039,39,1,3,1013,native_SS,a Japanese Tsugaru-nuri lacquerware box,a Kashmiri papier-mâché lacquer box,A,B,1,0,0,0,dark lacquer with landscape scene and red blossoms mirrors A-alone’s subdued palette and pictorial texture,"rich floral motifs and gold detailing match B-alone's ornate, polychrome surface style",qwen3-vl-235b-a22b-instruct
eval_0279,sample_0206,pair_039,39,2,1,2021,lsda_clean,a Japanese Tsugaru-nuri lacquerware box,a Kashmiri papier-mâché lacquer box,A,B,1,0,0,0,Lacquered landscape with gold detailing matches A-alone.,Floral motif and polychrome enamel finish match B-alone.,qwen3-vl-235b-a22b-instruct
eval_1473,sample_0206,pair_039,39,2,1,2021,native_SS,a Japanese Tsugaru-nuri lacquerware box,a Kashmiri papier-mâché lacquer box,B,A,0,1,1,1,"Features dense multicolored floral patterns on dark ground, matching B-alone’s decorative style.",Shares black ground with gold floral motifs and lacquer finish like A-alone.,qwen3-vl-235b-a22b-instruct
eval_1430,sample_0528,pair_039,39,2,2,2022,lsda_clean,a Japanese Tsugaru-nuri lacquerware box,a Kashmiri papier-mâché lacquer box,A,B,1,0,0,0,Landscape scene with muted gold and black tones mirrors A-alone’s aesthetic.,Floral motifs and vibrant color palette match B-alone's surface decoration.,qwen3-vl-235b-a22b-instruct
eval_1300,sample_0528,pair_039,39,2,2,2022,native_SS,a Japanese Tsugaru-nuri lacquerware box,a Kashmiri papier-mâché lacquer box,B,A,0,1,1,1,"Matches B-alone’s vibrant floral patterns, bold color palette, and ornate border decoration.",Shares muted gold-brown landscape motif and lacquer finish with A-alone.,qwen3-vl-235b-a22b-instruct
eval_1016,sample_0641,pair_039,39,2,3,2023,lsda_clean,a Japanese Tsugaru-nuri lacquerware box,a Kashmiri papier-mâché lacquer box,A,B,1,0,0,0,landscape scene with gold accents and black lacquer base mirrors A-alone's pictorial style,"rich floral pattern and dark ground match B-alone's ornate, dense decoration",qwen3-vl-235b-a22b-instruct
eval_0855,sample_0641,pair_039,39,2,3,2023,native_SS,a Japanese Tsugaru-nuri lacquerware box,a Kashmiri papier-mâché lacquer box,B,A,0,1,1,1,Matches B-alone’s floral pattern density and color saturation.,Shares landscape motif and lacquer finish with A-alone.,qwen3-vl-235b-a22b-instruct
eval_1049,sample_0638,pair_039,39,3,1,3031,lsda_clean,a Japanese Tsugaru-nuri lacquerware box,a Kashmiri papier-mâché lacquer box,A,B,1,0,0,0,red ground with black ink-style landscape motif matches A-alone,dense floral mosaic pattern and multicolor enamel-like finish match B-alone,qwen3-vl-235b-a22b-instruct
eval_1146,sample_0638,pair_039,39,3,1,3031,native_SS,a Japanese Tsugaru-nuri lacquerware box,a Kashmiri papier-mâché lacquer box,B,A,0,1,1,1,"Plain dark surface resembles B-alone’s frame color and matte finish, unlike A’s red ground.","Shares landscape motif and lacquer finish with A-alone, not floral density of B.",qwen3-vl-235b-a22b-instruct
eval_0882,sample_0125,pair_039,39,3,2,3032,lsda_clean,a Japanese Tsugaru-nuri lacquerware box,a Kashmiri papier-mâché lacquer box,A,B,1,0,0,0,Lacquered black ground with gold landscape scene matches A-alone’s decorative technique.,Floral motif and polychrome enamel texture match B-alone’s surface style.,qwen3-vl-235b-a22b-instruct
eval_1489,sample_0125,pair_039,39,3,2,3032,native_SS,a Japanese Tsugaru-nuri lacquerware box,a Kashmiri papier-mâché lacquer box,A,B,1,0,0,0,Black lacquer with gold landscape motif matches A-alone’s surface style.,Floral mosaic pattern and warm color palette match B-alone's surface decoration.,qwen3-vl-235b-a22b-instruct
eval_1773,sample_0683,pair_039,39,3,3,3033,lsda_clean,a Japanese Tsugaru-nuri lacquerware box,a Kashmiri papier-mâché lacquer box,A,B,1,0,0,0,Red lacquer with black landscape scene matches A-alone’s material and motif style.,Floral motifs and vibrant color palette match B-alone's surface decoration.,qwen3-vl-235b-a22b-instruct
eval_1100,sample_0683,pair_039,39,3,3,3033,native_SS,a Japanese Tsugaru-nuri lacquerware box,a Kashmiri papier-mâché lacquer box,A,A,0,1,1,0,"matches A-alone’s red-black palette, pine-and-rock scene, and distressed lacquer texture","shares muted earth tones, ink-wash landscape motif, and aged lacquer finish with A-alone",qwen3-vl-235b-a22b-instruct
eval_0962,sample_0162,pair_040,40,1,1,1011,lsda_clean,a Chinese lacquered folding screen,a Vietnamese sơn mài lacquer screen,A,B,1,0,0,0,Warm golden-yellow background with muted ink-style architecture and figures aligns with A-alone’s tonal palette and texture.,"Deep black lacquer ground with gold landscape motifs matches B-alone’s high-contrast, richly detailed surface.",qwen3-vl-235b-a22b-instruct
eval_1636,sample_0162,pair_040,40,1,1,1011,native_SS,a Chinese lacquered folding screen,a Vietnamese sơn mài lacquer screen,A,B,1,0,0,0,"matches A's warm golden ground, muted ink tones, and softer landscape rendering",shares B's dark lacquer ground and detailed gold/white painted motifs,qwen3-vl-235b-a22b-instruct
eval_0181,sample_0569,pair_040,40,1,2,1012,lsda_clean,a Chinese lacquered folding screen,a Vietnamese sơn mài lacquer screen,A,B,1,0,0,0,"Matches A's monochromatic ink-wash style, muted tones, and architectural focus.","Shares B's warm gold ground, detailed landscape painting, and ornate border motifs.",qwen3-vl-235b-a22b-instruct
eval_0265,sample_0569,pair_040,40,1,2,1012,native_SS,a Chinese lacquered folding screen,a Vietnamese sơn mài lacquer screen,A,B,1,0,0,0,Matches A's muted ink-wash palette and architectural motifs.,Shares B's luminous gold ground and detailed landscape brushwork.,qwen3-vl-235b-a22b-instruct
eval_0212,sample_0114,pair_040,40,1,3,1013,lsda_clean,a Chinese lacquered folding screen,a Vietnamese sơn mài lacquer screen,A,B,1,0,0,0,"Matches A's lighter gold ground, softer brushwork, and simpler architectural rendering without heavy borders.","Shares B's ornate black lacquer border and denser, more detailed ink-wash landscape texture.",qwen3-vl-235b-a22b-instruct
eval_0021,sample_0114,pair_040,40,1,3,1013,native_SS,a Chinese lacquered folding screen,a Vietnamese sơn mài lacquer screen,A,B,1,0,0,0,"Matches A's lighter tonal range, softer mountain forms, and more open composition with red-accented pavilion.","Shares B's darker ink wash, denser foliage, and richer gold ground with detailed architectural rendering.",qwen3-vl-235b-a22b-instruct
eval_0671,sample_0606,pair_040,40,2,1,2021,lsda_clean,a Chinese lacquered folding screen,a Vietnamese sơn mài lacquer screen,A,B,1,0,0,0,lighter beige ground with red architectural accents matching A-alone, warmer gold ground and denser ink wash texture like B-alone,qwen3-vl-235b-a22b-instruct
eval_1241,sample_0606,pair_040,40,2,1,2021,native_SS,a Chinese lacquered folding screen,a Vietnamese sơn mài lacquer screen,A,B,1,0,0,0, cooler beige tone with crisp architectural details matching A-alone, warmer golden ground and denser ink wash texture like B-alone,qwen3-vl-235b-a22b-instruct
eval_1160,sample_0630,pair_040,40,2,2,2022,lsda_clean,a Chinese lacquered folding screen,a Vietnamese sơn mài lacquer screen,A,B,1,0,0,0,"Matches A’s lighter gold ground, softer brushwork, and sparse architectural motifs.","Shares B's dense ink wash texture, dark border ornament, and calligraphic script placement.",qwen3-vl-235b-a22b-instruct
eval_1798,sample_0630,pair_040,40,2,2,2022,native_SS,a Chinese lacquered folding screen,a Vietnamese sơn mài lacquer screen,A,B,1,0,0,0,"Matches A's muted gold ground, softer brushwork, and minimal framing.",Shares B's ornate border and richer gold tone with detailed ink wash texture.,qwen3-vl-235b-a22b-instruct
eval_0604,sample_0338,pair_040,40,2,3,2023,lsda_clean,a Chinese lacquered folding screen,a Vietnamese sơn mài lacquer screen,A,B,1,0,0,0,"matches A's cooler gold ground, sharper architectural lines, and calligraphic border","shares B's warmer gold tone, softer brushwork, and naturalistic landscape motifs",qwen3-vl-235b-a22b-instruct
eval_0576,sample_0338,pair_040,40,2,3,2023,native_SS,a Chinese lacquered folding screen,a Vietnamese sơn mài lacquer screen,A,B,1,0,0,0,"Matches A's lighter gold tone, softer misty landscape, and calligraphic border treatment.","Shares B's rich gold ground, dense ink wash trees, and detailed pavilions with birds in flight.",qwen3-vl-235b-a22b-instruct
eval_0949,sample_0748,pair_040,40,3,1,3031,lsda_clean,a Chinese lacquered folding screen,a Vietnamese sơn mài lacquer screen,B,A,0,1,1,1,"Matches B-alone’s darker palette, detailed floral accents, and ornate border finish.",Shares warm gold ground and ink-wash mountain motifs with A-alone.,qwen3-vl-235b-a22b-instruct
eval_0565,sample_0748,pair_040,40,3,1,3031,native_SS,a Chinese lacquered folding screen,a Vietnamese sơn mài lacquer screen,B,A,0,1,1,1,"Matches B-alone’s high-contrast black lacquer, gilded detailing, and floral accents.",Shares muted gold ground and ink-wash mountain motifs with A-alone.,qwen3-vl-235b-a22b-instruct
eval_1159,sample_0702,pair_040,40,3,2,3032,lsda_clean,a Chinese lacquered folding screen,a Vietnamese sơn mài lacquer screen,A,B,1,0,0,0,"Matches A's lighter gold tone, softer brushwork, and red architectural accents without heavy framing.","Shares B's dense black border, gold ground, and fine ink-wash landscape motifs with uniform texture.",qwen3-vl-235b-a22b-instruct
eval_1199,sample_0702,pair_040,40,3,2,3032,native_SS,a Chinese lacquered folding screen,a Vietnamese sơn mài lacquer screen,A,B,1,0,0,0,Matches A's red-roofed pavilion motif and overall color balance despite scale differences.,Shares B's monochromatic ink-wash landscape and gold-ground finish without red accents.,qwen3-vl-235b-a22b-instruct
eval_0441,sample_0064,pair_040,40,3,3,3033,lsda_clean,a Chinese lacquered folding screen,a Vietnamese sơn mài lacquer screen,A,B,1,0,0,0,"Matches A's lighter tonal range, sparser composition, and simpler architectural rendering.","Shares B's denser ink wash, finer brushwork, and more detailed landscape motifs on gold ground.",qwen3-vl-235b-a22b-instruct
eval_0859,sample_0064,pair_040,40,3,3,3033,native_SS,a Chinese lacquered folding screen,a Vietnamese sơn mài lacquer screen,A,B,1,0,0,0,"Matches A's lighter tonal range, architectural focus, and decorative border pattern.",Shares B's dense ink wash texture and naturalistic landscape motifs with birds and water.,qwen3-vl-235b-a22b-instruct
eval_1710,sample_0093,pair_041,41,1,1,1011,lsda_clean,a Chinese cloisonné vase,a Georgian Minankari enamel vase,A,B,1,0,0,0,Matches A's turquoise-blue ground with naturalistic peony blossoms and gold vine tracery.,Shares B's dense geometric floral motifs and white-ground enamel texture.,qwen3-vl-235b-a22b-instruct
eval_0394,sample_0093,pair_041,41,1,1,1011,native_SS,a Chinese cloisonné vase,a Georgian Minankari enamel vase,A,B,1,0,0,0,mirrors the soft peony blossoms and turquoise ground of A-alone,shares dense floral motifs and blue/white enamel palette with B-alone,qwen3-vl-235b-a22b-instruct
eval_1649,sample_0260,pair_041,41,1,2,1012,lsda_clean,a Chinese cloisonné vase,a Georgian Minankari enamel vase,A,B,1,0,0,0,Matches A-alone’s softer floral palette and tree branch composition.,Shares dense floral motifs and cobalt blue ground with B-alone.,qwen3-vl-235b-a22b-instruct
eval_1269,sample_0260,pair_041,41,1,2,1012,native_SS,a Chinese cloisonné vase,a Georgian Minankari enamel vase,B,A,0,1,1,1,matches B's dense geometric borders and cooler blue palette,shares A's floral motif and warm color accents on blue ground,qwen3-vl-235b-a22b-instruct
eval_1612,sample_0678,pair_041,41,1,3,1013,lsda_clean,a Chinese cloisonné vase,a Georgian Minankari enamel vase,A,B,1,0,0,0,landscape scene with blossoming branches on turquoise ground matches A-alone,dense floral enamel motifs and cobalt blue ground match B-alone,qwen3-vl-235b-a22b-instruct
eval_1364,sample_0678,pair_041,41,1,3,1013,native_SS,a Chinese cloisonné vase,a Georgian Minankari enamel vase,A,B,1,0,0,0,lighter blue ground with branch-and-blossom pattern matches A-alone,dense floral enamel motifs and deep blue ground match B-alone,qwen3-vl-235b-a22b-instruct
eval_0219,sample_0022,pair_041,41,2,1,2021,lsda_clean,a Chinese cloisonné vase,a Georgian Minankari enamel vase,A,B,1,0,0,0,sparse floral arrangement and gold-trimmed blue ground match A-alone,dense floral motifs and rich enamel texture match B-alone,qwen3-vl-235b-a22b-instruct
eval_1685,sample_0022,pair_041,41,2,1,2021,native_SS,a Chinese cloisonné vase,a Georgian Minankari enamel vase,A,B,1,0,0,0,sparse peony blossoms on cobalt ground with gilded accents mirror A-alone's surface style,dense floral enamel motifs and rich blue ground match B-alone's surface decoration,qwen3-vl-235b-a22b-instruct
eval_0743,sample_0778,pair_041,41,2,2,2022,lsda_clean,a Chinese cloisonné vase,a Georgian Minankari enamel vase,A,B,1,0,0,0,soft peony blossoms and flowing vine patterns align with A-alone's decorative scheme,rich floral motifs and segmented panels match B-alone's ornate cloisonné style,qwen3-vl-235b-a22b-instruct
eval_0612,sample_0778,pair_041,41,2,2,2022,native_SS,a Chinese cloisonné vase,a Georgian Minankari enamel vase,A,B,1,0,0,0,matches A-alone’s blue ground and peony pattern style,shares dense floral motifs and enamel texture with B-alone,qwen3-vl-235b-a22b-instruct
eval_1479,sample_0654,pair_041,41,2,3,2023,lsda_clean,a Chinese cloisonné vase,a Georgian Minankari enamel vase,A,B,1,0,0,0,"matches A-alone’s naturalistic peony blossoms, soft pink tones, and flowing botanical layout",shares dense geometric floral motifs and red-orange accents on cobalt ground with B-alone,qwen3-vl-235b-a22b-instruct
eval_1318,sample_0654,pair_041,41,2,3,2023,native_SS,a Chinese cloisonné vase,a Georgian Minankari enamel vase,A,B,1,0,0,0,matches A-alone’s large pink peonies and naturalistic plant tendrils on blue ground,shares dense geometric floral motifs and red-orange accents with B-alone,qwen3-vl-235b-a22b-instruct
eval_0790,sample_0268,pair_041,41,3,1,3031,lsda_clean,a Chinese cloisonné vase,a Georgian Minankari enamel vase,A,B,1,0,0,0,painted landscape with peonies and blue ground matches A-alone’s decorative motifs and color system,dense floral and geometric enamel patterns on white ground match B-alone’s surface style,qwen3-vl-235b-a22b-instruct
eval_1689,sample_0268,pair_041,41,3,1,3031,native_SS,a Chinese cloisonné vase,a Georgian Minankari enamel vase,A,B,1,0,0,0,"blue ground with naturalistic garden scene including pavilion and peonies, mirroring A-alone’s pictorial motif and color palette","dense symmetrical floral patterns with gold outlines and multicolor enamel, matching B-alone’s surface decoration style",qwen3-vl-235b-a22b-instruct
eval_1237,sample_0103,pair_041,41,3,2,3032,lsda_clean,a Chinese cloisonné vase,a Georgian Minankari enamel vase,A,B,1,0,0,0,large peony blooms and lighter blue ground with gold trim match A-alone,dense geometric floral motifs and dark blue ground match B-alone,qwen3-vl-235b-a22b-instruct
eval_1192,sample_0103,pair_041,41,3,2,3032,native_SS,a Chinese cloisonné vase,a Georgian Minankari enamel vase,A,B,1,0,0,0,large peony blossoms with soft color gradients and gold trim resemble A-alone's decorative style,dense floral and geometric enamel motifs on dark blue ground match B-alone's surface pattern,qwen3-vl-235b-a22b-instruct
eval_0475,sample_0803,pair_041,41,3,3,3033,lsda_clean,a Chinese cloisonné vase,a Georgian Minankari enamel vase,A,B,1,0,0,0,soft peony blossoms and light blue enamel background mirror A-alone's decorative texture,dense floral and geometric enamel motifs on deep blue ground match B-alone's surface style,qwen3-vl-235b-a22b-instruct
eval_0817,sample_0803,pair_041,41,3,3,3033,native_SS,a Chinese cloisonné vase,a Georgian Minankari enamel vase,A,B,1,0,0,0,light blue ground with naturalistic peony blossoms and vines matching A-alone,deep blue ground with dense floral and geometric cloisonné patterns matching B-alone,qwen3-vl-235b-a22b-instruct
eval_0765,sample_0150,pair_042,42,1,1,1011,lsda_clean,a Chinese cloisonné box,a Korean chilbo enamel box,A,B,1,0,0,0,"Matches A-alone’s rounded form surface decoration style, color palette, and floral pattern density.","Shares deep blue ground, floral-bird motif, and cloisonné enamel texture with B-alone.",qwen3-vl-235b-a22b-instruct
eval_0702,sample_0150,pair_042,42,1,1,1011,native_SS,a Chinese cloisonné box,a Korean chilbo enamel box,A,B,1,0,0,0,"Matches A's rounded form, dense floral pattern, and mosaic-like enamel finish.","Shares B's vibrant blue ground, floral-bird motif, and cloisonné enamel texture.",qwen3-vl-235b-a22b-instruct
eval_1065,sample_0699,pair_042,42,1,2,1012,lsda_clean,a Chinese cloisonné box,a Korean chilbo enamel box,A,B,1,0,0,0,"matches A-alone’s deep blue ground, dragon motif, and gold-trimmed cloisonné texture",shares pastel floral motifs and soft color palette with B-alone,qwen3-vl-235b-a22b-instruct
eval_1603,sample_0699,pair_042,42,1,2,1012,native_SS,a Chinese cloisonné box,a Korean chilbo enamel box,A,A,0,1,1,0,"Blue enamel base with landscape scene and gold trim, stylistically consistent with A-alone’s material impression and ornament.",Deep blue enamel ground with floral and figural motifs matching A-alone's palette and decorative density.,qwen3-vl-235b-a22b-instruct
eval_1760,sample_0531,pair_042,42,1,3,1013,lsda_clean,a Chinese cloisonné box,a Korean chilbo enamel box,A,B,1,0,0,0,"matches A-alone’s turquoise ground, bird motif, and metallic band detailing",shares pink floral motifs and soft enamel texture with B-alone,qwen3-vl-235b-a22b-instruct
eval_1009,sample_0531,pair_042,42,1,3,1013,native_SS,a Chinese cloisonné box,a Korean chilbo enamel box,A,B,1,0,0,0,"Matches A's color scheme, bird motif style, and metallic border texture.","Shares B's turquoise ground, pink/white floral palette, and fine enamel brushwork.",qwen3-vl-235b-a22b-instruct
eval_0811,sample_0367,pair_042,42,2,1,2021,lsda_clean,a Chinese cloisonné box,a Korean chilbo enamel box,A,B,1,0,0,0,"matches A's deep cobalt blue ground, landscape scenes, and denser enamel detailing",shares B's bright turquoise ground and soft pink floral motifs with fine gold outlining,qwen3-vl-235b-a22b-instruct
eval_1264,sample_0367,pair_042,42,2,1,2021,native_SS,a Chinese cloisonné box,a Korean chilbo enamel box,B,A,0,1,1,1,"Matches B-alone’s bright turquoise ground, floral patterns, and smooth enamel finish.","Shares deep blue ground, landscape motifs, and cloisonné enamel texture with A-alone.",qwen3-vl-235b-a22b-instruct
eval_0008,sample_0897,pair_042,42,2,2,2022,lsda_clean,a Chinese cloisonné box,a Korean chilbo enamel box,A,B,1,0,0,0,Deep blue enamel with yellow/white flowers and gold geometric borders matches A-alone's palette and ornament.,Teal ground with pink peonies and gold branches matches B-alone's color system and floral motifs.,qwen3-vl-235b-a22b-instruct
eval_0465,sample_0897,pair_042,42,2,2,2022,native_SS,a Chinese cloisonné box,a Korean chilbo enamel box,A,A,0,1,1,0,"Matches A-alone’s cobalt blue field, gilded borders, and dense cloisonné-style floral decoration.","Shares deep blue ground, gold filigree, and similar floral enamel motifs with A-alone.",qwen3-vl-235b-a22b-instruct
eval_0323,sample_0400,pair_042,42,2,3,2023,lsda_clean,a Chinese cloisonné box,a Korean chilbo enamel box,A,B,1,0,0,0,"Matches floral pattern, blue enamel ground, and gold outlines of A-alone.",Shares landscape painting style and red border motif with B-alone.,qwen3-vl-235b-a22b-instruct
eval_1358,sample_0400,pair_042,42,2,3,2023,native_SS,a Chinese cloisonné box,a Korean chilbo enamel box,A,B,1,0,0,0,blue ground with scattered flowers and foliage mirrors A-alone’s floral motif placement and palette,yellow ground with dense floral scrollwork matches B-alone's ornamental density and color field,qwen3-vl-235b-a22b-instruct
eval_1775,sample_0378,pair_042,42,3,1,3031,lsda_clean,a Chinese cloisonné box,a Korean chilbo enamel box,A,B,1,0,0,0,"deep blue enamel with white blossoms and gold trim, matching A-alone's color system and motifs","white ground with painted birds and landscape, matching B-alone's surface style",qwen3-vl-235b-a22b-instruct
eval_0156,sample_0378,pair_042,42,3,1,3031,native_SS,a Chinese cloisonné box,a Korean chilbo enamel box,A,B,1,0,0,0,"vibrant blue enamel with floral and architectural motifs, matching A-alone's color system and ornament","white ground with painted landscape and bird motifs, similar to B-alone's surface style",qwen3-vl-235b-a22b-instruct
eval_1731,sample_0065,pair_042,42,3,2,3032,lsda_clean,a Chinese cloisonné box,a Korean chilbo enamel box,A,B,1,0,0,0,matches deep blue ground and peony pattern of A-alone,shares turquoise ground and floral motif style with B-alone,qwen3-vl-235b-a22b-instruct
eval_0126,sample_0065,pair_042,42,3,2,3032,native_SS,a Chinese cloisonné box,a Korean chilbo enamel box,A,B,1,0,0,0,matches deep blue ground and wave pattern texture of A-alone,shares turquoise ground and floral motif style with B-alone,qwen3-vl-235b-a22b-instruct
eval_0185,sample_0323,pair_042,42,3,3,3033,lsda_clean,a Chinese cloisonné box,a Korean chilbo enamel box,A,B,1,0,0,0,Matches A's bird-and-branch composition and enamel texture with white blossoms.,Shares B's floral motif density and pink blossom palette on blue ground.,qwen3-vl-235b-a22b-instruct
eval_0557,sample_0323,pair_042,42,3,3,3033,native_SS,a Chinese cloisonné box,a Korean chilbo enamel box,A,B,1,0,0,0,"matches A-alone’s bird motif, wave pattern, and blue enamel ground",shares similar floral motifs and pink blossom palette with B-alone,qwen3-vl-235b-a22b-instruct
eval_1122,sample_0287,pair_043,43,1,1,1011,lsda_clean,a Russian Fabergé-style guilloché enamel box,an Indian Jaipur meenakari enamel box,A,B,1,0,0,0,deep blue ground with white scrolling motifs and gold trim mirrors A-alone,rich floral enamel with gem-like inlays and multicolor border matches B-alone,qwen3-vl-235b-a22b-instruct
eval_1589,sample_0287,pair_043,43,1,1,1011,native_SS,a Russian Fabergé-style guilloché enamel box,an Indian Jaipur meenakari enamel box,B,B,0,1,0,1,mosaic-like floral pattern and color scheme align with B-alone,rich floral enamel motifs and multicolor palette match B-alone,qwen3-vl-235b-a22b-instruct
eval_0262,sample_0462,pair_043,43,1,2,1012,lsda_clean,a Russian Fabergé-style guilloché enamel box,an Indian Jaipur meenakari enamel box,A,B,1,0,0,0,gold filigree and deep blue ground with symmetrical medallions match A-alone,rich floral enamel motifs and multicolor palette match B-alone,qwen3-vl-235b-a22b-instruct
eval_1088,sample_0462,pair_043,43,1,2,1012,native_SS,a Russian Fabergé-style guilloché enamel box,an Indian Jaipur meenakari enamel box,A,B,1,0,0,0,deep blue ground with gold foliate motifs and white flowers mirrors A-alone,rich floral enamel with multicolor palette and pink accents matches B-alone,qwen3-vl-235b-a22b-instruct
eval_1519,sample_0555,pair_043,43,1,3,1013,lsda_clean,a Russian Fabergé-style guilloché enamel box,an Indian Jaipur meenakari enamel box,A,B,1,0,0,0,soft pastel flowers on blue ground with gilded scrollwork mirrors A-alone,rich floral enamel with dense color palette and gold outlines matches B-alone,qwen3-vl-235b-a22b-instruct
eval_1537,sample_0555,pair_043,43,1,3,1013,native_SS,a Russian Fabergé-style guilloché enamel box,an Indian Jaipur meenakari enamel box,A,B,1,0,0,0,light background with white blossoms and gold scrollwork mirrors A-alone,dense floral enamel with multicolor palette and dark ground matches B-alone,qwen3-vl-235b-a22b-instruct
eval_1581,sample_0558,pair_043,43,2,1,2021,lsda_clean,a Russian Fabergé-style guilloché enamel box,an Indian Jaipur meenakari enamel box,A,B,1,0,0,0,delicate gold filigree and pale blue/white background with restrained floral patterns matches A-alone,vibrant floral enamel with dense multicolor motifs on blue ground matches B-alone,qwen3-vl-235b-a22b-instruct
eval_1346,sample_0558,pair_043,43,2,1,2021,native_SS,a Russian Fabergé-style guilloché enamel box,an Indian Jaipur meenakari enamel box,A,B,1,0,0,0,pale blue ground with gilded scrollwork and medallion echoes A-alone’s material impression and decorative finish,vibrant floral enamel on deep blue ground matches B-alone’s color system and motif density,qwen3-vl-235b-a22b-instruct
eval_1325,sample_0436,pair_043,43,2,2,2022,lsda_clean,a Russian Fabergé-style guilloché enamel box,an Indian Jaipur meenakari enamel box,A,B,1,0,0,0,blue ground with gold scrollwork and central medallion echo A-alone's decorative scheme,dense floral enamel and gemstone motifs match B-alone's surface richness,qwen3-vl-235b-a22b-instruct
eval_0453,sample_0436,pair_043,43,2,2,2022,native_SS,a Russian Fabergé-style guilloché enamel box,an Indian Jaipur meenakari enamel box,A,B,1,0,0,0,blue ground with gold scrollwork and central medallion match A-alone,dense floral enamel motifs and multicolor palette match B-alone,qwen3-vl-235b-a22b-instruct
eval_0552,sample_0376,pair_043,43,2,3,2023,lsda_clean,a Russian Fabergé-style guilloché enamel box,an Indian Jaipur meenakari enamel box,A,B,1,0,0,0,turquoise ground with gold filigree and central medallion mirrors A-alone's material impression,dense floral enamel and gemstone motifs match B-alone's surface decoration,qwen3-vl-235b-a22b-instruct
eval_1062,sample_0376,pair_043,43,2,3,2023,native_SS,a Russian Fabergé-style guilloché enamel box,an Indian Jaipur meenakari enamel box,B,B,0,1,0,1,vibrant blue ground with floral enamel patterns aligns with B-alone’s color system and decorative technique,"dense floral enamel and gemstone motifs match B-alone's ornate, polychrome surface",qwen3-vl-235b-a22b-instruct
eval_0498,sample_0713,pair_043,43,3,1,3031,lsda_clean,a Russian Fabergé-style guilloché enamel box,an Indian Jaipur meenakari enamel box,A,B,1,0,0,0,white enamel ground with gold scrollwork and central blue stone match A-alone,rich floral enamel motifs and dense gemstone texture match B-alone,qwen3-vl-235b-a22b-instruct
eval_0411,sample_0713,pair_043,43,3,1,3031,native_SS,a Russian Fabergé-style guilloché enamel box,an Indian Jaipur meenakari enamel box,B,B,0,1,0,1,vibrant blue enamel ground with scattered floral/gem patterns mirrors B-alone's ornamental style,dense floral enamel and gemstone motifs match B-alone's surface decoration,qwen3-vl-235b-a22b-instruct
eval_1368,sample_0604,pair_043,43,3,2,3032,lsda_clean,a Russian Fabergé-style guilloché enamel box,an Indian Jaipur meenakari enamel box,A,B,1,0,0,0,Blue-ground floral medallion and gold filigree match A-alone.,Floral enamel motifs and green-gold palette match B-alone.,qwen3-vl-235b-a22b-instruct
eval_1089,sample_0604,pair_043,43,3,2,3032,native_SS,a Russian Fabergé-style guilloché enamel box,an Indian Jaipur meenakari enamel box,A,B,1,0,0,0,"matches A-alone’s blue-ground enamel, gold framing, and symmetrical cartouche design",shares dense floral enamel motifs and green-ground palette with B-alone,qwen3-vl-235b-a22b-instruct
eval_0314,sample_0067,pair_043,43,3,3,3033,lsda_clean,a Russian Fabergé-style guilloché enamel box,an Indian Jaipur meenakari enamel box,A,B,1,0,0,0,Light blue ground with gold scrollwork and symmetrical floral patterns closely mirror A-alone’s surface design.,Rich floral and bird motifs with multicolored enamel and gem inlays match B-alone’s decorative complexity.,qwen3-vl-235b-a22b-instruct
eval_0940,sample_0067,pair_043,43,3,3,3033,native_SS,a Russian Fabergé-style guilloché enamel box,an Indian Jaipur meenakari enamel box,A,B,1,0,0,0,"Features light blue enamel with gilded scrolling foliate patterns, closely mirroring A-alone’s color system and ornament style.","Shares dense floral and bird motifs with polychrome enamel on blue ground, matching B-alone’s surface decoration.",qwen3-vl-235b-a22b-instruct
eval_1283,sample_0318,pair_044,44,1,1,1011,lsda_clean,a Japanese shippō cloisonné enamel box,a Russian Rostov finift painted-enamel box,A,B,1,0,0,0,Marine scene with ship and wave texture closely mirrors A-alone's surface style.,Floral motif and gold ornamental border match B-alone's decorative technique.,qwen3-vl-235b-a22b-instruct
eval_0176,sample_0318,pair_044,44,1,1,1011,native_SS,a Japanese shippō cloisonné enamel box,a Russian Rostov finift painted-enamel box,A,B,1,0,0,0,"Matches A-alone’s ship scene, wave texture, and turquoise-blue palette.",Shares deep blue enamel ground and floral motifs with B-alone.,qwen3-vl-235b-a22b-instruct
eval_0398,sample_0331,pair_044,44,1,2,1012,lsda_clean,a Japanese shippō cloisonné enamel box,a Russian Rostov finift painted-enamel box,A,B,1,0,0,0,"The left entity in Candidate AB displays cherry blossoms and wave patterns on a blue-green gradient background, mirroring A-alone’s floral and naturalistic surface design.","The right entity in Candidate AB features a landscape painting with architectural detail and ornate border, matching B-alone’s scenic motif and decorative framing.",qwen3-vl-235b-a22b-instruct
eval_1383,sample_0331,pair_044,44,1,2,1012,native_SS,a Japanese shippō cloisonné enamel box,a Russian Rostov finift painted-enamel box,A,B,1,0,0,0,"matches A-alone’s blue ground, cherry blossom motif, and wave pattern",shares ornate floral border and gilded detailing with B-alone,qwen3-vl-235b-a22b-instruct
eval_1631,sample_0494,pair_044,44,1,3,1013,lsda_clean,a Japanese shippō cloisonné enamel box,a Russian Rostov finift painted-enamel box,A,B,1,0,0,0,Cracked glaze texture and maritime scene echo A-alone’s surface treatment.,Floral motif and gold-trimmed enamel finish match B-alone’s decorative style.,qwen3-vl-235b-a22b-instruct
eval_0499,sample_0494,pair_044,44,1,3,1013,native_SS,a Japanese shippō cloisonné enamel box,a Russian Rostov finift painted-enamel box,B,A,0,1,1,1,Landscape painting and gold-trimmed border resemble B-alone’s finish.,Floral motifs and enamel texture match A-alone’s style.,qwen3-vl-235b-a22b-instruct
eval_0849,sample_0595,pair_044,44,2,1,2021,lsda_clean,a Japanese shippō cloisonné enamel box,a Russian Rostov finift painted-enamel box,A,B,1,0,0,0,Blue ground with bird-and-flower motifs and soft enamel texture align with A-alone’s surface style.,Ornate gold framing and figurative pastoral scene match B-alone’s decorative technique and motif.,qwen3-vl-235b-a22b-instruct
eval_0378,sample_0595,pair_044,44,2,1,2021,native_SS,a Japanese shippō cloisonné enamel box,a Russian Rostov finift painted-enamel box,A,B,1,0,0,0,"Matches A-alone’s bright blue enamel, bird-and-flower motifs, and naturalistic brushwork.",Shares deep blue enamel ground and ornate gilded borders with B-alone.,qwen3-vl-235b-a22b-instruct
eval_1546,sample_0617,pair_044,44,2,2,2022,lsda_clean,a Japanese shippō cloisonné enamel box,a Russian Rostov finift painted-enamel box,A,B,1,0,0,0,"Matches A-alone’s blue ground, cloud motifs, and East Asian architectural scene.","Shares floral border, gold trim, and pastoral landscape motif with B-alone.",qwen3-vl-235b-a22b-instruct
eval_0917,sample_0617,pair_044,44,2,2,2022,native_SS,a Japanese shippō cloisonné enamel box,a Russian Rostov finift painted-enamel box,A,B,1,0,0,0,"Matches A-alone’s deep blue ground, cloud motifs, and East Asian architectural scene.","Shares floral border, gold filigree, and pastoral landscape motif with B-alone.",qwen3-vl-235b-a22b-instruct
eval_0029,sample_0168,pair_044,44,2,3,2023,lsda_clean,a Japanese shippō cloisonné enamel box,a Russian Rostov finift painted-enamel box,A,B,1,0,0,0,Blue wave patterns and ship motif echo A's maritime theme and textured enamel finish.,Rich floral enamel and gold filigree match B's ornate decorative technique and color system.,qwen3-vl-235b-a22b-instruct
eval_1548,sample_0168,pair_044,44,2,3,2023,native_SS,a Japanese shippō cloisonné enamel box,a Russian Rostov finift painted-enamel box,A,B,1,0,0,0,Bright blue enamel with wave patterns and ship scene mirrors A-alone’s maritime theme and color palette.,"Dark enamel base with floral and figurative motifs matches B-alone’s ornate, narrative enamel style.",qwen3-vl-235b-a22b-instruct
eval_0459,sample_0645,pair_044,44,3,1,3031,lsda_clean,a Japanese shippō cloisonné enamel box,a Russian Rostov finift painted-enamel box,A,B,1,0,0,0,Teal ground with botanical motifs and gold trim aligns with A-alone’s surface texture and color system.,Ornate floral border and figurative scene match B-alone’s decorative style.,qwen3-vl-235b-a22b-instruct
eval_1792,sample_0645,pair_044,44,3,1,3031,native_SS,a Japanese shippō cloisonné enamel box,a Russian Rostov finift painted-enamel box,A,B,1,0,0,0,"Blue bird motif and green textured ground echo A-alone’s naturalistic, lacquer-like surface treatment.","Rich floral border and figurative scene match B-alone's ornate, narrative enamel style.",qwen3-vl-235b-a22b-instruct
eval_1506,sample_0391,pair_044,44,3,2,3032,lsda_clean,a Japanese shippō cloisonné enamel box,a Russian Rostov finift painted-enamel box,A,B,1,0,0,0,Matches A-alone’s cherry blossom motif and blue enamel ground.,Shares ornate floral borders and central painted scene with B-alone.,qwen3-vl-235b-a22b-instruct
eval_0230,sample_0391,pair_044,44,3,2,3032,native_SS,a Japanese shippō cloisonné enamel box,a Russian Rostov finift painted-enamel box,A,B,1,0,0,0,blue enamel ground with cherry blossom motifs and soft pastel flowers align with A-alone's surface texture and motif style,gold ornamental border and floral motifs match B-alone's decorative technique and color system,qwen3-vl-235b-a22b-instruct
eval_0532,sample_0167,pair_044,44,3,3,3033,lsda_clean,a Japanese shippō cloisonné enamel box,a Russian Rostov finift painted-enamel box,A,B,1,0,0,0,"Features floral motifs and a white bird on green-blue enamel, mirroring A-alone’s material impression and motif style.","Uses ornate gold scrollwork and landscape painting with Russian architecture, matching B-alone’s decorative technique and color system.",qwen3-vl-235b-a22b-instruct
eval_0675,sample_0167,pair_044,44,3,3,3033,native_SS,a Japanese shippō cloisonné enamel box,a Russian Rostov finift painted-enamel box,A,B,1,0,0,0,"Matches A-alone’s white crane, blossoms, and green-blue enamel palette.",Shares ornate gold scrollwork and landscape motif with B-alone.,qwen3-vl-235b-a22b-instruct
eval_0142,sample_0077,pair_045,45,1,1,1011,lsda_clean,a Spanish Toledo damascened box,a Japanese nunome-zōgan metal-inlay box,A,B,1,0,0,0,"Matches A-alone’s ornate floral border, figural scene, and polychrome inlay.",Shares dark lacquer ground and gold landscape motif with B-alone.,qwen3-vl-235b-a22b-instruct
eval_1582,sample_0077,pair_045,45,1,1,1011,native_SS,a Spanish Toledo damascened box,a Japanese nunome-zōgan metal-inlay box,A,B,1,0,0,0,"Matches A's dark ground, floral border motifs, and figural scene style.",Shares B's gold-toned landscape inlay and geometric border texture.,qwen3-vl-235b-a22b-instruct
eval_0758,sample_0411,pair_045,45,1,2,1012,lsda_clean,a Spanish Toledo damascened box,a Japanese nunome-zōgan metal-inlay box,A,B,1,0,0,0,"Matches A-alone’s dense floral border, figural scene within frame, and ornate gilded detailing.",Shares black lacquer base with gold/silver landscape motifs and cloud patterns like B-alone.,qwen3-vl-235b-a22b-instruct
eval_0815,sample_0411,pair_045,45,1,2,1012,native_SS,a Spanish Toledo damascened box,a Japanese nunome-zōgan metal-inlay box,A,B,1,0,0,0,"Matches A-alone’s floral pattern density, color palette, and ornate border treatment.",Shares black lacquer base with gold cloud/landscape motifs and metallic inlay finish.,qwen3-vl-235b-a22b-instruct
eval_0215,sample_0755,pair_045,45,1,3,1013,lsda_clean,a Spanish Toledo damascened box,a Japanese nunome-zōgan metal-inlay box,A,B,1,0,0,0,"Matches A-alone’s black ground, dense yellow floral patterns, and figural scenes.","Shares dark wood grain, inlaid landscape motifs, and metallic trim with B-alone.",qwen3-vl-235b-a22b-instruct
eval_0954,sample_0755,pair_045,45,1,3,1013,native_SS,a Spanish Toledo damascened box,a Japanese nunome-zōgan metal-inlay box,A,B,1,0,0,0,Matches A-alone’s black ground and gold floral/figural patterns.,Shares warm wood tones and inlaid landscape motifs with B-alone.,qwen3-vl-235b-a22b-instruct
eval_1185,sample_0020,pair_045,45,2,1,2021,lsda_clean,a Spanish Toledo damascened box,a Japanese nunome-zōgan metal-inlay box,A,B,1,0,0,0,Matches ornate geometric and floral patterns with gold on dark ground.,Shares black ground with gold/white pictorial inlay and naturalistic scene motifs.,qwen3-vl-235b-a22b-instruct
eval_0031,sample_0020,pair_045,45,2,1,2021,native_SS,a Spanish Toledo damascened box,a Japanese nunome-zōgan metal-inlay box,A,B,1,0,0,0,Matches A-alone’s dense geometric floral patterns and yellow-gold color system.,Shares black ground with gold/white inlay and naturalistic scene motifs like B-alone.,qwen3-vl-235b-a22b-instruct
eval_1305,sample_0241,pair_045,45,2,2,2022,lsda_clean,a Spanish Toledo damascened box,a Japanese nunome-zōgan metal-inlay box,A,B,1,0,0,0,Matches A-alone’s gold-on-black floral pattern and ornate inlay,Shares dark wood grain and landscape motif with B-alone,qwen3-vl-235b-a22b-instruct
eval_0350,sample_0241,pair_045,45,2,2,2022,native_SS,a Spanish Toledo damascened box,a Japanese nunome-zōgan metal-inlay box,B,A,0,1,1,1,"Displays dark lacquer with landscape scene in muted tones and metallic accents, aligning with B-alone’s material impression and motif style.","Shares yellow-gold ground with black floral motifs and ornate border, matching A-alone’s color system and decorative technique.",qwen3-vl-235b-a22b-instruct
eval_0360,sample_0581,pair_045,45,2,3,2023,lsda_clean,a Spanish Toledo damascened box,a Japanese nunome-zōgan metal-inlay box,A,B,1,0,0,0,Floral border and architectural panel with gold/yellow tones match A-alone's decorative scheme.,Dark lacquer base with inlaid landscape motifs matches B-alone's surface style.,qwen3-vl-235b-a22b-instruct
eval_1255,sample_0581,pair_045,45,2,3,2023,native_SS,a Spanish Toledo damascened box,a Japanese nunome-zōgan metal-inlay box,B,A,0,1,1,1,Matches B's dark lacquer base and inlaid landscape scene style.,Shares A's bright enamel floral motifs and gold-ground texture.,qwen3-vl-235b-a22b-instruct
eval_1123,sample_0827,pair_045,45,3,1,3031,lsda_clean,a Spanish Toledo damascened box,a Japanese nunome-zōgan metal-inlay box,A,B,1,0,0,0,"Matches A-alone’s dense floral arabesque patterns, metallic gold on dark ground, and polished ornamental finish.",Shares dark lacquer base with gold landscape motif and matte finish like B-alone.,qwen3-vl-235b-a22b-instruct
eval_0391,sample_0827,pair_045,45,3,1,3031,native_SS,a Spanish Toledo damascened box,a Japanese nunome-zōgan metal-inlay box,B,A,0,1,1,1,Matches B-alone’s pictorial landscape scene rendered in black lacquer on wood.,Shares dense gold floral motifs and metallic inlay on dark ground with A-alone.,qwen3-vl-235b-a22b-instruct
eval_0270,sample_0858,pair_045,45,3,2,3032,lsda_clean,a Spanish Toledo damascened box,a Japanese nunome-zōgan metal-inlay box,B,B,0,1,0,1,Features similar black ground with intricate silver/white architectural scenes as B-alone.,Shares black lacquer base with gold cloud and landscape motifs like B-alone.,qwen3-vl-235b-a22b-instruct
eval_0599,sample_0858,pair_045,45,3,2,3032,native_SS,a Spanish Toledo damascened box,a Japanese nunome-zōgan metal-inlay box,A,B,1,0,0,0,"Matches floral and figural inlay patterns, color palette, and ornate border treatment.",Shares dark ground with gold/bronze landscape motifs and similar lacquer finish.,qwen3-vl-235b-a22b-instruct
eval_1407,sample_0523,pair_045,45,3,3,3033,lsda_clean,a Spanish Toledo damascened box,a Japanese nunome-zōgan metal-inlay box,B,B,0,1,0,1,monochrome silver/white decorative technique and scene composition align with B-alone,black lacquer with gold landscape motifs matches B-alone's surface style,qwen3-vl-235b-a22b-instruct
eval_0970,sample_0523,pair_045,45,3,3,3033,native_SS,a Spanish Toledo damascened box,a Japanese nunome-zōgan metal-inlay box,B,B,0,1,0,1,"Uses monochrome tonal palette with narrative figural scenes on dark ground, matching B-alone’s aesthetic.",Shares black lacquer ground with gold/silver landscape motifs and fine linear inlay like B-alone.,qwen3-vl-235b-a22b-instruct
eval_1054,sample_0266,pair_046,46,1,1,1011,lsda_clean,a Spanish Toledo damascened vase,a Korean ipsa metal-inlay vase,A,B,1,0,0,0,Matches A-alone’s warm color palette and organic floral patterns.,Shares metallic luster and dense geometric floral motifs with B-alone.,qwen3-vl-235b-a22b-instruct
eval_0960,sample_0266,pair_046,46,1,1,1011,native_SS,a Spanish Toledo damascened vase,a Korean ipsa metal-inlay vase,B,B,0,1,0,1,dark ground with metallic floral patterns mirrors B-alone’s decorative technique,metallic inlay and dense floral motifs match B-alone's surface treatment,qwen3-vl-235b-a22b-instruct
eval_1632,sample_0644,pair_046,46,1,2,1012,lsda_clean,a Spanish Toledo damascened vase,a Korean ipsa metal-inlay vase,A,B,1,0,0,0,"Matches A-alone’s ornate gold detailing, figural scene, and rich polychrome enamel finish.",Shares dark ground with silver/white floral motifs and metallic sheen like B-alone.,qwen3-vl-235b-a22b-instruct
eval_1464,sample_0644,pair_046,46,1,2,1012,native_SS,a Spanish Toledo damascened vase,a Korean ipsa metal-inlay vase,B,B,0,1,0,1,"Similar dark base with delicate white floral patterns and metallic finish, echoing B-alone’s surface treatment and ornamental technique.",Dark ground with fine white floral motifs and metallic sheen matches B-alone's lacquer-like texture and monochrome decorative style.,qwen3-vl-235b-a22b-instruct
eval_0150,sample_0526,pair_046,46,1,3,1013,lsda_clean,a Spanish Toledo damascened vase,a Korean ipsa metal-inlay vase,B,B,0,1,0,1,"features similar black ground, silver/white floral motifs, and geometric framing as B-alone",shares black ground with silver/white floral inlay and geometric borders like B-alone,qwen3-vl-235b-a22b-instruct
eval_0413,sample_0526,pair_046,46,1,3,1013,native_SS,a Spanish Toledo damascened vase,a Korean ipsa metal-inlay vase,B,B,0,1,0,1,"same black ground with silver/white botanical inlay as B-alone, differing from A's figurative gold patterns",dense metallic floral motifs on dark ground match B-alone's surface decoration,qwen3-vl-235b-a22b-instruct
eval_0899,sample_0183,pair_046,46,2,1,2021,lsda_clean,a Spanish Toledo damascened vase,a Korean ipsa metal-inlay vase,B,A,0,1,1,1,Matches B-alone’s gold cloud motifs and dark lacquered surface texture.,Shares intricate figural scenes and metallic inlay on dark ground with A-alone.,qwen3-vl-235b-a22b-instruct
eval_0460,sample_0183,pair_046,46,2,1,2021,native_SS,a Spanish Toledo damascened vase,a Korean ipsa metal-inlay vase,B,B,0,1,0,1,"Matches dark ground, gold tree-and-figure scenes, and metallic inlay technique.",Shares dark ground with gold floral motifs and similar lacquer finish.,qwen3-vl-235b-a22b-instruct
eval_0450,sample_0054,pair_046,46,2,2,2022,lsda_clean,a Spanish Toledo damascened vase,a Korean ipsa metal-inlay vase,B,A,0,1,1,1,"Matches B-alone’s dark ground, floral patterns, and metallic inlay texture.",Shares rich gold figural motifs and ornate black-gold palette with A-alone.,qwen3-vl-235b-a22b-instruct
eval_1600,sample_0054,pair_046,46,2,2,2022,native_SS,a Spanish Toledo damascened vase,a Korean ipsa metal-inlay vase,B,B,0,1,0,1,"Matches B-alone’s dark metal surface, geometric paneling, and intricate filigree texture.",Shares dark metallic ground with floral inlay and fine engraved patterns like B-alone.,qwen3-vl-235b-a22b-instruct
eval_0640,sample_0774,pair_046,46,2,3,2023,lsda_clean,a Spanish Toledo damascened vase,a Korean ipsa metal-inlay vase,A,B,1,0,0,0,"Ornate figural panel with gold framing and polychrome enamel, consistent with A-alone’s decorative scheme.","Dark ground with floral and bird motifs in metallic inlay, matching B-alone's lacquer and metalwork style.",qwen3-vl-235b-a22b-instruct
eval_1217,sample_0774,pair_046,46,2,3,2023,native_SS,a Spanish Toledo damascened vase,a Korean ipsa metal-inlay vase,B,B,0,1,0,1,"Same dark ground, segmented panels, and delicate floral motifs as B-alone.",Dark ground with floral inlay matches B-alone's lacquer and mother-of-pearl technique.,qwen3-vl-235b-a22b-instruct
eval_0424,sample_0463,pair_046,46,3,1,3031,lsda_clean,a Spanish Toledo damascened vase,a Korean ipsa metal-inlay vase,A,B,1,0,0,0,"Matches A's ornate gold filigree, floral panels, and polychrome enamel finish.",Shares B's crackle-glazed texture and bird motif on light ground.,qwen3-vl-235b-a22b-instruct
eval_1207,sample_0463,pair_046,46,3,1,3031,native_SS,a Spanish Toledo damascened vase,a Korean ipsa metal-inlay vase,B,B,0,1,0,1,Matches B-alone’s dark metallic finish and narrative scene decoration style.,Shares dark metal ground with intricate inlaid patterns and figural motifs like B-alone.,qwen3-vl-235b-a22b-instruct
eval_1366,sample_0895,pair_046,46,3,2,3032,lsda_clean,a Spanish Toledo damascened vase,a Korean ipsa metal-inlay vase,B,B,0,1,0,1,"metallic inlay, geometric borders, and dark matte finish align with B-alone’s texture and ornament",silver-inlaid floral motifs and dark ground match B-alone’s surface decoration style,qwen3-vl-235b-a22b-instruct
eval_0090,sample_0895,pair_046,46,3,2,3032,native_SS,a Spanish Toledo damascened vase,a Korean ipsa metal-inlay vase,B,B,0,1,0,1,"Dark ground with dense white linear/ornamental inlay, consistent with B-alone’s decorative finish and texture.","Dark ground with fine white inlay patterns, matching B-alone’s surface technique and motif density.",qwen3-vl-235b-a22b-instruct
eval_0643,sample_0091,pair_046,46,3,3,3033,lsda_clean,a Spanish Toledo damascened vase,a Korean ipsa metal-inlay vase,A,B,1,0,0,0,"gold-on-dark ornate floral panels and geometric borders, mirroring A-alone’s decorative system and finish","dark ground with fine silver/white floral and landscape motifs, matching B-alone's surface technique and texture",qwen3-vl-235b-a22b-instruct
eval_0829,sample_0091,pair_046,46,3,3,3033,native_SS,a Spanish Toledo damascened vase,a Korean ipsa metal-inlay vase,A,B,1,0,0,0,Matches A-alone’s bold gold-on-black floral motifs and ornate metallic finish.,Shares dark ground with white/silver floral inlay and similar fine linear texture as B-alone.,qwen3-vl-235b-a22b-instruct
eval_0366,sample_0740,pair_047,47,1,1,1011,lsda_clean,an Indian Bidriware vase,a Syrian Damascene inlaid-brass vase,A,B,1,0,0,0,Matte earth-toned surface with floral/geometric bands matches A-alone.,Golden metallic finish and dense Arabic script motif match B-alone.,qwen3-vl-235b-a22b-instruct
eval_1601,sample_0740,pair_047,47,1,1,1011,native_SS,an Indian Bidriware vase,a Syrian Damascene inlaid-brass vase,A,B,1,0,0,0,matte earth-tone surface with floral/geometric bands matches A-alone,metallic gold finish and dense Arabic script motif match B-alone,qwen3-vl-235b-a22b-instruct
eval_0231,sample_0430,pair_047,47,1,2,1012,lsda_clean,an Indian Bidriware vase,a Syrian Damascene inlaid-brass vase,A,B,1,0,0,0,Dark matte metal with raised figural and floral motifs aligns with A-alone’s decorative texture and finish.,Gold-toned metal with intricate engraved Arabic script and geometric patterns matches B-alone's surface style.,qwen3-vl-235b-a22b-instruct
eval_0883,sample_0430,pair_047,47,1,2,1012,native_SS,an Indian Bidriware vase,a Syrian Damascene inlaid-brass vase,B,B,0,1,0,1,dark metal with intricate Arabic script ornamentation mirrors B-alone,metallic gold finish with dense calligraphic engraving matches B-alone,qwen3-vl-235b-a22b-instruct
eval_0595,sample_0439,pair_047,47,1,3,1013,lsda_clean,an Indian Bidriware vase,a Syrian Damascene inlaid-brass vase,A,B,1,0,0,0,"Dark, matte metal with dense embossed floral motifs aligns with A-alone’s texture and decorative style.",Gold-toned surface with intricate calligraphic and geometric inlay matches B-alone’s metallic finish and ornament.,qwen3-vl-235b-a22b-instruct
eval_1005,sample_0439,pair_047,47,1,3,1013,native_SS,an Indian Bidriware vase,a Syrian Damascene inlaid-brass vase,A,B,1,0,0,0,Matches A-alone’s dark matte finish and dense engraved patterns.,Shares gold-inlaid calligraphic and geometric motifs with B-alone.,qwen3-vl-235b-a22b-instruct
eval_1225,sample_0052,pair_047,47,2,1,2021,lsda_clean,an Indian Bidriware vase,a Syrian Damascene inlaid-brass vase,A,B,1,0,0,0,Dark ground with geometric and figural inlays mirrors A-alone’s material impression and ornament.,Gold-inlaid Arabic script and floral motifs match B-alone’s surface decoration.,qwen3-vl-235b-a22b-instruct
eval_1596,sample_0052,pair_047,47,2,1,2021,native_SS,an Indian Bidriware vase,a Syrian Damascene inlaid-brass vase,A,B,1,0,0,0,Dark patinated metal with dense floral and geometric motifs aligns with A-alone's ornamental texture and finish.,Gold-toned metal with intricate Arabic calligraphy and geometric patterns matches B-alone's surface decoration.,qwen3-vl-235b-a22b-instruct
eval_1224,sample_0665,pair_047,47,2,2,2022,lsda_clean,an Indian Bidriware vase,a Syrian Damascene inlaid-brass vase,A,B,1,0,0,0,Dark patinated metal with dense linear and figural engraving aligns with A-alone’s texture and motif.,Gold-toned metal with intricate calligraphic and geometric inlay matches B-alone’s surface style.,qwen3-vl-235b-a22b-instruct
eval_1312,sample_0665,pair_047,47,2,2,2022,native_SS,an Indian Bidriware vase,a Syrian Damascene inlaid-brass vase,A,B,1,0,0,0,Matches A-alone’s dark matte finish and incised figural/geometric bands.,Shares gold-inlaid calligraphic and geometric motifs with B-alone.,qwen3-vl-235b-a22b-instruct
eval_0089,sample_0127,pair_047,47,2,3,2023,lsda_clean,an Indian Bidriware vase,a Syrian Damascene inlaid-brass vase,A,B,1,0,0,0,dark ground with white linear narrative motifs matching A-alone,metallic finish with dense geometric and floral inlay matching B-alone,qwen3-vl-235b-a22b-instruct
eval_0951,sample_0127,pair_047,47,2,3,2023,native_SS,an Indian Bidriware vase,a Syrian Damascene inlaid-brass vase,B,B,0,1,0,1,dark metallic surface with dense engraved patterns similar to B-alone,metallic finish with intricate geometric and calligraphic motifs matching B-alone,qwen3-vl-235b-a22b-instruct
eval_1500,sample_0539,pair_047,47,3,1,3031,lsda_clean,an Indian Bidriware vase,a Syrian Damascene inlaid-brass vase,A,B,1,0,0,0,"Matches A's dark patinated metal, linear engraved patterns, and subdued ornamentation.",Shares B's gold-toned metallic finish and dense geometric-arabic calligraphic motifs.,qwen3-vl-235b-a22b-instruct
eval_0233,sample_0539,pair_047,47,3,1,3031,native_SS,an Indian Bidriware vase,a Syrian Damascene inlaid-brass vase,A,B,1,0,0,0,Matches dark patinated bronze tone and floral scrollwork texture of A-alone.,Shares gold-toned metal finish and dense geometric/Arabic script motifs with B-alone.,qwen3-vl-235b-a22b-instruct
eval_0388,sample_0493,pair_047,47,3,2,3032,lsda_clean,an Indian Bidriware vase,a Syrian Damascene inlaid-brass vase,A,B,1,0,0,0,Dark patinated surface with floral motifs and linear bands matches A-alone.,Golden metallic finish with Arabic calligraphy and geometric borders matches B-alone.,qwen3-vl-235b-a22b-instruct
eval_0410,sample_0493,pair_047,47,3,2,3032,native_SS,an Indian Bidriware vase,a Syrian Damascene inlaid-brass vase,A,B,1,0,0,0,dark patina and floral/geometric bands match A-alone,gold finish and calligraphic motifs match B-alone,qwen3-vl-235b-a22b-instruct
eval_0191,sample_0715,pair_047,47,3,3,3033,lsda_clean,an Indian Bidriware vase,a Syrian Damascene inlaid-brass vase,A,B,1,0,0,0,dark matte surface with incised geometric and foliate bands matching A-alone,metallic gold finish with intricate engraved Arabic script and figural scenes matching B-alone,qwen3-vl-235b-a22b-instruct
eval_0738,sample_0715,pair_047,47,3,3,3033,native_SS,an Indian Bidriware vase,a Syrian Damascene inlaid-brass vase,A,B,1,0,0,0,"Matches A-alone’s matte bronze finish and embossed foliate bands, lacking gold inlay.",Shares intricate gold-inlaid geometric and figural motifs on dark metal with B-alone.,qwen3-vl-235b-a22b-instruct
eval_0969,sample_0453,pair_048,48,1,1,1011,lsda_clean,an Indian Bidriware box,an Egyptian Mamluk-style inlaid-brass box,A,B,1,0,0,0,Matching silver-toned metal with fine engraved floral patterns and punched dot textures as A-alone.,Identical gold base with blue and multicolored inlaid hieroglyphic motifs and enamel finish as B-alone.,qwen3-vl-235b-a22b-instruct
eval_1293,sample_0453,pair_048,48,1,1,1011,native_SS,an Indian Bidriware box,an Egyptian Mamluk-style inlaid-brass box,A,B,1,0,0,0,"Matches A's dense metallic filigree, silver tone, and repeating geometric patterns.","Shares B's gold base, blue inlay, and figural hieroglyphic motifs.",qwen3-vl-235b-a22b-instruct
eval_0174,sample_0793,pair_048,48,1,2,1012,lsda_clean,an Indian Bidriware box,an Egyptian Mamluk-style inlaid-brass box,A,B,1,0,0,0,"Matches A's dark metal, fine engraved patterns, and lack of color inlay.","Shares B's gold base, turquoise inlay, and hieroglyphic motifs.",qwen3-vl-235b-a22b-instruct
eval_1757,sample_0793,pair_048,48,1,2,1012,native_SS,an Indian Bidriware box,an Egyptian Mamluk-style inlaid-brass box,A,B,1,0,0,0,Matches A-alone’s dark metal and embossed floral motifs.,Shares gold base and turquoise inlay with B-alone.,qwen3-vl-235b-a22b-instruct
eval_1331,sample_0438,pair_048,48,1,3,1013,lsda_clean,an Indian Bidriware box,an Egyptian Mamluk-style inlaid-brass box,A,B,1,0,0,0,silver-toned metal with engraved figural scenes and geometric borders matches A-alone,gold base with blue inlay and hieroglyphic motifs matches B-alone,qwen3-vl-235b-a22b-instruct
eval_1304,sample_0438,pair_048,48,1,3,1013,native_SS,an Indian Bidriware box,an Egyptian Mamluk-style inlaid-brass box,A,B,1,0,0,0,Dark metallic surface with engraved figural scenes and fine linear patterns matches A-alone.,Gold base with blue inlay and Egyptian hieroglyphic motifs matches B-alone.,qwen3-vl-235b-a22b-instruct
eval_0787,sample_0550,pair_048,48,2,1,2021,lsda_clean,an Indian Bidriware box,an Egyptian Mamluk-style inlaid-brass box,A,B,1,0,0,0,Matches silver-toned metal with dense geometric and foliate engraved patterns.,Shares gold base with blue enamel hieroglyphic motifs and inlay technique.,qwen3-vl-235b-a22b-instruct
eval_1750,sample_0550,pair_048,48,2,1,2021,native_SS,an Indian Bidriware box,an Egyptian Mamluk-style inlaid-brass box,A,B,1,0,0,0,Matches silver-toned metal with fine engraved floral and arched patterns.,Shares gold base with blue enamel hieroglyphic motifs and inlaid decoration.,qwen3-vl-235b-a22b-instruct
eval_0682,sample_0112,pair_048,48,2,2,2022,lsda_clean,an Indian Bidriware box,an Egyptian Mamluk-style inlaid-brass box,A,B,1,0,0,0,Features silver-toned metal with engraved figural bands like A-alone.,Uses gold base with blue enamel hieroglyphic motifs matching B-alone.,qwen3-vl-235b-a22b-instruct
eval_1410,sample_0112,pair_048,48,2,2,2022,native_SS,an Indian Bidriware box,an Egyptian Mamluk-style inlaid-brass box,B,B,0,1,0,1,"Matches B-alone’s metallic sheen, engraved script patterns, and ornamental banding.",Shares gold-toned metal with blue inlay and hieroglyphic motifs like B-alone.,qwen3-vl-235b-a22b-instruct
eval_0488,sample_0300,pair_048,48,2,3,2023,lsda_clean,an Indian Bidriware box,an Egyptian Mamluk-style inlaid-brass box,A,B,1,0,0,0,Matches A's silver-toned metal with intricate geometric and floral engraved patterns.,Shares B's gold-and-blue enamel with hieroglyphic motifs and gilded relief texture.,qwen3-vl-235b-a22b-instruct
eval_0267,sample_0300,pair_048,48,2,3,2023,native_SS,an Indian Bidriware box,an Egyptian Mamluk-style inlaid-brass box,A,B,1,0,0,0,Displays dark metallic finish with dense floral/geometric relief patterns matching A-alone.,Shares gold-toned metal with blue enamel inlays and hieroglyphic motifs like B-alone.,qwen3-vl-235b-a22b-instruct
eval_1560,sample_0144,pair_048,48,3,1,3031,lsda_clean,an Indian Bidriware box,an Egyptian Mamluk-style inlaid-brass box,A,B,1,0,0,0,Features dark metal with dense geometric/linear engraving similar to A-alone.,Uses gold base with blue enamel and figural hieroglyphic motifs like B-alone.,qwen3-vl-235b-a22b-instruct
eval_0406,sample_0144,pair_048,48,3,1,3031,native_SS,an Indian Bidriware box,an Egyptian Mamluk-style inlaid-brass box,A,B,1,0,0,0,"Matches A's dark metal, dense engraved patterns, and monochromatic finish.",Shares B's gold base and colorful inlaid hieroglyphic motifs.,qwen3-vl-235b-a22b-instruct
eval_0974,sample_0836,pair_048,48,3,2,3032,lsda_clean,an Indian Bidriware box,an Egyptian Mamluk-style inlaid-brass box,A,B,1,0,0,0,silver-toned metal with fine geometric filigree matches A-alone,gold base with blue enamel hieroglyphic motifs matches B-alone,qwen3-vl-235b-a22b-instruct
eval_1013,sample_0836,pair_048,48,3,2,3032,native_SS,an Indian Bidriware box,an Egyptian Mamluk-style inlaid-brass box,A,B,1,0,0,0,Dark ground with silver geometric filigree mirrors A-alone's ornamental texture and finish.,Gold base with blue inlay and hieroglyphic motifs matches B-alone's surface style.,qwen3-vl-235b-a22b-instruct
eval_0906,sample_0096,pair_048,48,3,3,3033,lsda_clean,an Indian Bidriware box,an Egyptian Mamluk-style inlaid-brass box,A,B,1,0,0,0,Features engraved silver-toned metal with dense foliate patterns and matte texture like A-alone.,Uses gold base with colorful inlaid hieroglyphic motifs and enamel-like finish like B-alone.,qwen3-vl-235b-a22b-instruct
eval_0759,sample_0096,pair_048,48,3,3,3033,native_SS,an Indian Bidriware box,an Egyptian Mamluk-style inlaid-brass box,A,B,1,0,0,0,Matches A-alone’s engraved foliate patterns and monochromatic metallic finish.,"Shares Egyptian motifs, gold base, and inlaid enamel color system with B-alone.",qwen3-vl-235b-a22b-instruct
eval_0038,sample_0322,pair_049,49,1,1,1011,lsda_clean,a Chinese cloisonné enamel plate,a French Limoges painted-enamel plate,B,A,0,1,1,1,Soft pink roses and gilded rim texture align with B-alone’s decorative finish.,Floral motif and gold detailing on cobalt blue match A-alone's surface style.,qwen3-vl-235b-a22b-instruct
eval_0614,sample_0322,pair_049,49,1,1,1011,native_SS,a Chinese cloisonné enamel plate,a French Limoges painted-enamel plate,B,A,0,1,1,1,Features architectural landscape with gold accents and similar color palette to B-alone.,Shares dense floral motifs and gold detailing on cobalt blue ground with A-alone.,qwen3-vl-235b-a22b-instruct
eval_1511,sample_0187,pair_049,49,1,2,1012,lsda_clean,a Chinese cloisonné enamel plate,a French Limoges painted-enamel plate,A,B,1,0,0,0,"matches deep blue ground, stylized landscape, and dense floral border of A-alone","shares floral motifs, soft pastel palette, and gilded ornate rim with B-alone",qwen3-vl-235b-a22b-instruct
eval_1727,sample_0187,pair_049,49,1,2,1012,native_SS,a Chinese cloisonné enamel plate,a French Limoges painted-enamel plate,A,B,1,0,0,0,Vibrant blue ground with dense floral and landscape motifs mirrors A-alone’s rich enamel and decorative scheme.,"Soft pastel floral painting with gold trim matches B-alone's romantic, gilded porcelain style.",qwen3-vl-235b-a22b-instruct
eval_1696,sample_0688,pair_049,49,1,3,1013,lsda_clean,a Chinese cloisonné enamel plate,a French Limoges painted-enamel plate,A,B,1,0,0,0,teal-blue ground with blossoming branches and gold filigree matches A-alone's decorative texture,yellow background with floral bouquet and gilded scalloped rim matches B-alone's surface style,qwen3-vl-235b-a22b-instruct
eval_1475,sample_0688,pair_049,49,1,3,1013,native_SS,a Chinese cloisonné enamel plate,a French Limoges painted-enamel plate,A,B,1,0,0,0,matches turquoise ground and blossom branch motif of A-alone,shares warm yellow background and floral bouquet style with B-alone,qwen3-vl-235b-a22b-instruct
eval_1231,sample_0340,pair_049,49,2,1,2021,lsda_clean,a Chinese cloisonné enamel plate,a French Limoges painted-enamel plate,A,B,1,0,0,0,mirrors floral branch pattern and blue ground color of A-alone,shares ornate gilded rim and pastoral landscape motif with B-alone,qwen3-vl-235b-a22b-instruct
eval_0572,sample_0340,pair_049,49,2,1,2021,native_SS,a Chinese cloisonné enamel plate,a French Limoges painted-enamel plate,B,A,0,1,1,1,"mirrors B-alone’s scalloped rim, gold filigree, and landscape-style painting technique","shares floral motif, vibrant color palette, and enamel-like finish with A-alone",qwen3-vl-235b-a22b-instruct
eval_1111,sample_0216,pair_049,49,2,2,2022,lsda_clean,a Chinese cloisonné enamel plate,a French Limoges painted-enamel plate,A,B,1,0,0,0,"matches vibrant turquoise ground, bird-and-blossom motif, and dark ornamental rim of A-alone","shares creamy white ground, floral motifs, and gilded rococo border with B-alone",qwen3-vl-235b-a22b-instruct
eval_0221,sample_0216,pair_049,49,2,2,2022,native_SS,a Chinese cloisonné enamel plate,a French Limoges painted-enamel plate,A,B,1,0,0,0,vibrant blue ground with birds and blossoms mirrors A-alone’s color system and motif,white ground with floral motifs and gold trim matches B-alone's decorative style,qwen3-vl-235b-a22b-instruct
eval_1499,sample_0546,pair_049,49,2,3,2023,lsda_clean,a Chinese cloisonné enamel plate,a French Limoges painted-enamel plate,A,B,1,0,0,0,vibrant turquoise ground with dense East Asian-style floral branches matches A-alone,white ground with soft floral bouquet and gilded rococo framing matches B-alone,qwen3-vl-235b-a22b-instruct
eval_0658,sample_0546,pair_049,49,2,3,2023,native_SS,a Chinese cloisonné enamel plate,a French Limoges painted-enamel plate,A,B,1,0,0,0,vibrant turquoise ground with dense East Asian-style floral branches matches A-alone,white ground with soft floral bouquet and gilded rococo framing matches B-alone,qwen3-vl-235b-a22b-instruct
eval_1326,sample_0634,pair_049,49,3,1,3031,lsda_clean,a Chinese cloisonné enamel plate,a French Limoges painted-enamel plate,A,B,1,0,0,0,Blue ground with bird-and-blossom motif and speckled border matches A-alone's East Asian-inspired palette and decoration.,"Red border with floral motifs and gold trim matches B-alone's ornate, pastel-floral style.",qwen3-vl-235b-a22b-instruct
eval_1522,sample_0634,pair_049,49,3,1,3031,native_SS,a Chinese cloisonné enamel plate,a French Limoges painted-enamel plate,A,B,1,0,0,0,vibrant blue ground with bird-and-flower motif and gold speckles mirrors A-alone's decorative texture,white ground with delicate floral sprays and gilded rim matches B-alone's surface style,qwen3-vl-235b-a22b-instruct
eval_1671,sample_0594,pair_049,49,3,2,3032,lsda_clean,a Chinese cloisonné enamel plate,a French Limoges painted-enamel plate,A,B,1,0,0,0,"matches A's deep blue ground, cherry blossom branches, pagoda motif, and dense gold filigree border","shares B's soft floral bouquet, pastel gradient background, and ornate gilded scalloped rim texture",qwen3-vl-235b-a22b-instruct
eval_0698,sample_0594,pair_049,49,3,2,3032,native_SS,a Chinese cloisonné enamel plate,a French Limoges painted-enamel plate,A,B,1,0,0,0,deep blue ground with pink blossoms and gold border mirrors A-alone's color system and motifs,white ground with floral painting and gold trim matches B-alone's palette and decorative technique,qwen3-vl-235b-a22b-instruct
eval_1782,sample_0444,pair_049,49,3,3,3033,lsda_clean,a Chinese cloisonné enamel plate,a French Limoges painted-enamel plate,A,B,1,0,0,0,Vibrant blue ground with white blossoms and bird motif directly mirrors A-alone’s decorative scheme.,Soft pastel floral painting with yellow-gold scalloped rim matches B-alone’s romantic botanical style.,qwen3-vl-235b-a22b-instruct
eval_1059,sample_0444,pair_049,49,3,3,3033,native_SS,a Chinese cloisonné enamel plate,a French Limoges painted-enamel plate,A,B,1,0,0,0,vibrant blue ground with detailed bird and blossom pattern mirrors A-alone's surface design,white ground with floral motif and delicate pastel coloring matches B-alone's style,qwen3-vl-235b-a22b-instruct
eval_0644,sample_0876,pair_050,50,1,1,1011,lsda_clean,a Persian minakari enamel plate,a Georgian Minankari enamel plate,A,B,1,0,0,0,lighter turquoise ground with scattered flowers and intricate border aligns with A-alone's material impression and decorative technique,deep blue ground with dense floral motifs and gold rim matches B-alone's color system and ornament,qwen3-vl-235b-a22b-instruct
eval_1369,sample_0876,pair_050,50,1,1,1011,native_SS,a Persian minakari enamel plate,a Georgian Minankari enamel plate,A,B,1,0,0,0,Lighter turquoise-blue background with scattered vibrant flowers and ornate border aligns with A-alone’s material impression and motif density.,Deep cobalt blue ground with dense floral motifs and gold trim matches B-alone’s color system and decorative technique.,qwen3-vl-235b-a22b-instruct
eval_0992,sample_0753,pair_050,50,1,2,1012,lsda_clean,a Persian minakari enamel plate,a Georgian Minankari enamel plate,A,B,1,0,0,0,rich floral pattern on deep blue ground with matching enamel texture,white ground with blue floral motifs and similar enamel finish,qwen3-vl-235b-a22b-instruct
eval_0633,sample_0753,pair_050,50,1,2,1012,native_SS,a Persian minakari enamel plate,a Georgian Minankari enamel plate,A,B,1,0,0,0,matches A's turquoise rim and vibrant multicolor floral field,shares B's dense floral enamel on cobalt blue with metallic outlines,qwen3-vl-235b-a22b-instruct
eval_0678,sample_0197,pair_050,50,1,3,1013,lsda_clean,a Persian minakari enamel plate,a Georgian Minankari enamel plate,A,B,1,0,0,0,"matches A's turquoise field, dense floral motifs, and dark ornamental framing",shares B's bright blue ground and floral border with pink blossoms,qwen3-vl-235b-a22b-instruct
eval_1272,sample_0197,pair_050,50,1,3,1013,native_SS,a Persian minakari enamel plate,a Georgian Minankari enamel plate,A,B,1,0,0,0,"matches A's turquoise field, symmetrical medallion, and dense floral border",shares B's floral motif density and blue ground with gold accents,qwen3-vl-235b-a22b-instruct
eval_1348,sample_0308,pair_050,50,2,1,2021,lsda_clean,a Persian minakari enamel plate,a Georgian Minankari enamel plate,A,B,1,0,0,0,"mirrors A's dark ground, turquoise medallion, and intricate border patterns",shares B's bright floral motifs and dense polychrome enamel texture,qwen3-vl-235b-a22b-instruct
eval_0477,sample_0308,pair_050,50,2,1,2021,native_SS,a Persian minakari enamel plate,a Georgian Minankari enamel plate,A,B,1,0,0,0,"matches A's dark blue ground, dense floral border, and cloisonné texture","shares B's bright turquoise center, floral motifs, and enamel finish",qwen3-vl-235b-a22b-instruct
eval_0871,sample_0624,pair_050,50,2,2,2022,lsda_clean,a Persian minakari enamel plate,a Georgian Minankari enamel plate,A,B,1,0,0,0,"matches A's dense radial medallion pattern, color palette, and cloisonné finish",shares B's bright blue ground and scattered floral motifs with similar enamel texture,qwen3-vl-235b-a22b-instruct
eval_0575,sample_0624,pair_050,50,2,2,2022,native_SS,a Persian minakari enamel plate,a Georgian Minankari enamel plate,A,B,1,0,0,0,"matches A's deep cobalt blue ground, dense polychrome floral pattern, and gold rim texture",shares B's bright turquoise ground and floral vine motif with similar enamel finish,qwen3-vl-235b-a22b-instruct
eval_0485,sample_0254,pair_050,50,2,3,2023,lsda_clean,a Persian minakari enamel plate,a Georgian Minankari enamel plate,A,B,1,0,0,0,"matches A's turquoise border, radial symmetry, and warm-toned central medallion",shares B's dense floral motif and soft pink-white blossoms on deep blue ground,qwen3-vl-235b-a22b-instruct
eval_0222,sample_0254,pair_050,50,2,3,2023,native_SS,a Persian minakari enamel plate,a Georgian Minankari enamel plate,A,B,1,0,0,0,matches A-alone’s turquoise border and symmetrical central medallion pattern,shares dense floral motifs and deep blue ground with B-alone,qwen3-vl-235b-a22b-instruct
eval_1568,sample_0821,pair_050,50,3,1,3031,lsda_clean,a Persian minakari enamel plate,a Georgian Minankari enamel plate,A,B,1,0,0,0,"Matches A's turquoise ground, gold-trimmed borders, and scattered floral pattern.","Shares B's white ground, red-blue floral motifs, and dense enamel decoration.",qwen3-vl-235b-a22b-instruct
eval_0084,sample_0821,pair_050,50,3,1,3031,native_SS,a Persian minakari enamel plate,a Georgian Minankari enamel plate,A,B,1,0,0,0,matches A-alone’s turquoise ground and dense gold-accented floral pattern,shares red-blue floral motifs and white ground with B-alone,qwen3-vl-235b-a22b-instruct
eval_1607,sample_0773,pair_050,50,3,2,3032,lsda_clean,a Persian minakari enamel plate,a Georgian Minankari enamel plate,A,B,1,0,0,0,Matches A-alone’s teal-green field and central medallion color scheme.,Shares deep blue ground and dense floral enamel motifs with B-alone.,qwen3-vl-235b-a22b-instruct
eval_0685,sample_0773,pair_050,50,3,2,3032,native_SS,a Persian minakari enamel plate,a Georgian Minankari enamel plate,A,B,1,0,0,0,matches A-alone’s blue ground and scattered floral pattern,shares dense floral motifs and color palette with B-alone,qwen3-vl-235b-a22b-instruct
eval_0134,sample_0351,pair_050,50,3,3,3033,lsda_clean,a Persian minakari enamel plate,a Georgian Minankari enamel plate,A,B,1,0,0,0,"matches A-alone’s color palette, radial medallion, and cloisonné texture",shares dense floral motifs and turquoise-blue enamel with B-alone,qwen3-vl-235b-a22b-instruct
eval_0169,sample_0351,pair_050,50,3,3,3033,native_SS,a Persian minakari enamel plate,a Georgian Minankari enamel plate,A,B,1,0,0,0,"Matches A's color palette, scattered floral clusters, and mottled turquoise ground texture.",Shares B's dense floral motifs and turquoise-blue enamel field with gold outlining.,qwen3-vl-235b-a22b-instruct
eval_1562,sample_0395,pair_051,51,1,1,1011,lsda_clean,a Moroccan engraved-brass tray,a Persian qalamzani copper tray,A,B,1,0,0,0,"matches A-alone’s gold tone, embossed starburst pattern, and metallic finish",shares turquoise patina and floral geometric motifs with B-alone,qwen3-vl-235b-a22b-instruct
eval_0964,sample_0395,pair_051,51,1,1,1011,native_SS,a Moroccan engraved-brass tray,a Persian qalamzani copper tray,A,B,1,0,0,0,"Matches gold tone, embossed star pattern, and metallic finish of A-alone.",Shares turquoise patina and floral geometric motifs with B-alone.,qwen3-vl-235b-a22b-instruct
eval_1695,sample_0134,pair_051,51,1,2,1012,lsda_clean,a Moroccan engraved-brass tray,a Persian qalamzani copper tray,A,B,1,0,0,0,"Matches A-alone’s golden hue, embossed floral motifs, and polished metallic texture.","Shares dark patina, intricate engraved patterns, and metallic finish with B-alone.",qwen3-vl-235b-a22b-instruct
eval_0634,sample_0134,pair_051,51,1,2,1012,native_SS,a Moroccan engraved-brass tray,a Persian qalamzani copper tray,A,B,1,0,0,0,golden hue and bold geometric motifs align with A-alone,coppery metallic finish and fine engraved texture match B-alone,qwen3-vl-235b-a22b-instruct
eval_1701,sample_0794,pair_051,51,1,3,1013,lsda_clean,a Moroccan engraved-brass tray,a Persian qalamzani copper tray,A,B,1,0,0,0,matches gold-toned geometric filigree and radial motif of A-alone,shares turquoise patina and floral medallion texture with B-alone,qwen3-vl-235b-a22b-instruct
eval_0072,sample_0794,pair_051,51,1,3,1013,native_SS,a Moroccan engraved-brass tray,a Persian qalamzani copper tray,A,B,1,0,0,0,gold-toned intricate filigree and radial medallion pattern match A-alone's ornate surface,coppery patina and simpler embossed texture resemble B-alone's aged metallic finish,qwen3-vl-235b-a22b-instruct
eval_0224,sample_0496,pair_051,51,2,1,2021,lsda_clean,a Moroccan engraved-brass tray,a Persian qalamzani copper tray,A,B,1,0,0,0,Gold-toned surface with fine engraved geometric motifs matches A-alone’s material impression and ornament.,Coppery patina and turquoise inlay match B-alone’s color system and decorative technique.,qwen3-vl-235b-a22b-instruct
eval_0766,sample_0496,pair_051,51,2,1,2021,native_SS,a Moroccan engraved-brass tray,a Persian qalamzani copper tray,A,B,1,0,0,0,smooth golden finish and fine engraved motifs align with A-alone's polished metallic texture,"rich patina and turquoise inlay match B-alone's aged, oxidized surface",qwen3-vl-235b-a22b-instruct
eval_0226,sample_0584,pair_051,51,2,2,2022,lsda_clean,a Moroccan engraved-brass tray,a Persian qalamzani copper tray,A,B,1,0,0,0,"matches A-alone’s gold tone, geometric engraving, and matte metallic finish","shares blue enamel, floral motifs, and copper-toned border with B-alone",qwen3-vl-235b-a22b-instruct
eval_0965,sample_0584,pair_051,51,2,2,2022,native_SS,a Moroccan engraved-brass tray,a Persian qalamzani copper tray,A,B,1,0,0,0,"Matches A-alone’s golden hue, engraved texture, and dense geometric patterns.",Shares coppery metallic finish and floral geometric motifs with B-alone.,qwen3-vl-235b-a22b-instruct
eval_0039,sample_0214,pair_051,51,2,3,2023,lsda_clean,a Moroccan engraved-brass tray,a Persian qalamzani copper tray,A,B,1,0,0,0,gold finish and geometric lattice ornament align with A-alone's material impression and decorative technique,coppery tone and floral medallion pattern match B-alone's color system and motifs,qwen3-vl-235b-a22b-instruct
eval_1551,sample_0214,pair_051,51,2,3,2023,native_SS,a Moroccan engraved-brass tray,a Persian qalamzani copper tray,A,B,1,0,0,0,"Matches A-alone’s gold-toned metal, dense geometric patterning, and engraved texture.",Shares coppery metallic finish and floral-geometric motif density with B-alone.,qwen3-vl-235b-a22b-instruct
eval_0520,sample_0690,pair_051,51,3,1,3031,lsda_clean,a Moroccan engraved-brass tray,a Persian qalamzani copper tray,A,B,1,0,0,0,Gold-toned surface with embossed geometric motifs matches A-alone's material impression and ornament style.,Blue enamel and silver-toned metalwork match B-alone's color system and decorative technique.,qwen3-vl-235b-a22b-instruct
eval_0446,sample_0690,pair_051,51,3,1,3031,native_SS,a Moroccan engraved-brass tray,a Persian qalamzani copper tray,A,B,1,0,0,0,golden hue and embossed geometric motifs align with A-alone’s surface decoration and luster,coppery tone and fine engraved texture match B-alone's metallic finish and ornament density,qwen3-vl-235b-a22b-instruct
eval_0632,sample_0013,pair_051,51,3,2,3032,lsda_clean,a Moroccan engraved-brass tray,a Persian qalamzani copper tray,A,B,1,0,0,0,gilded surface and central blue floral motif match A-alone,coppery tone and turquoise inlay pattern match B-alone,qwen3-vl-235b-a22b-instruct
eval_1211,sample_0013,pair_051,51,3,2,3032,native_SS,a Moroccan engraved-brass tray,a Persian qalamzani copper tray,A,B,1,0,0,0,gold-toned metal with turquoise center and intricate etched motifs matching A-alone,copper-toned metal with turquoise inlay and engraved patterns matching B-alone,qwen3-vl-235b-a22b-instruct
eval_0261,sample_0154,pair_051,51,3,3,3033,lsda_clean,a Moroccan engraved-brass tray,a Persian qalamzani copper tray,A,B,1,0,0,0,matches A-alone’s monochromatic gold relief and geometric starburst pattern,shares turquoise enamel ground and gold dot motifs with B-alone,qwen3-vl-235b-a22b-instruct
eval_0910,sample_0154,pair_051,51,3,3,3033,native_SS,a Moroccan engraved-brass tray,a Persian qalamzani copper tray,B,A,0,1,1,1,Turquoise enamel ground with gold dot accents and central medallion matching B-alone.,Golden metallic finish with embossed geometric floral motifs matching A-alone.,qwen3-vl-235b-a22b-instruct
eval_1105,sample_0274,pair_052,52,1,1,1011,lsda_clean,an Ottoman tinned-copper ewer,a Bosnian engraved-copper coffee ewer,B,A,0,1,1,1,warm copper tone and floral motif texture align with B-alone,metallic finish and geometric engraving pattern match A-alone,qwen3-vl-235b-a22b-instruct
eval_1130,sample_0274,pair_052,52,1,1,1011,native_SS,an Ottoman tinned-copper ewer,a Bosnian engraved-copper coffee ewer,B,B,0,1,0,1,"Matches B-alone’s copper material, smooth unadorned surface, and warm metallic sheen.","Shares copper tone, engraved geometric motifs, and metallic finish with B-alone.",qwen3-vl-235b-a22b-instruct
eval_1265,sample_0252,pair_052,52,1,2,1012,lsda_clean,an Ottoman tinned-copper ewer,a Bosnian engraved-copper coffee ewer,A,B,1,0,0,0,darker metallic finish with fine geometric patterns aligns with A-alone,rich coppery tone and dense engraved motifs match B-alone,qwen3-vl-235b-a22b-instruct
eval_0559,sample_0252,pair_052,52,1,2,1012,native_SS,an Ottoman tinned-copper ewer,a Bosnian engraved-copper coffee ewer,A,B,1,0,0,0,silver-toned metal with geometric etched patterns and similar finish to A-alone,copper-toned metal with dense engraved script and floral motifs matching B-alone,qwen3-vl-235b-a22b-instruct
eval_0127,sample_0542,pair_052,52,1,3,1013,lsda_clean,an Ottoman tinned-copper ewer,a Bosnian engraved-copper coffee ewer,A,B,1,0,0,0,Matches A-alone’s silver-toned finish and flowing arabesque patterns.,Shares coppery tone and dense geometric engraving with B-alone.,qwen3-vl-235b-a22b-instruct
eval_1301,sample_0542,pair_052,52,1,3,1013,native_SS,an Ottoman tinned-copper ewer,a Bosnian engraved-copper coffee ewer,B,A,0,1,1,1,Matches B-alone’s coppery tone and linear band motifs.,Shares dense geometric engraving and dark patina with A-alone.,qwen3-vl-235b-a22b-instruct
eval_1033,sample_0813,pair_052,52,2,1,2021,lsda_clean,an Ottoman tinned-copper ewer,a Bosnian engraved-copper coffee ewer,A,B,1,0,0,0,silver-toned metal with fine linear etching and matte texture matches A-alone's decorative style,rich copper-toned patina and dense geometric engraving match B-alone's surface finish,qwen3-vl-235b-a22b-instruct
eval_0037,sample_0813,pair_052,52,2,1,2021,native_SS,an Ottoman tinned-copper ewer,a Bosnian engraved-copper coffee ewer,A,B,1,0,0,0,Matches A-alone’s silver-toned finish and dense arabesque patterns.,Shares coppery tone and engraved geometric motifs with B-alone.,qwen3-vl-235b-a22b-instruct
eval_0627,sample_0814,pair_052,52,2,2,2022,lsda_clean,an Ottoman tinned-copper ewer,a Bosnian engraved-copper coffee ewer,A,B,1,0,0,0,Matches A-alone’s silver-toned finish and floral arabesque motifs.,Shares coppery tone and dense geometric engraving with B-alone.,qwen3-vl-235b-a22b-instruct
eval_1403,sample_0814,pair_052,52,2,2,2022,native_SS,an Ottoman tinned-copper ewer,a Bosnian engraved-copper coffee ewer,A,B,1,0,0,0,"Matches A-alone’s dark patina, ornate handle, and script-like surface motifs.",Shares coppery tone and dense geometric engraving with B-alone.,qwen3-vl-235b-a22b-instruct
eval_0850,sample_0577,pair_052,52,2,3,2023,lsda_clean,an Ottoman tinned-copper ewer,a Bosnian engraved-copper coffee ewer,A,B,1,0,0,0,darker metallic finish and geometric banding consistent with A-alone, warmer copper tone and denser engraved pattern matching B-alone,qwen3-vl-235b-a22b-instruct
eval_1604,sample_0577,pair_052,52,2,3,2023,native_SS,an Ottoman tinned-copper ewer,a Bosnian engraved-copper coffee ewer,A,B,1,0,0,0,Matches A-alone’s silver-toned metal and dense linear engraving pattern.,Shares coppery tone and engraved geometric motifs with B-alone.,qwen3-vl-235b-a22b-instruct
eval_1166,sample_0047,pair_052,52,3,1,3031,lsda_clean,an Ottoman tinned-copper ewer,a Bosnian engraved-copper coffee ewer,A,B,1,0,0,0,Same polished metallic texture and ornamental banding as A-alone.,Identical engraved motifs and coppery finish as B-alone.,qwen3-vl-235b-a22b-instruct
eval_1404,sample_0047,pair_052,52,3,1,3031,native_SS,an Ottoman tinned-copper ewer,a Bosnian engraved-copper coffee ewer,A,B,1,0,0,0,smooth polished surface with minimal ornamentation matches A-alone,dense engraved geometric motifs and coppery patina match B-alone,qwen3-vl-235b-a22b-instruct
eval_0077,sample_0557,pair_052,52,3,2,3032,lsda_clean,an Ottoman tinned-copper ewer,a Bosnian engraved-copper coffee ewer,A,B,1,0,0,0,Matches A's cooler silver-bronze finish and dense geometric engraving.,Shares B's warmer copper tone and embossed floral texture.,qwen3-vl-235b-a22b-instruct
eval_0734,sample_0557,pair_052,52,3,2,3032,native_SS,an Ottoman tinned-copper ewer,a Bosnian engraved-copper coffee ewer,B,A,0,1,1,1,Matches B's dense floral patterns and warm coppery tone.,Shares A's intricate engraved motifs and matte metallic finish.,qwen3-vl-235b-a22b-instruct
eval_1480,sample_0464,pair_052,52,3,3,3033,lsda_clean,an Ottoman tinned-copper ewer,a Bosnian engraved-copper coffee ewer,A,B,1,0,0,0,"Matches silver-toned metal, fine linear etching, and ornamental lid design.",Shares copper-toned metal with dense geometric engraving and similar patina finish.,qwen3-vl-235b-a22b-instruct
eval_0836,sample_0464,pair_052,52,3,3,3033,native_SS,an Ottoman tinned-copper ewer,a Bosnian engraved-copper coffee ewer,B,A,0,1,1,1,Matches B-alone’s smooth coppery surface and minimal ornamentation.,Shares intricate engraved motifs and metallic finish with A-alone.,qwen3-vl-235b-a22b-instruct
eval_1035,sample_0291,pair_053,53,1,1,1011,lsda_clean,a Persian silver-filigree box,a Yemeni silver-filigree box,A,B,1,0,0,0,Matches A's floral lattice pattern and embedded stone accents.,Shares B's dense geometric filigree and polished metallic finish.,qwen3-vl-235b-a22b-instruct
eval_1169,sample_0291,pair_053,53,1,1,1011,native_SS,a Persian silver-filigree box,a Yemeni silver-filigree box,A,B,1,0,0,0,"Matches A's circular form, radial medallion, and side panel motifs.",Shares B's dense floral filigree and metallic sheen on lid and body.,qwen3-vl-235b-a22b-instruct
eval_0712,sample_0603,pair_053,53,1,2,1012,lsda_clean,a Persian silver-filigree box,a Yemeni silver-filigree box,A,B,1,0,0,0,Matches A's circular form and continuous floral arabesque patterns on lid and body.,Shares B's dense geometric filigree and raised dome lid with finial.,qwen3-vl-235b-a22b-instruct
eval_0607,sample_0603,pair_053,53,1,2,1012,native_SS,a Persian silver-filigree box,a Yemeni silver-filigree box,A,B,1,0,0,0,Matches A’s circular form and dense floral lacework pattern despite different silhouette.,Shares B's domed lid and finial with similar filigree density and metallic finish.,qwen3-vl-235b-a22b-instruct
eval_1380,sample_0036,pair_053,53,1,3,1013,lsda_clean,a Persian silver-filigree box,a Yemeni silver-filigree box,A,B,1,0,0,0,Matches A’s radial geometric motif and uniform surface patterning.,Shares B's dense filigree texture and central gem accent on lid.,qwen3-vl-235b-a22b-instruct
eval_0870,sample_0036,pair_053,53,1,3,1013,native_SS,a Persian silver-filigree box,a Yemeni silver-filigree box,A,B,1,0,0,0,Matches A's dense geometric filigree and circular motif layout.,Shares B's fine granular texture and central gem accent on lid.,qwen3-vl-235b-a22b-instruct
eval_0278,sample_0365,pair_053,53,2,1,2021,lsda_clean,a Persian silver-filigree box,a Yemeni silver-filigree box,A,B,1,0,0,0,Matches A-alone’s floral lace-like patterns and polished silver tone.,Shares dense geometric filigree and similar metallic finish with B-alone.,qwen3-vl-235b-a22b-instruct
eval_0950,sample_0365,pair_053,53,2,1,2021,native_SS,a Persian silver-filigree box,a Yemeni silver-filigree box,A,B,1,0,0,0,Matches A-alone’s floral lattice pattern and polished silver tone.,Shares dense geometric filigree and similar metallic finish with B-alone.,qwen3-vl-235b-a22b-instruct
eval_0986,sample_0294,pair_053,53,2,2,2022,lsda_clean,a Persian silver-filigree box,a Yemeni silver-filigree box,A,B,1,0,0,0,Matches A-alone’s dense floral scrollwork and polished metallic finish.,Shares filigree patterns and turquoise inlay with B-alone.,qwen3-vl-235b-a22b-instruct
eval_0920,sample_0294,pair_053,53,2,2,2022,native_SS,a Persian silver-filigree box,a Yemeni silver-filigree box,A,B,1,0,0,0,Matches A's floral scrollwork and continuous band ornamentation.,Shares B's dense geometric filigree and domed finial motif.,qwen3-vl-235b-a22b-instruct
eval_1538,sample_0810,pair_053,53,2,3,2023,lsda_clean,a Persian silver-filigree box,a Yemeni silver-filigree box,A,B,1,0,0,0,Matches A's circular form and radial floral motif with openwork texture.,Shares B's angular geometry and dense filigree pattern on lid and sides.,qwen3-vl-235b-a22b-instruct
eval_0692,sample_0810,pair_053,53,2,3,2023,native_SS,a Persian silver-filigree box,a Yemeni silver-filigree box,B,A,0,1,1,1,Matches B-alone’s angular geometry and dense geometric lattice ornament.,Shares rounded dome lid and floral filigree pattern with A-alone.,qwen3-vl-235b-a22b-instruct
eval_0409,sample_0019,pair_053,53,3,1,3031,lsda_clean,a Persian silver-filigree box,a Yemeni silver-filigree box,A,B,1,0,0,0,Matches A-alone’s circular form and floral medallion motif despite open state.,"Shares dense filigree and domed lid with B-alone, lacking A's gemstone accents.",qwen3-vl-235b-a22b-instruct
eval_0521,sample_0019,pair_053,53,3,1,3031,native_SS,a Persian silver-filigree box,a Yemeni silver-filigree box,A,B,1,0,0,0,Matches A-alone’s circular medallion and floral motif pattern.,Shares dense filigree and domed lid texture with B-alone.,qwen3-vl-235b-a22b-instruct
eval_1021,sample_0489,pair_053,53,3,2,3032,lsda_clean,a Persian silver-filigree box,a Yemeni silver-filigree box,A,B,1,0,0,0,Matches A's circular medallion lid and continuous geometric lattice texture.,Shares B's dense floral filigree and raised border motif.,qwen3-vl-235b-a22b-instruct
eval_0472,sample_0489,pair_053,53,3,2,3032,native_SS,a Persian silver-filigree box,a Yemeni silver-filigree box,A,B,1,0,0,0,Matches A’s floral lattice motifs and continuous border ornamentation.,Shares B's dense geometric filigree and raised dot accents on panels.,qwen3-vl-235b-a22b-instruct
eval_1124,sample_0751,pair_053,53,3,3,3033,lsda_clean,a Persian silver-filigree box,a Yemeni silver-filigree box,A,B,1,0,0,0,Matches A's circular lid medallion and arched panel motifs.,Shares B's dense floral filigree and beaded band texture.,qwen3-vl-235b-a22b-instruct
eval_0615,sample_0751,pair_053,53,3,3,3033,native_SS,a Persian silver-filigree box,a Yemeni silver-filigree box,A,B,1,0,0,0,Matches A's arched panel layout and fine linear engraving texture.,Shares B's dense floral filigree and scalloped border motif.,qwen3-vl-235b-a22b-instruct
eval_1664,sample_0560,pair_054,54,1,1,1011,lsda_clean,a Mexican Taxco silver bowl,an Indonesian Kotagede silver bowl,A,B,1,0,0,0,bordered geometric bands and polished interior match A-alone,dense floral engraving and matte finish match B-alone,qwen3-vl-235b-a22b-instruct
eval_1444,sample_0560,pair_054,54,1,1,1011,native_SS,a Mexican Taxco silver bowl,an Indonesian Kotagede silver bowl,A,B,1,0,0,0,banding pattern and polished metallic finish align with A-alone,dense floral engraving and high-relief texture match B-alone,qwen3-vl-235b-a22b-instruct
eval_1692,sample_0825,pair_054,54,1,2,1012,lsda_clean,a Mexican Taxco silver bowl,an Indonesian Kotagede silver bowl,A,B,1,0,0,0,geometric cutouts and linear border patterns align with A-alone’s decorative style,dense floral and figural relief motifs match B-alone's ornate surface decoration,qwen3-vl-235b-a22b-instruct
eval_1280,sample_0825,pair_054,54,1,2,1012,native_SS,a Mexican Taxco silver bowl,an Indonesian Kotagede silver bowl,B,A,0,1,1,1,Matches B-alone’s dense floral/figural relief pattern and darkened recesses.,Shares polished metallic finish and minimal ornamental band with A-alone.,qwen3-vl-235b-a22b-instruct
eval_1707,sample_0809,pair_054,54,1,3,1013,lsda_clean,a Mexican Taxco silver bowl,an Indonesian Kotagede silver bowl,A,B,1,0,0,0,smooth polished interior with rope-like and floral border motifs matches A-alone's decorative finish,dense floral and foliate engraving with dark patina matches B-alone's ornate surface texture,qwen3-vl-235b-a22b-instruct
eval_0586,sample_0809,pair_054,54,1,3,1013,native_SS,a Mexican Taxco silver bowl,an Indonesian Kotagede silver bowl,A,B,1,0,0,0,"smooth polished interior with rope-like border echoes A-alone's refined, less dense decoration","dense floral and foliate relief matches B-alone's ornate, high-contrast embossing",qwen3-vl-235b-a22b-instruct
eval_1250,sample_0158,pair_054,54,2,1,2021,lsda_clean,a Mexican Taxco silver bowl,an Indonesian Kotagede silver bowl,A,B,1,0,0,0,geometric medallion pattern and rope-edge border matching A-alone,intricate floral and figural motifs with dense relief matching B-alone,qwen3-vl-235b-a22b-instruct
eval_0434,sample_0158,pair_054,54,2,1,2021,native_SS,a Mexican Taxco silver bowl,an Indonesian Kotagede silver bowl,B,B,0,1,0,1,dense decorative bands and figural patterns consistent with B-alone's surface style,intricate floral and foliate motifs with high-relief embossing matching B-alone,qwen3-vl-235b-a22b-instruct
eval_0680,sample_0292,pair_054,54,2,2,2022,lsda_clean,a Mexican Taxco silver bowl,an Indonesian Kotagede silver bowl,A,B,1,0,0,0,bold medallions with scalloped borders and relief patterning match A-alone,dense floral scrollwork and fine engraved texture match B-alone,qwen3-vl-235b-a22b-instruct
eval_1309,sample_0292,pair_054,54,2,2,2022,native_SS,a Mexican Taxco silver bowl,an Indonesian Kotagede silver bowl,A,B,1,0,0,0,bold floral medallions and geometric borders align with A-alone,dense scrolling foliate motifs and fine chased texture match B-alone,qwen3-vl-235b-a22b-instruct
eval_1690,sample_0532,pair_054,54,2,3,2023,lsda_clean,a Mexican Taxco silver bowl,an Indonesian Kotagede silver bowl,A,B,1,0,0,0,smooth polished surface with geometric band matches A-alone,dense floral engraving and matte finish match B-alone,qwen3-vl-235b-a22b-instruct
eval_0062,sample_0532,pair_054,54,2,3,2023,native_SS,a Mexican Taxco silver bowl,an Indonesian Kotagede silver bowl,A,B,1,0,0,0,geometric band and stylized motifs align with A-alone's design,dense floral engraving matches B-alone's intricate pattern,qwen3-vl-235b-a22b-instruct
eval_1691,sample_0623,pair_054,54,3,1,3031,lsda_clean,a Mexican Taxco silver bowl,an Indonesian Kotagede silver bowl,A,B,1,0,0,0,scalloped bands and sparse geometric patterns align with A-alone,intricate floral motifs and dense engraving match B-alone,qwen3-vl-235b-a22b-instruct
eval_1789,sample_0623,pair_054,54,3,1,3031,native_SS,a Mexican Taxco silver bowl,an Indonesian Kotagede silver bowl,A,B,1,0,0,0,smooth polished surface with minimal linear engraving matches A-alone's restrained decorative finish,dense floral filigree and high-relief ornament match B-alone's surface texture and motif density,qwen3-vl-235b-a22b-instruct
eval_0647,sample_0006,pair_054,54,3,2,3032,lsda_clean,a Mexican Taxco silver bowl,an Indonesian Kotagede silver bowl,A,B,1,0,0,0,broad geometric bands and stylized floral medallions align with A-alone’s decorative system,dense floral repoussé and fine engraved borders match B-alone’s ornate surface treatment,qwen3-vl-235b-a22b-instruct
eval_0186,sample_0006,pair_054,54,3,2,3032,native_SS,a Mexican Taxco silver bowl,an Indonesian Kotagede silver bowl,B,B,0,1,0,1,full-body engraved floral patterns and high-relief detailing align with B-alone’s surface style,dense floral repoussé and fine border motifs match B-alone’s ornate texture,qwen3-vl-235b-a22b-instruct
eval_1116,sample_0476,pair_054,54,3,3,3033,lsda_clean,a Mexican Taxco silver bowl,an Indonesian Kotagede silver bowl,A,B,1,0,0,0,banded geometric motifs and bold circular medallions match A-alone,dense floral filigree and fine engraved texture match B-alone,qwen3-vl-235b-a22b-instruct
eval_1427,sample_0476,pair_054,54,3,3,3033,native_SS,a Mexican Taxco silver bowl,an Indonesian Kotagede silver bowl,A,B,1,0,0,0,bold medallion motifs and polished bands match A-alone,dense floral engraving and matte finish match B-alone,qwen3-vl-235b-a22b-instruct
eval_1338,sample_0126,pair_055,55,1,1,1011,lsda_clean,an Indian Dhokra bronze figurine,a Ghanaian Asante brass goldweight figurine,A,B,1,0,0,0,Dark patina with gold accents and decorative bands mirror A-alone’s surface treatment.,Golden metallic finish and linear incised texture match B-alone.,qwen3-vl-235b-a22b-instruct
eval_1129,sample_0126,pair_055,55,1,1,1011,native_SS,an Indian Dhokra bronze figurine,a Ghanaian Asante brass goldweight figurine,A,B,1,0,0,0,Dark patina with gold accents and detailed filigree motifs align with A-alone.,Golden metallic finish and linear incised texture match B-alone.,qwen3-vl-235b-a22b-instruct
eval_0238,sample_0792,pair_055,55,1,2,1012,lsda_clean,an Indian Dhokra bronze figurine,a Ghanaian Asante brass goldweight figurine,A,B,1,0,0,0,Greenish bronze tone and ornate headdress motif match A-alone.,Golden patina and geometric base texture match B-alone.,qwen3-vl-235b-a22b-instruct
eval_0152,sample_0792,pair_055,55,1,2,1012,native_SS,an Indian Dhokra bronze figurine,a Ghanaian Asante brass goldweight figurine,A,B,1,0,0,0,Patinaed bronze with detailed linear motifs and textured base align with A-alone.,Golden metallic finish and minimal ornament match B-alone’s surface style.,qwen3-vl-235b-a22b-instruct
eval_1528,sample_0083,pair_055,55,1,3,1013,lsda_clean,an Indian Dhokra bronze figurine,a Ghanaian Asante brass goldweight figurine,A,B,1,0,0,0,"Greenish patina, detailed jewelry, and incised drapery texture align with A-alone.",Golden metallic finish and simplified linear motifs match B-alone.,qwen3-vl-235b-a22b-instruct
eval_1597,sample_0083,pair_055,55,1,3,1013,native_SS,an Indian Dhokra bronze figurine,a Ghanaian Asante brass goldweight figurine,B,B,0,1,0,1,Dark patinated surface with geometric incisions aligns with B-alone’s style.,Golden metallic finish and incised linear texture match B-alone.,qwen3-vl-235b-a22b-instruct
eval_1075,sample_0025,pair_055,55,2,1,2021,lsda_clean,an Indian Dhokra bronze figurine,a Ghanaian Asante brass goldweight figurine,A,B,1,0,0,0,"Green patina, incised lines, and smooth surface resemble A-alone.",Golden metallic finish and textured garment patterns match B-alone.,qwen3-vl-235b-a22b-instruct
eval_0385,sample_0025,pair_055,55,2,1,2021,native_SS,an Indian Dhokra bronze figurine,a Ghanaian Asante brass goldweight figurine,A,B,1,0,0,0,Patinated bronze surface with incised lines matches A-alone.,Golden metallic finish and smooth texture match B-alone.,qwen3-vl-235b-a22b-instruct
eval_0509,sample_0417,pair_055,55,2,2,2022,lsda_clean,an Indian Dhokra bronze figurine,a Ghanaian Asante brass goldweight figurine,A,B,1,0,0,0,"Greenish-bronze tone, smooth skin texture, and detailed headdress motifs align with A-alone.",Golden patina and textured garment patterns match B-alone's surface finish and ornamentation.,qwen3-vl-235b-a22b-instruct
eval_0668,sample_0417,pair_055,55,2,2,2022,native_SS,an Indian Dhokra bronze figurine,a Ghanaian Asante brass goldweight figurine,A,B,1,0,0,0,dark patina with incised linear motifs and subtle relief aligns with A-alone’s decorative technique and color system,metallic gold finish and textured surface match B-alone's material impression and ornamentation,qwen3-vl-235b-a22b-instruct
eval_1218,sample_0820,pair_055,55,2,3,2023,lsda_clean,an Indian Dhokra bronze figurine,a Ghanaian Asante brass goldweight figurine,A,B,1,0,0,0,Patinaed bronze with detailed relief ornamentation matches A-alone.,Golden metallic finish and linear incised texture match B-alone.,qwen3-vl-235b-a22b-instruct
eval_1490,sample_0820,pair_055,55,2,3,2023,native_SS,an Indian Dhokra bronze figurine,a Ghanaian Asante brass goldweight figurine,A,B,1,0,0,0,Dark patinated bronze with incised linear motifs aligns with A-alone’s material impression.,Golden patina and textured garment folds match B-alone's surface finish.,qwen3-vl-235b-a22b-instruct
eval_1730,sample_0224,pair_055,55,3,1,3031,lsda_clean,an Indian Dhokra bronze figurine,a Ghanaian Asante brass goldweight figurine,B,A,0,1,1,1,Dark patina and simpler linear motifs align with B-alone’s texture and finish.,Golden finish and detailed ornamentation match A-alone’s surface style.,qwen3-vl-235b-a22b-instruct
eval_0405,sample_0224,pair_055,55,3,1,3031,native_SS,an Indian Dhokra bronze figurine,a Ghanaian Asante brass goldweight figurine,B,A,0,1,1,1,"Dark patina, incised linear patterns, and simplified ornamentation match B-alone.",Golden metallic finish and detailed jewelry motifs match A-alone.,qwen3-vl-235b-a22b-instruct
eval_0977,sample_0864,pair_055,55,3,2,3032,lsda_clean,an Indian Dhokra bronze figurine,a Ghanaian Asante brass goldweight figurine,B,A,0,1,1,1,"Dark patina, geometric base pattern, and simplified facial carving align with B-alone’s material impression and finish.",Golden finish and detailed linear ornamentation match A-alone's surface texture and decorative technique.,qwen3-vl-235b-a22b-instruct
eval_1544,sample_0864,pair_055,55,3,2,3032,native_SS,an Indian Dhokra bronze figurine,a Ghanaian Asante brass goldweight figurine,B,A,0,1,1,1,Dark patina and geometric motifs align with B-alone’s texture and decoration.,Golden finish and detailed ornamentation match A-alone’s surface style.,qwen3-vl-235b-a22b-instruct
eval_0104,sample_0457,pair_055,55,3,3,3033,lsda_clean,an Indian Dhokra bronze figurine,a Ghanaian Asante brass goldweight figurine,A,B,1,0,0,0,Greenish bronze tone and detailed headdress motif align with A-alone.,Golden patina and linear incised ornament match B-alone.,qwen3-vl-235b-a22b-instruct
eval_1031,sample_0457,pair_055,55,3,3,3033,native_SS,an Indian Dhokra bronze figurine,a Ghanaian Asante brass goldweight figurine,A,B,1,0,0,0,Patinaed bronze-green surface with detailed relief motifs matches A-alone.,Golden metallic finish and linear incised ornament match B-alone.,qwen3-vl-235b-a22b-instruct
eval_1290,sample_0427,pair_056,56,1,1,1011,lsda_clean,a Benin bronze relief plaque,a Nepalese repoussé copper plaque,A,B,1,0,0,0,"matches A-alone in linear incised patterns, dark bronze tone, and minimalist ornament","shares ornate border, deity motifs, and green patina with B-alone",qwen3-vl-235b-a22b-instruct
eval_1643,sample_0427,pair_056,56,1,1,1011,native_SS,a Benin bronze relief plaque,a Nepalese repoussé copper plaque,A,B,1,0,0,0,"Matches A-alone’s dark bronze tone, linear texture, and simpler geometric framing.","Shares green patina, ornate headdress, and intricate border motifs with B-alone.",qwen3-vl-235b-a22b-instruct
eval_0289,sample_0885,pair_056,56,1,2,1012,lsda_clean,a Benin bronze relief plaque,a Nepalese repoussé copper plaque,A,B,1,0,0,0, dark greenish-gray patina and linear incised patterns align with A-alone’s material impression, warmer coppery patina and ornate headdress motif match B-alone's finish and decorative style,qwen3-vl-235b-a22b-instruct
eval_0782,sample_0885,pair_056,56,1,2,1012,native_SS,a Benin bronze relief plaque,a Nepalese repoussé copper plaque,A,B,1,0,0,0,"darker, coarser texture and linear motifs align with A-alone", warmer patina and finer ornamental detailing matches B-alone,qwen3-vl-235b-a22b-instruct
eval_0362,sample_0804,pair_056,56,1,3,1013,lsda_clean,a Benin bronze relief plaque,a Nepalese repoussé copper plaque,A,B,1,0,0,0,"matches A-alone’s dark patina, linear incised patterns, and figural stylization",shares intricate temple architecture and layered relief motifs with B-alone,qwen3-vl-235b-a22b-instruct
eval_1204,sample_0804,pair_056,56,1,3,1013,native_SS,a Benin bronze relief plaque,a Nepalese repoussé copper plaque,A,B,1,0,0,0,darker metal finish and figural grouping align with A-alone, warmer patina and architectural motifs match B-alone,qwen3-vl-235b-a22b-instruct
eval_0330,sample_0217,pair_056,56,2,1,2021,lsda_clean,a Benin bronze relief plaque,a Nepalese repoussé copper plaque,A,B,1,0,0,0,"Matte bronze tone, linear relief, and crown motifs align with A-alone’s surface texture and ornament.",Green patina and ornate circular border match B-alone's material and decorative finish.,qwen3-vl-235b-a22b-instruct
eval_0081,sample_0217,pair_056,56,2,1,2021,native_SS,a Benin bronze relief plaque,a Nepalese repoussé copper plaque,A,B,1,0,0,0, dark metallic finish and linear incised texture align with A-alone's surface treatment, warmer patina and ornate border motifs match B-alone's decorative richness,qwen3-vl-235b-a22b-instruct
eval_1616,sample_0727,pair_056,56,2,2,2022,lsda_clean,a Benin bronze relief plaque,a Nepalese repoussé copper plaque,A,B,1,0,0,0,"matches A's dark matte finish, geometric border motifs, and linear garment texture","shares B's green patina, ornate headdresses, and fluid drapery texture",qwen3-vl-235b-a22b-instruct
eval_0948,sample_0727,pair_056,56,2,2,2022,native_SS,a Benin bronze relief plaque,a Nepalese repoussé copper plaque,A,B,1,0,0,0,Matches A's dark matte finish and geometric border motifs.,Shares B's greenish patina and detailed ornamental relief texture.,qwen3-vl-235b-a22b-instruct
eval_0272,sample_0733,pair_056,56,2,3,2023,lsda_clean,a Benin bronze relief plaque,a Nepalese repoussé copper plaque,A,B,1,0,0,0,"Matches A-alone’s flat figural style, uniform patina, and repetitive headdress motifs.","Shares ornate border, layered relief, and deity-centric composition with B-alone.",qwen3-vl-235b-a22b-instruct
eval_0052,sample_0733,pair_056,56,2,3,2023,native_SS,a Benin bronze relief plaque,a Nepalese repoussé copper plaque,A,B,1,0,0,0,matches A-alone’s greenish patina and incised decorative bands,shares dark patina and fine linear texture with B-alone,qwen3-vl-235b-a22b-instruct
eval_1382,sample_0201,pair_056,56,3,1,3031,lsda_clean,a Benin bronze relief plaque,a Nepalese repoussé copper plaque,A,B,1,0,0,0,"Matches A-alone’s flatter relief, linear patterning, and uniform patina.","Shares ornate, high-relief deity motif and complex decorative border with B-alone.",qwen3-vl-235b-a22b-instruct
eval_1179,sample_0201,pair_056,56,3,1,3031,native_SS,a Benin bronze relief plaque,a Nepalese repoussé copper plaque,A,B,1,0,0,0,"matches A's flat-plane figural style, linear patterning, and patinated bronze finish",shares B's intricate relief carving and ornate deity motifs with layered adornment,qwen3-vl-235b-a22b-instruct
eval_0823,sample_0380,pair_056,56,3,2,3032,lsda_clean,a Benin bronze relief plaque,a Nepalese repoussé copper plaque,A,B,1,0,0,0,"matches A-alone’s linear patterns, geometric headdress, and segmented garment texture","shares ornate arch, deity motifs, and layered relief texture with B-alone",qwen3-vl-235b-a22b-instruct
eval_0630,sample_0380,pair_056,56,3,2,3032,native_SS,a Benin bronze relief plaque,a Nepalese repoussé copper plaque,A,B,1,0,0,0,"Matches A's geometric patterning on skirt, linear necklace design, and matte dark finish.","Shares B's ornate headdress, intricate drapery texture, and temple-style background motifs.",qwen3-vl-235b-a22b-instruct
eval_1061,sample_0866,pair_056,56,3,3,3033,lsda_clean,a Benin bronze relief plaque,a Nepalese repoussé copper plaque,A,B,1,0,0,0,"matches A's dark bronze tone, geometric border pattern, and linear garment texture","shares B's turquoise patina, ornate headdress, and deity-style drapery texture",qwen3-vl-235b-a22b-instruct
eval_0393,sample_0866,pair_056,56,3,3,3033,native_SS,a Benin bronze relief plaque,a Nepalese repoussé copper plaque,A,B,1,0,0,0,Dark bronze with geometric border patterns aligns with A-alone’s surface texture.,Golden patina and fine linear motifs match B-alone's decorative finish.,qwen3-vl-235b-a22b-instruct
eval_0810,sample_0018,pair_057,57,1,1,1011,lsda_clean,a Japanese cast-iron tetsubin teapot,an Azerbaijani engraved-copper teapot,A,B,1,0,0,0,Matches dark matte texture and raised floral motifs of A-alone.,Shares coppery metallic finish and dense geometric engraving with B-alone.,qwen3-vl-235b-a22b-instruct
eval_0880,sample_0018,pair_057,57,1,1,1011,native_SS,a Japanese cast-iron tetsubin teapot,an Azerbaijani engraved-copper teapot,A,B,1,0,0,0,dark matte finish with raised nature motifs echoing A-alone,metallic copper tone with fine engraved floral patterns matching B-alone,qwen3-vl-235b-a22b-instruct
eval_0838,sample_0256,pair_057,57,1,2,1012,lsda_clean,a Japanese cast-iron tetsubin teapot,an Azerbaijani engraved-copper teapot,A,B,1,0,0,0,shares A-alone's dark matte surface and figural relief motifs,matches B-alone's coppery metallic finish and geometric engraved patterns,qwen3-vl-235b-a22b-instruct
eval_0099,sample_0256,pair_057,57,1,2,1012,native_SS,a Japanese cast-iron tetsubin teapot,an Azerbaijani engraved-copper teapot,A,B,1,0,0,0,Matches dark matte texture and narrative relief motifs of A-alone.,Shares coppery metallic finish and geometric embossed patterns with B-alone.,qwen3-vl-235b-a22b-instruct
eval_0373,sample_0447,pair_057,57,1,3,1013,lsda_clean,a Japanese cast-iron tetsubin teapot,an Azerbaijani engraved-copper teapot,A,B,1,0,0,0,"rough, dark patinated surface with rustic texture matches A-alone",ornate engraved metalwork and polished copper finish match B-alone,qwen3-vl-235b-a22b-instruct
eval_1208,sample_0447,pair_057,57,1,3,1013,native_SS,a Japanese cast-iron tetsubin teapot,an Azerbaijani engraved-copper teapot,A,B,1,0,0,0,Rustic matte black surface with visible wear and wood handle match A-alone.,Ornate engraved patterns and polished copper finish match B-alone.,qwen3-vl-235b-a22b-instruct
eval_0317,sample_0860,pair_057,57,2,1,2021,lsda_clean,a Japanese cast-iron tetsubin teapot,an Azerbaijani engraved-copper teapot,A,B,1,0,0,0,"rough, matte black cast iron texture matches A-alone",ornate engraved motifs and polished copper finish match B-alone,qwen3-vl-235b-a22b-instruct
eval_0240,sample_0860,pair_057,57,2,1,2021,native_SS,a Japanese cast-iron tetsubin teapot,an Azerbaijani engraved-copper teapot,A,B,1,0,0,0,"Rough, matte black iron texture and minimal decoration match A-alone.",Ornate engraved motifs and polished copper finish match B-alone.,qwen3-vl-235b-a22b-instruct
eval_1220,sample_0212,pair_057,57,2,2,2022,lsda_clean,a Japanese cast-iron tetsubin teapot,an Azerbaijani engraved-copper teapot,A,B,1,0,0,0,dark matte finish with raised characters and rustic texture matching A-alone,metallic copper tone with intricate engraved patterns matching B-alone,qwen3-vl-235b-a22b-instruct
eval_0452,sample_0212,pair_057,57,2,2,2022,native_SS,a Japanese cast-iron tetsubin teapot,an Azerbaijani engraved-copper teapot,A,B,1,0,0,0,matte dark texture with raised characters and rustic handle matches A-alone,rich engraved patterns and warm metallic finish match B-alone,qwen3-vl-235b-a22b-instruct
eval_0407,sample_0249,pair_057,57,2,3,2023,lsda_clean,a Japanese cast-iron tetsubin teapot,an Azerbaijani engraved-copper teapot,A,B,1,0,0,0,matte dark iron with raised calligraphic motifs matches A-alone,intricate geometric engravings and polished copper finish match B-alone,qwen3-vl-235b-a22b-instruct
eval_1411,sample_0249,pair_057,57,2,3,2023,native_SS,a Japanese cast-iron tetsubin teapot,an Azerbaijani engraved-copper teapot,A,B,1,0,0,0,"Matches matte dark iron texture, raised kanji motifs, and woven handle style of A-alone.",Shares intricate geometric engraving and polished copper finish with B-alone.,qwen3-vl-235b-a22b-instruct
eval_1109,sample_0297,pair_057,57,3,1,3031,lsda_clean,a Japanese cast-iron tetsubin teapot,an Azerbaijani engraved-copper teapot,A,B,1,0,0,0,rustic textured surface with dark patina matches A-alone,ornate engraved motifs and polished bronze finish match B-alone,qwen3-vl-235b-a22b-instruct
eval_0408,sample_0297,pair_057,57,3,1,3031,native_SS,a Japanese cast-iron tetsubin teapot,an Azerbaijani engraved-copper teapot,A,B,1,0,0,0,rustic textured surface with dark patina and minimal ornament matches A-alone,ornate engraved motifs and polished copper finish match B-alone,qwen3-vl-235b-a22b-instruct
eval_0469,sample_0429,pair_057,57,3,2,3032,lsda_clean,a Japanese cast-iron tetsubin teapot,an Azerbaijani engraved-copper teapot,A,B,1,0,0,0,Matches dark matte texture and raised landscape relief pattern of A-alone.,Shares intricate engraved motifs and polished coppery finish with B-alone.,qwen3-vl-235b-a22b-instruct
eval_1259,sample_0429,pair_057,57,3,2,3032,native_SS,a Japanese cast-iron tetsubin teapot,an Azerbaijani engraved-copper teapot,A,B,1,0,0,0,dark matte finish with low-relief nature motifs and rustic texture matching A-alone,richly engraved metallic surface with ornate patterns and warm bronze tone matching B-alone,qwen3-vl-235b-a22b-instruct
eval_0416,sample_0483,pair_057,57,3,3,3033,lsda_clean,a Japanese cast-iron tetsubin teapot,an Azerbaijani engraved-copper teapot,A,B,1,0,0,0,dark matte surface with landscape etchings and woven handle matches A-alone,metallic copper finish with intricate geometric engravings matches B-alone,qwen3-vl-235b-a22b-instruct
eval_0157,sample_0483,pair_057,57,3,3,3033,native_SS,a Japanese cast-iron tetsubin teapot,an Azerbaijani engraved-copper teapot,A,B,1,0,0,0,dark matte finish with engraved landscape motifs and rope handle matching A-alone,copper-toned metal with dense geometric relief patterns matching B-alone,qwen3-vl-235b-a22b-instruct
eval_1064,sample_0107,pair_058,58,1,1,1011,lsda_clean,a Russian brass samovar,an Iranian Qajar brass samovar,A,B,1,0,0,0,smooth polished finish with minimal ornament matches A-alone,dense geometric engraving and textured surface match B-alone,qwen3-vl-235b-a22b-instruct
eval_1029,sample_0107,pair_058,58,1,1,1011,native_SS,a Russian brass samovar,an Iranian Qajar brass samovar,A,B,1,0,0,0,smooth polished finish with minimal ornament matches A-alone,dense geometric engraving and textured surface match B-alone,qwen3-vl-235b-a22b-instruct
eval_1748,sample_0050,pair_058,58,1,2,1012,lsda_clean,a Russian brass samovar,an Iranian Qajar brass samovar,A,B,1,0,0,0,smooth polished finish and minimal ornamentation match A-alone,intricate engraved motifs and textured surface match B-alone,qwen3-vl-235b-a22b-instruct
eval_0834,sample_0050,pair_058,58,1,2,1012,native_SS,a Russian brass samovar,an Iranian Qajar brass samovar,A,B,1,0,0,0,smooth polished finish and minimal ornamentation match A-alone,intricate engraved motifs and textured surface match B-alone,qwen3-vl-235b-a22b-instruct
eval_0091,sample_0467,pair_058,58,1,3,1013,lsda_clean,a Russian brass samovar,an Iranian Qajar brass samovar,A,B,1,0,0,0,smooth polished surface with sparse floral engraving matches A-alone,dense engraved geometric motifs and matte finish match B-alone,qwen3-vl-235b-a22b-instruct
eval_0329,sample_0467,pair_058,58,1,3,1013,native_SS,a Russian brass samovar,an Iranian Qajar brass samovar,B,B,0,1,0,1,Both exhibit similar high-relief arabesque patterns and ornate lid finials with consistent metallic finish.,"Both feature dense, fine engraved geometric and calligraphic motifs across the body and lid.",qwen3-vl-235b-a22b-instruct
eval_0481,sample_0289,pair_058,58,2,1,2021,lsda_clean,a Russian brass samovar,an Iranian Qajar brass samovar,A,B,1,0,0,0,smooth polished surface with minimal ornament matches A-alone,dense geometric engraving and textured finish match B-alone,qwen3-vl-235b-a22b-instruct
eval_0967,sample_0289,pair_058,58,2,1,2021,native_SS,a Russian brass samovar,an Iranian Qajar brass samovar,A,B,1,0,0,0,smoother surface with minimal ornamentation matches A-alone,dense engraved patterns and textured finish match B-alone,qwen3-vl-235b-a22b-instruct
eval_0844,sample_0802,pair_058,58,2,2,2022,lsda_clean,a Russian brass samovar,an Iranian Qajar brass samovar,A,B,1,0,0,0,smooth polished gold finish with minimal relief decoration matches A-alone's simpler surface,dense engraved geometric and calligraphic motifs match B-alone's ornate surface treatment,qwen3-vl-235b-a22b-instruct
eval_0294,sample_0802,pair_058,58,2,2,2022,native_SS,a Russian brass samovar,an Iranian Qajar brass samovar,B,A,0,1,1,1,"Densely engraved geometric/Arabic motifs covering body and lid, mirroring B-alone's ornate surface treatment.","Smooth polished brass with minimal ornament, matching A-alone's finish and sparse decoration.",qwen3-vl-235b-a22b-instruct
eval_1189,sample_0848,pair_058,58,2,3,2023,lsda_clean,a Russian brass samovar,an Iranian Qajar brass samovar,A,B,1,0,0,0,smooth polished bands and minimal relief match A-alone's material finish,intricate engraved geometric patterns match B-alone's surface ornament,qwen3-vl-235b-a22b-instruct
eval_0069,sample_0848,pair_058,58,2,3,2023,native_SS,a Russian brass samovar,an Iranian Qajar brass samovar,B,A,0,1,1,1,"Dense Arabic calligraphy and intricate geometric engraving, mirroring B-alone's ornamental technique.","Smooth polished brass with minimal engraved bands, matching A-alone's material and finish.",qwen3-vl-235b-a22b-instruct
eval_0136,sample_0738,pair_058,58,3,1,3031,lsda_clean,a Russian brass samovar,an Iranian Qajar brass samovar,A,B,1,0,0,0,smooth polished surface with minimal ornamentation matches A-alone,dense engraved floral motifs and darker patina match B-alone,qwen3-vl-235b-a22b-instruct
eval_0927,sample_0738,pair_058,58,3,1,3031,native_SS,a Russian brass samovar,an Iranian Qajar brass samovar,A,B,1,0,0,0,smooth polished brass with minimal embossed bands matches A-alone,dense engraved floral motifs and darker metallic finish match B-alone,qwen3-vl-235b-a22b-instruct
eval_1046,sample_0513,pair_058,58,3,2,3032,lsda_clean,a Russian brass samovar,an Iranian Qajar brass samovar,A,B,1,0,0,0,smooth polished surface with minimal banding matches A-alone,intricate engraved patterns and matte gold finish match B-alone,qwen3-vl-235b-a22b-instruct
eval_1191,sample_0513,pair_058,58,3,2,3032,native_SS,a Russian brass samovar,an Iranian Qajar brass samovar,B,B,0,1,0,1,ornate surface patterning and textured relief align with B-alone,intricate engraved motifs and matte finish match B-alone,qwen3-vl-235b-a22b-instruct
eval_0054,sample_0652,pair_058,58,3,3,3033,lsda_clean,a Russian brass samovar,an Iranian Qajar brass samovar,A,B,1,0,0,0,smooth polished finish with minimal ornament matches A-alone,intricate engraved motifs and textured surface match B-alone,qwen3-vl-235b-a22b-instruct
eval_0588,sample_0652,pair_058,58,3,3,3033,native_SS,a Russian brass samovar,an Iranian Qajar brass samovar,A,B,1,0,0,0,smooth polished surface and minimal ornamentation match A-alone,intricate engraved motifs and matte finish match B-alone,qwen3-vl-235b-a22b-instruct
eval_0755,sample_0284,pair_059,59,1,1,1011,lsda_clean,a Tibetan silver ritual box,a Balkan silver-filigree reliquary box,A,B,1,0,0,0,Matches A-alone’s high-relief figural bands and solid embossed surface treatment.,Shares intricate floral filigree and pierced openwork texture with B-alone.,qwen3-vl-235b-a22b-instruct
eval_0178,sample_0284,pair_059,59,1,1,1011,native_SS,a Tibetan silver ritual box,a Balkan silver-filigree reliquary box,A,B,1,0,0,0,Matches A's figurative relief panels and ornate finial.,Shares B's dense filigree and geometric lattice texture.,qwen3-vl-235b-a22b-instruct
eval_0776,sample_0549,pair_059,59,1,2,1012,lsda_clean,a Tibetan silver ritual box,a Balkan silver-filigree reliquary box,A,B,1,0,0,0,figural relief bands and domed finial match A-alone,intricate filigree and geometric patterns match B-alone,qwen3-vl-235b-a22b-instruct
eval_0998,sample_0549,pair_059,59,1,2,1012,native_SS,a Tibetan silver ritual box,a Balkan silver-filigree reliquary box,A,B,1,0,0,0,Matches A-alone’s figural relief bands and raised decorative borders.,Shares intricate geometric filigree and punched dot texture with B-alone.,qwen3-vl-235b-a22b-instruct
eval_1221,sample_0403,pair_059,59,1,3,1013,lsda_clean,a Tibetan silver ritual box,a Balkan silver-filigree reliquary box,A,B,1,0,0,0,figurative relief scenes and embossed borders align with A-alone's ornamental style,intricate filigree and turquoise inlay match B-alone's surface decoration,qwen3-vl-235b-a22b-instruct
eval_0721,sample_0403,pair_059,59,1,3,1013,native_SS,a Tibetan silver ritual box,a Balkan silver-filigree reliquary box,B,A,0,1,1,1,"Both exhibit intricate filigree patterns, turquoise inlay, and ornate floral/geometric motifs on polished metal.",Both feature dense figural relief with narrative scenes and similar metallic finish without gemstones.,qwen3-vl-235b-a22b-instruct
eval_0987,sample_0615,pair_059,59,2,1,2021,lsda_clean,a Tibetan silver ritual box,a Balkan silver-filigree reliquary box,A,B,1,0,0,0,Matches A-alone’s embossed narrative panels and figurative finial.,Shares intricate filigree and turquoise inlay with B-alone.,qwen3-vl-235b-a22b-instruct
eval_0092,sample_0615,pair_059,59,2,1,2021,native_SS,a Tibetan silver ritual box,a Balkan silver-filigree reliquary box,A,B,1,0,0,0,Matches A-alone’s embossed narrative panels and figural finial.,Shares intricate filigree and turquoise inlay with B-alone.,qwen3-vl-235b-a22b-instruct
eval_1654,sample_0075,pair_059,59,2,2,2022,lsda_clean,a Tibetan silver ritual box,a Balkan silver-filigree reliquary box,A,B,1,0,0,0,displays high-relief narrative figural bands and solid surface ornament like A-alone,features intricate openwork filigree and geometric floral motifs like B-alone,qwen3-vl-235b-a22b-instruct
eval_0585,sample_0075,pair_059,59,2,2,2022,native_SS,a Tibetan silver ritual box,a Balkan silver-filigree reliquary box,B,A,0,1,1,1,Openwork filigree and geometric lattice patterns align with B-alone’s surface texture.,Figurative relief scenes and ornate border motifs match A-alone’s narrative decoration.,qwen3-vl-235b-a22b-instruct
eval_0005,sample_0500,pair_059,59,2,3,2023,lsda_clean,a Tibetan silver ritual box,a Balkan silver-filigree reliquary box,A,B,1,0,0,0,figurative relief scenes and seated figure motif match A-alone,intricate geometric filigree and dense surface patterning match B-alone,qwen3-vl-235b-a22b-instruct
eval_1321,sample_0500,pair_059,59,2,3,2023,native_SS,a Tibetan silver ritual box,a Balkan silver-filigree reliquary box,B,B,0,1,0,1,"Matches B-alone’s openwork lattice and arabesque patterns, not A’s figurative relief.",Shares dense geometric filigree and raised medallion motifs with B-alone.,qwen3-vl-235b-a22b-instruct
eval_0539,sample_0854,pair_059,59,3,1,3031,lsda_clean,a Tibetan silver ritual box,a Balkan silver-filigree reliquary box,A,B,1,0,0,0,Matches A-alone’s embossed deity panels and dense ornamental borders.,Shares filigree texture and openwork pattern with B-alone.,qwen3-vl-235b-a22b-instruct
eval_0700,sample_0854,pair_059,59,3,1,3031,native_SS,a Tibetan silver ritual box,a Balkan silver-filigree reliquary box,A,B,1,0,0,0,figurative relief panels and tiered ornamental bands align with A-alone’s motif and finish,intricate openwork filigree and dome lid match B-alone's surface texture and decorative technique,qwen3-vl-235b-a22b-instruct
eval_0491,sample_0319,pair_059,59,3,2,3032,lsda_clean,a Tibetan silver ritual box,a Balkan silver-filigree reliquary box,A,B,1,0,0,0,figurative relief panels and tiered lid ornamentation matching A-alone's decorative motifs,dense filigree and geometric lacework matching B-alone's surface texture,qwen3-vl-235b-a22b-instruct
eval_0316,sample_0319,pair_059,59,3,2,3032,native_SS,a Tibetan silver ritual box,a Balkan silver-filigree reliquary box,A,B,1,0,0,0,figural relief panels and tiered lid design mirror A-alone's ornamentation,dense filigree and floral motifs match B-alone's surface texture,qwen3-vl-235b-a22b-instruct
eval_0374,sample_0455,pair_059,59,3,3,3033,lsda_clean,a Tibetan silver ritual box,a Balkan silver-filigree reliquary box,A,B,1,0,0,0,figurative relief panels and temple-like lid ornamentation mirror A-alone’s narrative motifs,intricate filigree and dense geometric patterns match B-alone’s surface decoration,qwen3-vl-235b-a22b-instruct
eval_1070,sample_0455,pair_059,59,3,3,3033,native_SS,a Tibetan silver ritual box,a Balkan silver-filigree reliquary box,A,B,1,0,0,0,Matches A-alone’s narrative relief panels and architectural dome ornament.,Shares dense floral filigree and beaded rim texture with B-alone.,qwen3-vl-235b-a22b-instruct
eval_0492,sample_0001,pair_060,60,1,1,1011,lsda_clean,a Chinese bronze ritual bowl,a Korean bangjja bronze bowl,B,A,0,1,1,1,"Matches B-alone’s geometric banding and darker, matte finish.",Shares raised figural relief and warm patina with A-alone.,qwen3-vl-235b-a22b-instruct
eval_0571,sample_0001,pair_060,60,1,1,1011,native_SS,a Chinese bronze ritual bowl,a Korean bangjja bronze bowl,B,A,0,1,1,1,Matches B-alone’s simpler geometric banding and muted greenish patina.,Shares intricate figural relief and warm bronze patina with A-alone.,qwen3-vl-235b-a22b-instruct
eval_0252,sample_0829,pair_060,60,1,2,1012,lsda_clean,a Chinese bronze ritual bowl,a Korean bangjja bronze bowl,B,A,0,1,1,1,Matches B's low-relief landscape motifs and uniform matte bronze finish.,Shares A's high-relief figural scenes and dark patina with gilded highlights.,qwen3-vl-235b-a22b-instruct
eval_0154,sample_0829,pair_060,60,1,2,1012,native_SS,a Chinese bronze ritual bowl,a Korean bangjja bronze bowl,A,B,1,0,0,0,"high-relief figural scenes with dark patina and ornate base, mirroring A-alone's decorative style","smooth metallic finish with subtle engraved motifs, matching B-alone's texture and patina",qwen3-vl-235b-a22b-instruct
eval_0449,sample_0520,pair_060,60,1,3,1013,lsda_clean,a Chinese bronze ritual bowl,a Korean bangjja bronze bowl,A,B,1,0,0,0,Ornate raised landscape relief and dark bronze tone closely match A-alone’s decorative technique and material impression.,"Smooth, unadorned metallic surface with patina, matching B-alone’s finish and lack of relief motifs.",qwen3-vl-235b-a22b-instruct
eval_1670,sample_0520,pair_060,60,1,3,1013,native_SS,a Chinese bronze ritual bowl,a Korean bangjja bronze bowl,A,B,1,0,0,0,"Intricate relief motifs and dark bronze texture, consistent with A-alone's decorative style.","Smooth, unadorned metallic surface with patina, matching B-alone's finish.",qwen3-vl-235b-a22b-instruct
eval_0497,sample_0887,pair_060,60,2,1,2021,lsda_clean,a Chinese bronze ritual bowl,a Korean bangjja bronze bowl,A,B,1,0,0,0,raised landscape motifs and green-gold patina align with A-alone's decorative technique and color system,uniform patina and horizontal striations match B-alone's surface texture and finish,qwen3-vl-235b-a22b-instruct
eval_0318,sample_0887,pair_060,60,2,1,2021,native_SS,a Chinese bronze ritual bowl,a Korean bangjja bronze bowl,A,B,1,0,0,0,Matches A's raised landscape motifs and geometric border pattern.,Shares B's smooth patina and subtle linear banding without figural relief.,qwen3-vl-235b-a22b-instruct
eval_1524,sample_0619,pair_060,60,2,2,2022,lsda_clean,a Chinese bronze ritual bowl,a Korean bangjja bronze bowl,A,B,1,0,0,0,"Matches A's brighter gold-toned finish and bold, blocky character motifs.","Shares B's darker patina and less raised, more incised inscription style.",qwen3-vl-235b-a22b-instruct
eval_1655,sample_0619,pair_060,60,2,2,2022,native_SS,a Chinese bronze ritual bowl,a Korean bangjja bronze bowl,A,B,1,0,0,0,"Matches A-alone’s golden hue, raised rectangular panels, and calligraphic script.",Similar dark patina and engraved geometric motifs as B-alone.,qwen3-vl-235b-a22b-instruct
eval_0356,sample_0679,pair_060,60,2,3,2023,lsda_clean,a Chinese bronze ritual bowl,a Korean bangjja bronze bowl,A,B,1,0,0,0,polished golden-bronze with raised high-relief narrative panels,matte dark bronze finish with fine linear incised motifs,qwen3-vl-235b-a22b-instruct
eval_1768,sample_0679,pair_060,60,2,3,2023,native_SS,a Chinese bronze ritual bowl,a Korean bangjja bronze bowl,A,B,1,0,0,0,Matches A's raised figural relief scenes and warm golden tone.,Shares B's darker patina and linear geometric border motifs.,qwen3-vl-235b-a22b-instruct
eval_0228,sample_0178,pair_060,60,3,1,3031,lsda_clean,a Chinese bronze ritual bowl,a Korean bangjja bronze bowl,A,B,1,0,0,0,"gilded relief panels with dense calligraphic motifs and polished metallic sheen, mirroring A-alone's decorative style","matte bronze with subtle patina and minimal raised ornament, matching B-alone's finish and texture",qwen3-vl-235b-a22b-instruct
eval_0670,sample_0178,pair_060,60,3,1,3031,native_SS,a Chinese bronze ritual bowl,a Korean bangjja bronze bowl,B,A,0,1,1,1,"Matches the matte, aged bronze finish and subtle engraved landscape motifs.",Shares similar raised gold characters and ornate paneling on dark bronze ground.,qwen3-vl-235b-a22b-instruct
eval_0649,sample_0666,pair_060,60,3,2,3032,lsda_clean,a Chinese bronze ritual bowl,a Korean bangjja bronze bowl,A,B,1,0,0,0,Matches A's high-relief dragon motifs within rectangular panels and brighter metallic finish.,"Shares B's dense, low-relief geometric and figural patterns with muted patina.",qwen3-vl-235b-a22b-instruct
eval_0237,sample_0666,pair_060,60,3,2,3032,native_SS,a Chinese bronze ritual bowl,a Korean bangjja bronze bowl,A,B,1,0,0,0,Matches A's raised rectangular panels with dragon motifs and brighter metallic finish.,"Shares B's dense, low-relief geometric and figural patterns with muted patina.",qwen3-vl-235b-a22b-instruct
eval_0723,sample_0801,pair_060,60,3,3,3033,lsda_clean,a Chinese bronze ritual bowl,a Korean bangjja bronze bowl,A,B,1,0,0,0,displays figural landscape relief and gilded highlights matching A-alone,features geometric key-fret band and uniform patina like B-alone,qwen3-vl-235b-a22b-instruct
eval_0414,sample_0801,pair_060,60,3,3,3033,native_SS,a Chinese bronze ritual bowl,a Korean bangjja bronze bowl,A,B,1,0,0,0,displays figural landscape scenes with raised gilding similar to A-alone,features geometric key-fret border and uniform relief pattern like B-alone,qwen3-vl-235b-a22b-instruct
eval_0435,sample_0842,pair_061,61,1,1,1011,lsda_clean,a Japanese silk kimono,a Lao sinh silk skirt,A,B,1,0,0,0,Matches A-alone’s painted tree motifs and soft color gradients.,Shares metallic brocade patterns and layered banding with B-alone.,qwen3-vl-235b-a22b-instruct
eval_0714,sample_0842,pair_061,61,1,1,1011,native_SS,a Japanese silk kimono,a Lao sinh silk skirt,A,B,1,0,0,0,Floral tree motif on cream ground with blue accents mirrors A-alone’s painted landscape style and color palette.,Deep purple woven texture with subtle sheen matches B-alone's brocade pattern and metallic finish.,qwen3-vl-235b-a22b-instruct
eval_1578,sample_0661,pair_061,61,1,2,1012,lsda_clean,a Japanese silk kimono,a Lao sinh silk skirt,A,B,1,0,0,0,"Matches A-alone’s gold ground, painted floral motifs, and ink-wash tree style.",Shares gradient purple-pink textile and woven border pattern with B-alone.,qwen3-vl-235b-a22b-instruct
eval_1406,sample_0661,pair_061,61,1,2,1012,native_SS,a Japanese silk kimono,a Lao sinh silk skirt,A,B,1,0,0,0,"painted floral motif on textured gold ground with cloud patterns, mirroring A-alone's surface decoration","smooth satin finish with subtle gradient and minimal ornament, matching B-alone's textile texture",qwen3-vl-235b-a22b-instruct
eval_0328,sample_0360,pair_061,61,1,3,1013,lsda_clean,a Japanese silk kimono,a Lao sinh silk skirt,A,B,1,0,0,0,"Matches A-alone’s painted landscape motif and soft, brushed silk texture.",Shares metallic brocade borders and structured textile finish with B-alone.,qwen3-vl-235b-a22b-instruct
eval_0076,sample_0360,pair_061,61,1,3,1013,native_SS,a Japanese silk kimono,a Lao sinh silk skirt,A,B,1,0,0,0,Matches A-alone’s painted landscape motif and gold-toned silk texture.,Shares metallic brocade border and structured textile finish with B-alone.,qwen3-vl-235b-a22b-instruct
eval_0210,sample_0353,pair_061,61,2,1,2021,lsda_clean,a Japanese silk kimono,a Lao sinh silk skirt,A,B,1,0,0,0,"Matches A-alone’s painted pine motif, silk sheen, and tonal gradient background.",Shares layered textile with metallic brocade bands and color blocking like B-alone.,qwen3-vl-235b-a22b-instruct
eval_0046,sample_0353,pair_061,61,2,1,2021,native_SS,a Japanese silk kimono,a Lao sinh silk skirt,A,A,0,1,1,0,"Matches A-alone’s muted beige tone, soft sheen, and embroidered natural scene.",Shares cream silk base and subtle landscape motif with A-alone.,qwen3-vl-235b-a22b-instruct
eval_1020,sample_0570,pair_061,61,2,2,2022,lsda_clean,a Japanese silk kimono,a Lao sinh silk skirt,A,B,1,0,0,0,"painted bamboo and landscape motifs on cream silk, matching A-alone’s naturalistic painted decoration.","richly patterned textile with dense geometric and floral motifs, similar to B-alone’s ornate woven design.",qwen3-vl-235b-a22b-instruct
eval_0664,sample_0570,pair_061,61,2,2,2022,native_SS,a Japanese silk kimono,a Lao sinh silk skirt,A,B,1,0,0,0,"painted botanical motifs on light ground, mirroring A-alone's decorative style","solid color field with minimal ornament, matching B-alone's plain textile finish",qwen3-vl-235b-a22b-instruct
eval_1564,sample_0068,pair_061,61,2,3,2023,lsda_clean,a Japanese silk kimono,a Lao sinh silk skirt,A,B,1,0,0,0,"Matches A-alone’s painted pine motifs, gold silk ground, and brocade-like texture.","Shares vibrant pink hue, woven geometric bands, and metallic sheen with B-alone.",qwen3-vl-235b-a22b-instruct
eval_0110,sample_0068,pair_061,61,2,3,2023,native_SS,a Japanese silk kimono,a Lao sinh silk skirt,A,B,1,0,0,0,painted pine landscape on cream silk with floral accents mirrors A-alone's motif and finish,rich red satin with metallic brocade band matches B-alone's color and weave texture,qwen3-vl-235b-a22b-instruct
eval_1384,sample_0673,pair_061,61,3,1,3031,lsda_clean,a Japanese silk kimono,a Lao sinh silk skirt,A,B,1,0,0,0,"Same painted landscape motif, muted earth tones, and brushstroke texture as A-alone.",Same rich pink silk with gold brocade border and pleated texture as B-alone.,qwen3-vl-235b-a22b-instruct
eval_0464,sample_0673,pair_061,61,3,1,3031,native_SS,a Japanese silk kimono,a Lao sinh silk skirt,A,B,1,0,0,0,painted floral motifs and ink-wash texture match A-alone,smooth satin finish with metallic brocade border like B-alone,qwen3-vl-235b-a22b-instruct
eval_1092,sample_0073,pair_061,61,3,2,3032,lsda_clean,a Japanese silk kimono,a Lao sinh silk skirt,A,B,1,0,0,0,shares A-alone's painted pine-and-cloud motifs and warm orange-toned silk finish,"matches B-alone's magenta hue, striped hem band, and plain woven texture",qwen3-vl-235b-a22b-instruct
eval_1729,sample_0073,pair_061,61,3,2,3032,native_SS,a Japanese silk kimono,a Lao sinh silk skirt,A,B,1,0,0,0,painted pine and floral motifs on beige ground mirror A's landscape painting style and warm palette,solid red satin with minimal ornament matches B's plain rich color and woven band finish,qwen3-vl-235b-a22b-instruct
eval_0653,sample_0339,pair_061,61,3,3,3033,lsda_clean,a Japanese silk kimono,a Lao sinh silk skirt,A,B,1,0,0,0,painted floral motifs on cream ground with wave patterns match A-alone,richly patterned brocade with vertical bands and metallic sheen matches B-alone,qwen3-vl-235b-a22b-instruct
eval_0129,sample_0339,pair_061,61,3,3,3033,native_SS,a Japanese silk kimono,a Lao sinh silk skirt,B,A,0,1,1,1,"Rich red ground with dense floral bands and metallic brocade texture, mirroring B-alone’s ornate pattern system.","Cream satin finish with subtle tonal gradient and minimal ornament, matching A-alone’s material impression.",qwen3-vl-235b-a22b-instruct
eval_0343,sample_0236,pair_062,62,1,1,1011,lsda_clean,a Japanese silk kimono,a Cambodian hol silk robe,A,B,1,0,0,0,shares A's painted tree motif and color palette,matches B's woven texture and purple-toned patterned fabric,qwen3-vl-235b-a22b-instruct
eval_1794,sample_0236,pair_062,62,1,1,1011,native_SS,a Japanese silk kimono,a Cambodian hol silk robe,B,A,0,1,1,1,Matches B-alone’s woven geometric pattern and purple tonal palette.,Shares painted landscape motifs and textured silk finish with A-alone.,qwen3-vl-235b-a22b-instruct
eval_1555,sample_0262,pair_062,62,1,2,1012,lsda_clean,a Japanese silk kimono,a Cambodian hol silk robe,B,A,0,1,1,1,Striped pattern and red border align with B-alone's woven textile texture.,Golden hue and floral motif match A-alone's painted surface style.,qwen3-vl-235b-a22b-instruct
eval_1135,sample_0262,pair_062,62,1,2,1012,native_SS,a Japanese silk kimono,a Cambodian hol silk robe,A,A,0,1,1,0,Landscape painting style and muted green wash resemble A-alone’s artistic finish.,Soft pastel tones and floral motifs match A-alone’s painted aesthetic.,qwen3-vl-235b-a22b-instruct
eval_1376,sample_0741,pair_062,62,1,3,1013,lsda_clean,a Japanese silk kimono,a Cambodian hol silk robe,A,B,1,0,0,0,Matches A-alone’s painted landscape motif and soft tonal gradient on silk.,Shares metallic brocade texture and vertical panel structure with B-alone.,qwen3-vl-235b-a22b-instruct
eval_1758,sample_0741,pair_062,62,1,3,1013,native_SS,a Japanese silk kimono,a Cambodian hol silk robe,A,B,1,0,0,0,matches A-alone’s painted landscape motif and gold-toned silk finish,shares metallic sheen and subtle patterned texture with B-alone,qwen3-vl-235b-a22b-instruct
eval_0504,sample_0671,pair_062,62,2,1,2021,lsda_clean,a Japanese silk kimono,a Cambodian hol silk robe,A,B,1,0,0,0,Matches A's painted landscape motif and satin-like finish.,Shares B's woven geometric texture and muted metallic sheen.,qwen3-vl-235b-a22b-instruct
eval_1536,sample_0671,pair_062,62,2,1,2021,native_SS,a Japanese silk kimono,a Cambodian hol silk robe,A,B,1,0,0,0,Matches A's painted landscape motif and soft cream silk finish.,Shares B's textured weave and muted reddish tone with geometric pattern.,qwen3-vl-235b-a22b-instruct
eval_1022,sample_0271,pair_062,62,2,2,2022,lsda_clean,a Japanese silk kimono,a Cambodian hol silk robe,A,B,1,0,0,0,Painted bamboo and landscape motifs with soft color washes mirror A-alone’s decorative style.,Striped brocade pattern and metallic sheen match B-alone’s surface texture and ornament.,qwen3-vl-235b-a22b-instruct
eval_1145,sample_0271,pair_062,62,2,2,2022,native_SS,a Japanese silk kimono,a Cambodian hol silk robe,A,B,1,0,0,0,"soft painted landscape motifs and cream silk base echo A-alone’s delicate, nature-themed decoration","rich metallic brocade texture and deep red ground match B-alone’s ornate, lustrous surface",qwen3-vl-235b-a22b-instruct
eval_0268,sample_0198,pair_062,62,2,3,2023,lsda_clean,a Japanese silk kimono,a Cambodian hol silk robe,A,B,1,0,0,0,"Matches A's gold ground, pine tree painting style, and ink-wash aesthetic.","Shares B's red base color, repeating small motifs, and brocade-like texture.",qwen3-vl-235b-a22b-instruct
eval_0241,sample_0198,pair_062,62,2,3,2023,native_SS,a Japanese silk kimono,a Cambodian hol silk robe,A,B,1,0,0,0,Cream background with painted pine tree landscape and soft ink wash texture mirrors A-alone’s artistic rendering and surface treatment.,Red ground with subtle woven floral motifs and metallic sheen matches B-alone's textile pattern and finish.,qwen3-vl-235b-a22b-instruct
eval_1008,sample_0700,pair_062,62,3,1,3031,lsda_clean,a Japanese silk kimono,a Cambodian hol silk robe,A,B,1,0,0,0,painted naturalistic scene with soft ink washes and floral motifs aligns with A-alone's artistic surface treatment,rich striped brocade with metallic gold and pink motifs matches B-alone's pattern density and luster,qwen3-vl-235b-a22b-instruct
eval_0197,sample_0700,pair_062,62,3,1,3031,native_SS,a Japanese silk kimono,a Cambodian hol silk robe,B,A,0,1,1,1,Rich striped pattern and metallic brocade texture mirror B-alone’s ornate fabric design.,"Soft, muted tones and subtle floral motifs resemble A-alone’s painted aesthetic.",qwen3-vl-235b-a22b-instruct
eval_0928,sample_0597,pair_062,62,3,2,3032,lsda_clean,a Japanese silk kimono,a Cambodian hol silk robe,A,B,1,0,0,0,"shares A's painted pine, cloud, and landscape motifs on orange ground",matches B's solid magenta field and gold-patterned borders,qwen3-vl-235b-a22b-instruct
eval_1108,sample_0597,pair_062,62,3,2,3032,native_SS,a Japanese silk kimono,a Cambodian hol silk robe,A,B,1,0,0,0,"painted pine, clouds, and landscape motifs on warm ground match A-alone's decorative system",solid deep red with minimal gold accents matches B-alone's color and ornament style,qwen3-vl-235b-a22b-instruct
eval_0395,sample_0701,pair_062,62,3,3,3033,lsda_clean,a Japanese silk kimono,a Cambodian hol silk robe,A,B,1,0,0,0,painted floral motifs and soft color palette mirror A-alone,rich brocade texture and geometric pattern match B-alone,qwen3-vl-235b-a22b-instruct
eval_1408,sample_0701,pair_062,62,3,3,3033,native_SS,a Japanese silk kimono,a Cambodian hol silk robe,B,A,0,1,1,1,"Rich color blocking, metallic brocade texture, and ornate banding resemble B-alone.",Cream base with subtle tonal motifs and smooth satin finish like A-alone.,qwen3-vl-235b-a22b-instruct
eval_0944,sample_0087,pair_063,63,1,1,1011,lsda_clean,an Indian Banarasi brocade sari,a Bhutanese kushuthara silk kira,A,B,1,0,0,0,shares A's leaf motifs and metallic sheen on ground,matches B's dense geometric border and woven texture,qwen3-vl-235b-a22b-instruct
eval_1119,sample_0087,pair_063,63,1,1,1011,native_SS,an Indian Banarasi brocade sari,a Bhutanese kushuthara silk kira,A,B,1,0,0,0,"Matches A-alone’s leaf motifs, bright blue base, and gold-zari border pattern.","Shares similar dark ground, fine geometric weave, and metallic border texture with B-alone.",qwen3-vl-235b-a22b-instruct
eval_1556,sample_0878,pair_063,63,1,2,1012,lsda_clean,an Indian Banarasi brocade sari,a Bhutanese kushuthara silk kira,A,B,1,0,0,0,Blue ground with metallic floral patterns and ornate border echoes A-alone’s material impression and ornament style.,Red base with intricate woven motifs and striped border matches B-alone’s color system and decorative technique.,qwen3-vl-235b-a22b-instruct
eval_1307,sample_0878,pair_063,63,1,2,1012,native_SS,an Indian Banarasi brocade sari,a Bhutanese kushuthara silk kira,A,B,1,0,0,0,"Matches A-alone’s green base, gold leaf motifs, and ornate brocade patterns.",Shares similar plain woven texture and horizontal striped border with B-alone.,qwen3-vl-235b-a22b-instruct
eval_1037,sample_0633,pair_063,63,1,3,1013,lsda_clean,an Indian Banarasi brocade sari,a Bhutanese kushuthara silk kira,A,B,1,0,0,0,"Matches A-alone’s teal base, gold leaf motifs, and lustrous woven finish.",Shares bold red-orange color system and geometric border motifs with B-alone.,qwen3-vl-235b-a22b-instruct
eval_0912,sample_0633,pair_063,63,1,3,1013,native_SS,an Indian Banarasi brocade sari,a Bhutanese kushuthara silk kira,B,A,0,1,1,1,Blue panel mirrors B’s dense geometric border and rich color layering.,Red panel shares A’s metallic gold border and lustrous silk finish.,qwen3-vl-235b-a22b-instruct
eval_1024,sample_0195,pair_063,63,2,1,2021,lsda_clean,an Indian Banarasi brocade sari,a Bhutanese kushuthara silk kira,A,B,1,0,0,0,Matches A's floral motifs and metallic brocade finish.,Shares B's striped pattern and woven texture.,qwen3-vl-235b-a22b-instruct
eval_1736,sample_0195,pair_063,63,2,1,2021,native_SS,an Indian Banarasi brocade sari,a Bhutanese kushuthara silk kira,A,B,1,0,0,0,"Orange ground with large white floral motifs and green-gold border aligns with A-alone’s ornate, high-contrast decorative style.",Dark base with gold geometric motifs and striped border matches B-alone’s structured pattern and metallic finish.,qwen3-vl-235b-a22b-instruct
eval_1045,sample_0591,pair_063,63,2,2,2022,lsda_clean,an Indian Banarasi brocade sari,a Bhutanese kushuthara silk kira,A,B,1,0,0,0,"Matches A-alone’s metallic sheen, woven texture, and green-gold color palette.",Shares deep red ground and block-printed geometric motifs with B-alone.,qwen3-vl-235b-a22b-instruct
eval_1202,sample_0591,pair_063,63,2,2,2022,native_SS,an Indian Banarasi brocade sari,a Bhutanese kushuthara silk kira,A,B,1,0,0,0,"green-gold shimmering surface with repeating circular motifs and silver brocade border, visually consistent with A-alone’s material and decorative finish.","rich red base with intricate geometric and floral border patterns matching B-alone's ornate, multi-layered textile design.",qwen3-vl-235b-a22b-instruct
eval_0115,sample_0696,pair_063,63,2,3,2023,lsda_clean,an Indian Banarasi brocade sari,a Bhutanese kushuthara silk kira,A,B,1,0,0,0,Yellow-blue floral pattern and metallic brocade texture align with A-alone’s surface style.,Red ground with gold circular motifs and border matches B-alone's color system and decorative technique.,qwen3-vl-235b-a22b-instruct
eval_0375,sample_0696,pair_063,63,2,3,2023,native_SS,an Indian Banarasi brocade sari,a Bhutanese kushuthara silk kira,A,B,1,0,0,0,Yellow ground with blue floral motifs and woven border aligns with A-alone’s material impression and ornament style.,Red field with fine dot pattern and gold border matches B-alone’s color system and decorative technique.,qwen3-vl-235b-a22b-instruct
eval_1317,sample_0815,pair_063,63,3,1,3031,lsda_clean,an Indian Banarasi brocade sari,a Bhutanese kushuthara silk kira,A,B,1,0,0,0,Deep blue ground with silver-gold floral motifs and woven border texture closely mirrors A-alone's material impression and ornament.,Red-orange field with gold circular motifs and border pattern matches B-alone's color system and decorative technique.,qwen3-vl-235b-a22b-instruct
eval_0771,sample_0815,pair_063,63,3,1,3031,native_SS,an Indian Banarasi brocade sari,a Bhutanese kushuthara silk kira,A,B,1,0,0,0,matches A-alone’s blue-gold metallic weave and geometric border,shares warm color palette and floral motifs with B-alone,qwen3-vl-235b-a22b-instruct
eval_0093,sample_0280,pair_063,63,3,2,3032,lsda_clean,an Indian Banarasi brocade sari,a Bhutanese kushuthara silk kira,A,B,1,0,0,0,Pink-gold floral weave and border design closely mirror A-alone’s ornamental texture and palette.,Red ground with circular gold motifs and border matches B-alone's pattern and color system.,qwen3-vl-235b-a22b-instruct
eval_0775,sample_0280,pair_063,63,3,2,3032,native_SS,an Indian Banarasi brocade sari,a Bhutanese kushuthara silk kira,B,A,0,1,1,1,"Matches B-alone’s deep blue ground, circular gold medallions, and ornate border.",Shares warm orange-gold metallic motifs and border pattern with A-alone.,qwen3-vl-235b-a22b-instruct
eval_1193,sample_0849,pair_063,63,3,3,3033,lsda_clean,an Indian Banarasi brocade sari,a Bhutanese kushuthara silk kira,B,B,0,1,0,1,"Matches B-alone’s rich red base, gold border detailing, and ornate woven texture.","Shares red-orange palette, dense geometric motifs, and metallic brocade finish with B-alone.",qwen3-vl-235b-a22b-instruct
eval_1697,sample_0849,pair_063,63,3,3,3033,native_SS,an Indian Banarasi brocade sari,a Bhutanese kushuthara silk kira,B,B,0,1,0,1,"Same red-gold palette and woven pattern density as B-alone, differing from A-alone’s green base and floral motifs.",Red and gold color system with dense geometric motifs matches B-alone’s ornamental style.,qwen3-vl-235b-a22b-instruct
eval_1168,sample_0470,pair_064,64,1,1,1011,lsda_clean,an Indian Banarasi brocade textile panel,a Turkmen keteni silk textile panel,A,B,1,0,0,0,Matches A-alone’s fine woven texture and repeating pattern structure despite color shift.,Shares dense geometric motifs and red-dominant color palette with B-alone.,qwen3-vl-235b-a22b-instruct
eval_0336,sample_0470,pair_064,64,1,1,1011,native_SS,an Indian Banarasi brocade textile panel,a Turkmen keteni silk textile panel,A,B,1,0,0,0,subtle pink-beige ground with fine linear patterns echoes A-alone’s restrained texture,rich red palette and dense geometric motifs match B-alone's ornamental style,qwen3-vl-235b-a22b-instruct
eval_0473,sample_0639,pair_064,64,1,2,1012,lsda_clean,an Indian Banarasi brocade textile panel,a Turkmen keteni silk textile panel,A,B,1,0,0,0,"mirrors A-alone’s beige ground, floral rows, and muted color system",shares red-dominant palette and geometric border motifs with B-alone,qwen3-vl-235b-a22b-instruct
eval_0235,sample_0639,pair_064,64,1,2,1012,native_SS,an Indian Banarasi brocade textile panel,a Turkmen keteni silk textile panel,B,A,0,1,1,1,matches B-alone’s bold red field and geometric border patterns,shares muted beige background and floral motifs with A-alone,qwen3-vl-235b-a22b-instruct
eval_1610,sample_0766,pair_064,64,1,3,1013,lsda_clean,an Indian Banarasi brocade textile panel,a Turkmen keteni silk textile panel,A,B,1,0,0,0,Blue ground with floral patterns and gold accents mirroring A-alone.,Red ground with geometric lattice and border motifs matching B-alone.,qwen3-vl-235b-a22b-instruct
eval_1744,sample_0766,pair_064,64,1,3,1013,native_SS,an Indian Banarasi brocade textile panel,a Turkmen keteni silk textile panel,A,B,1,0,0,0,Blue field with floral patterns and gold-toned borders closely mirrors A-alone’s material impression and decorative technique.,Red ground with geometric lattice and border motifs matches B-alone’s color system and ornamental structure.,qwen3-vl-235b-a22b-instruct
eval_1494,sample_0514,pair_064,64,2,1,2021,lsda_clean,an Indian Banarasi brocade textile panel,a Turkmen keteni silk textile panel,A,B,1,0,0,0,repeating floral bands and muted pink-beige tones match A-alone,geometric patchwork motif and dense color palette match B-alone,qwen3-vl-235b-a22b-instruct
eval_0101,sample_0514,pair_064,64,2,1,2021,native_SS,an Indian Banarasi brocade textile panel,a Turkmen keteni silk textile panel,A,B,1,0,0,0,beige ground with subtle horizontal bands and soft tonal patterning mirrors A-alone’s muted material impression and linear rhythm,rich red ground with dense geometric motifs and border matches B-alone’s ornamental density and color palette,qwen3-vl-235b-a22b-instruct
eval_1277,sample_0724,pair_064,64,2,2,2022,lsda_clean,an Indian Banarasi brocade textile panel,a Turkmen keteni silk textile panel,A,B,1,0,0,0,"Matches A-alone’s floral pattern, beige ground, and muted blue tones.",Shares dense geometric motifs and deep red/purple color palette with B-alone.,qwen3-vl-235b-a22b-instruct
eval_0264,sample_0724,pair_064,64,2,2,2022,native_SS,an Indian Banarasi brocade textile panel,a Turkmen keteni silk textile panel,A,B,1,0,0,0,"light beige ground with repeating small floral or lattice motifs and subtle borders, visually consistent with A-alone's color system and texture","rich red field with dense geometric motifs and border patterns matching B-alone's ornate, multi-colored textile style",qwen3-vl-235b-a22b-instruct
eval_0461,sample_0710,pair_064,64,2,3,2023,lsda_clean,an Indian Banarasi brocade textile panel,a Turkmen keteni silk textile panel,A,B,1,0,0,0,"Matches A-alone’s floral pattern density, color saturation, and metallic sheen.","Shares red ground, geometric medallions, and dense border motifs with B-alone.",qwen3-vl-235b-a22b-instruct
eval_0569,sample_0710,pair_064,64,2,3,2023,native_SS,an Indian Banarasi brocade textile panel,a Turkmen keteni silk textile panel,A,B,1,0,0,0,light beige ground with repeating vertical floral bands and border style echoing A-alone’s textile design,deep red field with dense geometric medallions and border motifs matching B-alone’s pattern language,qwen3-vl-235b-a22b-instruct
eval_1084,sample_0208,pair_064,64,3,1,3031,lsda_clean,an Indian Banarasi brocade textile panel,a Turkmen keteni silk textile panel,A,B,1,0,0,0,matches A-alone’s warm ochre/cream field and floral pattern density,shares red dominant color and dense geometric border motifs with B-alone,qwen3-vl-235b-a22b-instruct
eval_1648,sample_0208,pair_064,64,3,1,3031,native_SS,an Indian Banarasi brocade textile panel,a Turkmen keteni silk textile panel,B,A,0,1,1,1,"matches deep red field, dense geometric medallions, and crisp border pattern of B-alone",shares warm ochre and red palette with floral motifs and soft texture like A-alone,qwen3-vl-235b-a22b-instruct
eval_0529,sample_0521,pair_064,64,3,2,3032,lsda_clean,an Indian Banarasi brocade textile panel,a Turkmen keteni silk textile panel,A,B,1,0,0,0,shares A-alone's peach-toned ground and subtle repeating dot texture,matches B-alone's dense geometric motifs and dark border pattern,qwen3-vl-235b-a22b-instruct
eval_1334,sample_0521,pair_064,64,3,2,3032,native_SS,an Indian Banarasi brocade textile panel,a Turkmen keteni silk textile panel,A,B,1,0,0,0,Soft coral ground with fine repeating motifs and metallic sheen aligns with A-alone’s delicate texture and warm tone.,Rich red field with geometric medallions and dark borders matches B-alone's pattern density and color scheme.,qwen3-vl-235b-a22b-instruct
eval_0380,sample_0304,pair_064,64,3,3,3033,lsda_clean,an Indian Banarasi brocade textile panel,a Turkmen keteni silk textile panel,A,B,1,0,0,0,matches A-alone’s floral pattern density and warm orange-pink palette,shares dense geometric motifs and red/blue color system with B-alone,qwen3-vl-235b-a22b-instruct
eval_1732,sample_0304,pair_064,64,3,3,3033,native_SS,an Indian Banarasi brocade textile panel,a Turkmen keteni silk textile panel,A,B,1,0,0,0,"Matches A-alone’s floral pattern, soft beige-red tones, and woven texture.",Shares dense geometric motifs and rich red-blue color palette with B-alone.,qwen3-vl-235b-a22b-instruct
eval_1398,sample_0021,pair_065,65,1,1,1011,lsda_clean,a Chinese silk-embroidery panel,a Vietnamese silk-embroidery panel,B,B,0,1,0,1,"Matches B's color palette, embroidered flower rendering, and decorative bird placement.","Shares B's floral motif, saturated pink/red blossoms, and bird embroidery style.",qwen3-vl-235b-a22b-instruct
eval_0148,sample_0021,pair_065,65,1,1,1011,native_SS,a Chinese silk-embroidery panel,a Vietnamese silk-embroidery panel,B,B,0,1,0,1,"Matches B's bird-and-blossom composition, threadwork finish, and tonal palette.","Shares B's floral motifs, color saturation, and embroidered texture.",qwen3-vl-235b-a22b-instruct
eval_1087,sample_0486,pair_065,65,1,2,1012,lsda_clean,a Chinese silk-embroidery panel,a Vietnamese silk-embroidery panel,A,B,1,0,0,0,"Landscape scenery, misty mountains, pagodas, and subdued color palette align with A-alone.","Floral motifs, vibrant pink/red blossoms, and embroidered leaf textures match B-alone.",qwen3-vl-235b-a22b-instruct
eval_0848,sample_0486,pair_065,65,1,2,1012,native_SS,a Chinese silk-embroidery panel,a Vietnamese silk-embroidery panel,A,B,1,0,0,0,"Landscape composition, muted earth tones, and ink-wash texture align with A-alone.","Floral motif, vibrant color saturation, and satin-like texture match B-alone.",qwen3-vl-235b-a22b-instruct
eval_0804,sample_0324,pair_065,65,1,3,1013,lsda_clean,a Chinese silk-embroidery panel,a Vietnamese silk-embroidery panel,A,B,1,0,0,0,"Matches A's muted landscape palette, blue-gray rockwork, and softer floral rendering.","Shares B's vibrant pink peonies, dense floral clusters, and similar embroidery texture.",qwen3-vl-235b-a22b-instruct
eval_1714,sample_0324,pair_065,65,1,3,1013,native_SS,a Chinese silk-embroidery panel,a Vietnamese silk-embroidery panel,A,B,1,0,0,0,"Matches A's muted color palette, sparse floral arrangement, and softer embroidered finish.","Shares B's vibrant pink peonies, dense foliage, and richly textured embroidery style.",qwen3-vl-235b-a22b-instruct
eval_0192,sample_0692,pair_065,65,2,1,2021,lsda_clean,a Chinese silk-embroidery panel,a Vietnamese silk-embroidery panel,A,B,1,0,0,0,"Architectural landscape, muted blues/greens, and calligraphy align with A-alone’s surface style.","Floral motif, pink-red blossoms, and lush greenery match B-alone’s surface decoration.",qwen3-vl-235b-a22b-instruct
eval_1086,sample_0692,pair_065,65,2,1,2021,native_SS,a Chinese silk-embroidery panel,a Vietnamese silk-embroidery panel,A,B,1,0,0,0,Muted landscape palette and architectural motifs align with A-alone's visual finish.,Vibrant red peonies and dense floral texture match B-alone's surface ornament.,qwen3-vl-235b-a22b-instruct
eval_0376,sample_0798,pair_065,65,2,2,2022,lsda_clean,a Chinese silk-embroidery panel,a Vietnamese silk-embroidery panel,A,B,1,0,0,0,"Matches A-alone’s muted landscape palette, dragon motif, and ornate border pattern.","Shares red border, floral motifs, and bird-on-branch composition with B-alone.",qwen3-vl-235b-a22b-instruct
eval_0280,sample_0798,pair_065,65,2,2,2022,native_SS,a Chinese silk-embroidery panel,a Vietnamese silk-embroidery panel,B,B,0,1,0,1,"matches B-alone’s embroidered flowers, bird style, and soft pastel texture","shares floral motifs, bird depiction, and red-pink color palette with B-alone",qwen3-vl-235b-a22b-instruct
eval_0349,sample_0687,pair_065,65,2,3,2023,lsda_clean,a Chinese silk-embroidery panel,a Vietnamese silk-embroidery panel,A,B,1,0,0,0,Mountainous landscape and architectural details mirror A-alone’s texture and color system.,Floral motifs and soft pink blossoms match B-alone’s decorative style.,qwen3-vl-235b-a22b-instruct
eval_1749,sample_0687,pair_065,65,2,3,2023,native_SS,a Chinese silk-embroidery panel,a Vietnamese silk-embroidery panel,A,B,1,0,0,0,"Matches A's muted mountainous landscape, gray-blue rock textures, and subdued color palette.",Shares B's vibrant floral motifs and soft pink/red blossoms with similar embroidery texture.,qwen3-vl-235b-a22b-instruct
eval_0188,sample_0388,pair_065,65,3,1,3031,lsda_clean,a Chinese silk-embroidery panel,a Vietnamese silk-embroidery panel,A,B,1,0,0,0,"Sparse tree branches, muted blues/greys, and misty landscape texture align with A-alone’s subdued palette.","Floral density, pink-red blossoms, and ornate bird motifs match B-alone’s decorative richness.",qwen3-vl-235b-a22b-instruct
eval_0177,sample_0388,pair_065,65,3,1,3031,native_SS,a Chinese silk-embroidery panel,a Vietnamese silk-embroidery panel,A,B,1,0,0,0,"Muted blues, soft landscape rendering, and restrained color palette align with A-alone.",Vibrant red flowers and dense floral motifs match B-alone’s ornamental style.,qwen3-vl-235b-a22b-instruct
eval_0030,sample_0729,pair_065,65,3,2,3032,lsda_clean,a Chinese silk-embroidery panel,a Vietnamese silk-embroidery panel,A,B,1,0,0,0,Sparse floral placement and blue-toned foliage texture align with A-alone.,Floral density and vibrant pink/orange bloom rendering match B-alone.,qwen3-vl-235b-a22b-instruct
eval_0936,sample_0729,pair_065,65,3,2,3032,native_SS,a Chinese silk-embroidery panel,a Vietnamese silk-embroidery panel,A,B,1,0,0,0,"Matches A's muted color palette, blue-toned foliage, architectural elements, and calligraphic text panel on left.","Shares B's vibrant pink/orange peonies, bird motifs, and dense floral arrangement with similar embroidery texture.",qwen3-vl-235b-a22b-instruct
eval_0331,sample_0298,pair_065,65,3,3,3033,lsda_clean,a Chinese silk-embroidery panel,a Vietnamese silk-embroidery panel,A,B,1,0,0,0,"Landscape motif, subdued palette, and wave pattern align with A-alone.","Floral density, color saturation, and embroidery texture match B-alone.",qwen3-vl-235b-a22b-instruct
eval_0476,sample_0298,pair_065,65,3,3,3033,native_SS,a Chinese silk-embroidery panel,a Vietnamese silk-embroidery panel,A,B,1,0,0,0,"Matches A's muted tones, wave motifs, and restrained color system.",Shares B's vibrant floral palette and dense embroidery texture.,qwen3-vl-235b-a22b-instruct
eval_1796,sample_0288,pair_066,66,1,1,1011,lsda_clean,a Chinese silk-brocade robe,an Assamese muga-silk robe,A,B,1,0,0,0,Matches A's cloud-and-landscape motif and brocade-like surface sheen.,Shares B's blue ground with fine geometric weave and metallic border texture.,qwen3-vl-235b-a22b-instruct
eval_1703,sample_0288,pair_066,66,1,1,1011,native_SS,a Chinese silk-brocade robe,an Assamese muga-silk robe,A,B,1,0,0,0,both use large-scale cloud and landscape motifs with soft tonal gradients and similar silk sheen,"both feature dense, small-scale geometric or floral patterns on a blue ground with similar metallic thread finish",qwen3-vl-235b-a22b-instruct
eval_0711,sample_0501,pair_066,66,1,2,1012,lsda_clean,a Chinese silk-brocade robe,an Assamese muga-silk robe,A,B,1,0,0,0,Blue silk with cloud-and-pavilion scene and red frog closures mirrors A-alone’s ornate pictorial design and material.,Golden satin finish and minimal repeating motifs match B-alone’s texture and pattern style.,qwen3-vl-235b-a22b-instruct
eval_1138,sample_0501,pair_066,66,1,2,1012,native_SS,a Chinese silk-brocade robe,an Assamese muga-silk robe,A,B,1,0,0,0,blue ground with cloud-and-palace motif and satin finish mirrors A-alone’s painted landscape and rich brocade-like surface.,gold fabric with subtle woven texture and minimal ornament matches B-alone’s fine patterned weave and muted metallic tone.,qwen3-vl-235b-a22b-instruct
eval_0846,sample_0177,pair_066,66,1,3,1013,lsda_clean,a Chinese silk-brocade robe,an Assamese muga-silk robe,A,B,1,0,0,0,blue-and-cream landscape motif and brocade finish directly mirror A-alone's surface pattern,solid green silk with minimal ornament matches B's plain texture and color system,qwen3-vl-235b-a22b-instruct
eval_1467,sample_0177,pair_066,66,1,3,1013,native_SS,a Chinese silk-brocade robe,an Assamese muga-silk robe,A,B,1,0,0,0,"blue fabric with landscape motif and gold detailing, identical to A-alone's pattern and texture","solid olive green with minimal ornament, matching B-alone's plain color and subtle border",qwen3-vl-235b-a22b-instruct
eval_0911,sample_0205,pair_066,66,2,1,2021,lsda_clean,a Chinese silk-brocade robe,an Assamese muga-silk robe,A,B,1,0,0,0,Landscape motif and painted scene style match A-alone’s pictorial embroidery and color palette.,Striped pattern and woven border resemble B-alone's textile structure and decorative banding.,qwen3-vl-235b-a22b-instruct
eval_0857,sample_0205,pair_066,66,2,1,2021,native_SS,a Chinese silk-brocade robe,an Assamese muga-silk robe,A,B,1,0,0,0,Matches A's painted landscape motifs and soft green-blue color palette.,Shares B's vertical striped texture and metallic sheen with red accents.,qwen3-vl-235b-a22b-instruct
eval_0818,sample_0775,pair_066,66,2,2,2022,lsda_clean,a Chinese silk-brocade robe,an Assamese muga-silk robe,A,B,1,0,0,0,Blue-and-cream landscape scene with cloud-like motifs mirrors A-alone’s pictorial textile design.,Vertical striped pattern with gold borders and repeating motifs matches B-alone’s ornamental system.,qwen3-vl-235b-a22b-instruct
eval_0444,sample_0775,pair_066,66,2,2,2022,native_SS,a Chinese silk-brocade robe,an Assamese muga-silk robe,A,B,1,0,0,0,Pale cream ground with scattered floral dots and subtle luster echoes A-alone’s tonal palette and delicate pattern density.,Golden-brown brocade with vertical striped motifs matches B-alone’s ornamental structure and metallic sheen.,qwen3-vl-235b-a22b-instruct
eval_1471,sample_0106,pair_066,66,2,3,2023,lsda_clean,a Chinese silk-brocade robe,an Assamese muga-silk robe,A,B,1,0,0,0,Landscape scene with pagodas and clouds on yellow-gold ground mirrors A-alone’s pictorial motif.,Vertical striped pattern with gold motifs on red ground matches B-alone’s design language.,qwen3-vl-235b-a22b-instruct
eval_0689,sample_0106,pair_066,66,2,3,2023,native_SS,a Chinese silk-brocade robe,an Assamese muga-silk robe,A,B,1,0,0,0,Blue-gold landscape motif and brocade texture align with A-alone’s decorative pattern.,Solid reddish hue and subtle sheen match B-alone’s color system and finish.,qwen3-vl-235b-a22b-instruct
eval_1505,sample_0754,pair_066,66,3,1,3031,lsda_clean,a Chinese silk-brocade robe,an Assamese muga-silk robe,A,B,1,0,0,0,Matches A's blue-and-gold landscape motif and brocade texture.,Shares B's striped pattern and pink-gold color system with floral borders.,qwen3-vl-235b-a22b-instruct
eval_0175,sample_0754,pair_066,66,3,1,3031,native_SS,a Chinese silk-brocade robe,an Assamese muga-silk robe,B,A,0,1,1,1,Dark blue brocade with floral patterns resembles B-alone’s ornamental texture and color system.,Golden silk with landscape motifs matches A-alone's material and pattern style.,qwen3-vl-235b-a22b-instruct
eval_1504,sample_0628,pair_066,66,3,2,3032,lsda_clean,a Chinese silk-brocade robe,an Assamese muga-silk robe,A,B,1,0,0,0,gold ground with cloud-and-dragon motifs and turquoise border matches A-alone's ornamental pattern,solid red ground with vertical brocade bands matches B-alone's color and trim style,qwen3-vl-235b-a22b-instruct
eval_1184,sample_0628,pair_066,66,3,2,3032,native_SS,a Chinese silk-brocade robe,an Assamese muga-silk robe,A,B,1,0,0,0,"richly patterned red fabric with blue-gray motifs and metallic accents, mirroring A-alone's decorative style","solid red satin with minimal ornament, matching B-alone's plain texture and color system",qwen3-vl-235b-a22b-instruct
eval_0400,sample_0196,pair_066,66,3,3,3033,lsda_clean,a Chinese silk-brocade robe,an Assamese muga-silk robe,A,B,1,0,0,0,"Matches A's cool-toned wave motifs, metallic sheen, and dark blue trim.",Shares B's vertical striped pattern and warm color palette with intricate woven motifs.,qwen3-vl-235b-a22b-instruct
eval_0300,sample_0196,pair_066,66,3,3,3033,native_SS,a Chinese silk-brocade robe,an Assamese muga-silk robe,B,A,0,1,1,1,"dense floral brocade in red-orange tones with intricate woven motifs, closely mirroring B-alone’s color system and decorative technique","gold-toned silk with subtle sheen and minimal pattern, matching A-alone's material impression and finish",qwen3-vl-235b-a22b-instruct
eval_1389,sample_0846,pair_067,67,1,1,1011,lsda_clean,a Japanese brocade obi sash,a Korean gold-thread brocade sash,A,B,1,0,0,0,"Matches A-alone’s red floral motif, blue background, and embroidered texture.","Shares gold ground, blue cloud motifs, and brocade texture with B-alone.",qwen3-vl-235b-a22b-instruct
eval_0858,sample_0846,pair_067,67,1,1,1011,native_SS,a Japanese brocade obi sash,a Korean gold-thread brocade sash,A,B,1,0,0,0,Red floral pattern on blue ground with satin border matches A-alone’s surface design.,Gold-on-blue cloud motif and brocade texture match B-alone’s style.,qwen3-vl-235b-a22b-instruct
eval_0187,sample_0163,pair_067,67,1,2,1012,lsda_clean,a Japanese brocade obi sash,a Korean gold-thread brocade sash,A,B,1,0,0,0,"vibrant orange blossoms, dark foliage, and red cloud motifs closely mirror A-alone's decorative palette and technique",gold ground with subtle floral embroidery and ornate borders matches B-alone's texture and motif style,qwen3-vl-235b-a22b-instruct
eval_0458,sample_0163,pair_067,67,1,2,1012,native_SS,a Japanese brocade obi sash,a Korean gold-thread brocade sash,A,B,1,0,0,0,"bold orange flowers, dark blue ground, and cloud motifs match A-alone",smooth golden satin texture with subtle floral embroidery matches B-alone,qwen3-vl-235b-a22b-instruct
eval_0548,sample_0409,pair_067,67,1,3,1013,lsda_clean,a Japanese brocade obi sash,a Korean gold-thread brocade sash,A,B,1,0,0,0,"Matches A's floral-and-pine landscape, color palette, and textured fabric finish.",Shares B's cloud motifs and gold-thread embroidery on yellow silk with similar border pattern.,qwen3-vl-235b-a22b-instruct
eval_1258,sample_0409,pair_067,67,1,3,1013,native_SS,a Japanese brocade obi sash,a Korean gold-thread brocade sash,A,B,1,0,0,0,"floral-and-cloud motif on dark ground with gold accents, mirroring A-alone's pictorial composition and decorative layering","solid yellow field with fine linear texture, matching B-alone's plain ground and weave",qwen3-vl-235b-a22b-instruct
eval_1435,sample_0530,pair_067,67,2,1,2021,lsda_clean,a Japanese brocade obi sash,a Korean gold-thread brocade sash,A,B,1,0,0,0,"Matches A-alone’s bold red flowers, black wave patterns, and white cloud embroidery.",Shares muted cloud motifs and gold ground texture with B-alone.,qwen3-vl-235b-a22b-instruct
eval_0547,sample_0530,pair_067,67,2,1,2021,native_SS,a Japanese brocade obi sash,a Korean gold-thread brocade sash,A,B,1,0,0,0,"shares A-alone’s bold red floral motifs, black wave outlines, and high-contrast embroidered finish",matches B-alone’s gold ground and subtle cloud motifs with muted tones and woven texture,qwen3-vl-235b-a22b-instruct
eval_0942,sample_0229,pair_067,67,2,2,2022,lsda_clean,a Japanese brocade obi sash,a Korean gold-thread brocade sash,B,A,0,1,1,1,Horizontal striped brocade pattern and metallic gold finish match B-alone.,Floral and bird motifs with similar color palette and painted texture as A-alone.,qwen3-vl-235b-a22b-instruct
eval_1362,sample_0229,pair_067,67,2,2,2022,native_SS,a Japanese brocade obi sash,a Korean gold-thread brocade sash,A,B,1,0,0,0,floral and cloud motifs on soft ground resemble A-alone's painted botanical patterns,gold striped brocade texture matches B-alone's metallic horizontal bands,qwen3-vl-235b-a22b-instruct
eval_1784,sample_0379,pair_067,67,2,3,2023,lsda_clean,a Japanese brocade obi sash,a Korean gold-thread brocade sash,A,B,1,0,0,0,"Matches A's painted pine, wave motifs and red border finish.",Shares B's dense gold brocade texture and vertical pattern structure.,qwen3-vl-235b-a22b-instruct
eval_1275,sample_0379,pair_067,67,2,3,2023,native_SS,a Japanese brocade obi sash,a Korean gold-thread brocade sash,B,A,0,1,1,1,Matches B-alone’s repeating vertical pattern and metallic brocade texture.,Shares warm orange-gold ground and cloud/pine motifs with A-alone.,qwen3-vl-235b-a22b-instruct
eval_1219,sample_0490,pair_067,67,3,1,3031,lsda_clean,a Japanese brocade obi sash,a Korean gold-thread brocade sash,A,B,1,0,0,0,"Matches A's cloud motifs, wave patterns, and bird-and-flower composition.",Shares B's gold-ground textile with floral embroidery and horizontal banding.,qwen3-vl-235b-a22b-instruct
eval_1242,sample_0490,pair_067,67,3,1,3031,native_SS,a Japanese brocade obi sash,a Korean gold-thread brocade sash,A,B,1,0,0,0,"Matches A-alone’s red patterned border, floral wave motifs, and layered color palette.",Shares gold-on-gold cloud motifs and metallic thread texture with B-alone.,qwen3-vl-235b-a22b-instruct
eval_1658,sample_0440,pair_067,67,3,2,3032,lsda_clean,a Japanese brocade obi sash,a Korean gold-thread brocade sash,A,B,1,0,0,0,red silk with white peonies and wave patterns mirrors A-alone’s color system and ornament,gold ground with silver floral embroidery matches B-alone's material and motif style,qwen3-vl-235b-a22b-instruct
eval_1716,sample_0440,pair_067,67,3,2,3032,native_SS,a Japanese brocade obi sash,a Korean gold-thread brocade sash,B,A,0,1,1,1,Cream ground with subtle metallic floral embroidery mirrors B-alone's texture and motif density.,Red ground with floral and cloud motifs matches A-alone's color and pattern style.,qwen3-vl-235b-a22b-instruct
eval_1260,sample_0046,pair_067,67,3,3,3033,lsda_clean,a Japanese brocade obi sash,a Korean gold-thread brocade sash,A,B,1,0,0,0,"red-orange floral motifs on cream ground with wave patterns, mirroring A-alone's color system and decorative motifs","gold ground with dense floral brocade, matching B-alone's material and pattern density",qwen3-vl-235b-a22b-instruct
eval_1399,sample_0046,pair_067,67,3,3,3033,native_SS,a Japanese brocade obi sash,a Korean gold-thread brocade sash,A,B,1,0,0,0,"Matches A's color palette of coral, cream, and blue waves with similar embroidered floral motifs.",Shares B's dense gold floral pattern and shimmering metallic texture.,qwen3-vl-235b-a22b-instruct
eval_1103,sample_0612,pair_068,68,1,1,1011,lsda_clean,an Indonesian ikat textile panel,an Iban pua kumbu textile panel,A,B,1,0,0,0,Matches A’s indigo resist-dye pattern and white-on-blue motif structure.,"Shares B's striped banding, earthy palette, and woven texture.",qwen3-vl-235b-a22b-instruct
eval_0399,sample_0612,pair_068,68,1,1,1011,native_SS,an Indonesian ikat textile panel,an Iban pua kumbu textile panel,A,B,1,0,0,0,Matches A's indigo-dyed geometric motifs and resist-dye pattern.,Shares B's striped banding and earthy tonal texture.,qwen3-vl-235b-a22b-instruct
eval_0752,sample_0613,pair_068,68,1,2,1012,lsda_clean,an Indonesian ikat textile panel,an Iban pua kumbu textile panel,A,B,1,0,0,0,"Matches A's dark indigo ground, ikat-style floral-diamond patterns, and red-white color scheme.","Shares B's horizontal banding, earthy red-brown palette, and geometric motifs with white accents.",qwen3-vl-235b-a22b-instruct
eval_0053,sample_0613,pair_068,68,1,2,1012,native_SS,an Indonesian ikat textile panel,an Iban pua kumbu textile panel,A,B,1,0,0,0,"Matches A-alone’s deep indigo base, red accents, and dense ikat-style patterning.",Shares warm earthy color palette and linear geometric motifs with B-alone.,qwen3-vl-235b-a22b-instruct
eval_1340,sample_0108,pair_068,68,1,3,1013,lsda_clean,an Indonesian ikat textile panel,an Iban pua kumbu textile panel,A,B,1,0,0,0,shares A-alone’s indigo ground and geometric resist-dye motifs,matches B-alone’s striped banding and earthy brown tones,qwen3-vl-235b-a22b-instruct
eval_1594,sample_0108,pair_068,68,1,3,1013,native_SS,an Indonesian ikat textile panel,an Iban pua kumbu textile panel,A,B,1,0,0,0,Indigo-dyed geometric motifs with resist-dye appearance match A-alone.,Horizontal striped pattern with earthy tones and woven texture matches B-alone.,qwen3-vl-235b-a22b-instruct
eval_0387,sample_0009,pair_068,68,2,1,2021,lsda_clean,an Indonesian ikat textile panel,an Iban pua kumbu textile panel,A,B,1,0,0,0,Matches A-alone’s red ground and white ikat geometric motifs.,"Shares striped, woven texture and earthy color palette with B-alone.",qwen3-vl-235b-a22b-instruct
eval_0727,sample_0009,pair_068,68,2,1,2021,native_SS,an Indonesian ikat textile panel,an Iban pua kumbu textile panel,A,B,1,0,0,0,Geometric ikat motifs and maroon/cream palette mirror A-alone’s design.,Striped linear texture and earthy color bands match B-alone’s woven pattern.,qwen3-vl-235b-a22b-instruct
eval_0151,sample_0420,pair_068,68,2,2,2022,lsda_clean,an Indonesian ikat textile panel,an Iban pua kumbu textile panel,A,B,1,0,0,0,shares A-alone's red-ground ikat motifs and dense symmetrical ornamentation,matches B-alone's horizontal striped bands and earth-toned geometric patterns,qwen3-vl-235b-a22b-instruct
eval_0701,sample_0420,pair_068,68,2,2,2022,native_SS,an Indonesian ikat textile panel,an Iban pua kumbu textile panel,A,B,1,0,0,0,Matches A-alone’s dense ikat diamond lattice and reddish-brown color system.,Shares horizontal banding and striped geometric motifs with B-alone.,qwen3-vl-235b-a22b-instruct
eval_0124,sample_0041,pair_068,68,2,3,2023,lsda_clean,an Indonesian ikat textile panel,an Iban pua kumbu textile panel,A,B,1,0,0,0,Geometric ikat patterns and red-black-white color scheme mirror A-alone.,Striped banding and earthy palette match B-alone's horizontal motif structure.,qwen3-vl-235b-a22b-instruct
eval_0310,sample_0041,pair_068,68,2,3,2023,native_SS,an Indonesian ikat textile panel,an Iban pua kumbu textile panel,A,B,1,0,0,0,Geometric ikat motifs and red-black-white palette align with A-alone’s ornamental style.,Striped banding and warm earth tones match B-alone’s horizontal pattern system.,qwen3-vl-235b-a22b-instruct
eval_0507,sample_0657,pair_068,68,3,1,3031,lsda_clean,an Indonesian ikat textile panel,an Iban pua kumbu textile panel,A,B,1,0,0,0,Matches A's bold ikat motifs and maroon/cream color contrast.,Shares B's dense horizontal banding and fine linear texture.,qwen3-vl-235b-a22b-instruct
eval_1094,sample_0657,pair_068,68,3,1,3031,native_SS,an Indonesian ikat textile panel,an Iban pua kumbu textile panel,A,B,1,0,0,0,Matches A-alone’s bold ikat-style motifs and deep maroon/cream contrast.,Shares dense horizontal striped patterns and earthy red-brown color palette with B-alone.,qwen3-vl-235b-a22b-instruct
eval_0194,sample_0578,pair_068,68,3,2,3032,lsda_clean,an Indonesian ikat textile panel,an Iban pua kumbu textile panel,A,B,1,0,0,0,Matches A-alone’s bold geometric ikat motifs and vibrant red-white contrast.,Shares dense vertical bands and earthy red-brown palette with B-alone.,qwen3-vl-235b-a22b-instruct
eval_1451,sample_0578,pair_068,68,3,2,3032,native_SS,an Indonesian ikat textile panel,an Iban pua kumbu textile panel,A,B,1,0,0,0,Diamond ikat patterns and red-black palette mirror A-alone’s geometric repeat.,Striped banding and linear motifs match B-alone’s structured vertical panels.,qwen3-vl-235b-a22b-instruct
eval_0363,sample_0222,pair_068,68,3,3,3033,lsda_clean,an Indonesian ikat textile panel,an Iban pua kumbu textile panel,A,B,1,0,0,0,Matches A's bold red-and-white ikat bands and large repeating diamond/leaf motifs.,Shares B's dense linear patterns and earthy orange-brown palette with fine geometric motifs.,qwen3-vl-235b-a22b-instruct
eval_0255,sample_0222,pair_068,68,3,3,3033,native_SS,an Indonesian ikat textile panel,an Iban pua kumbu textile panel,A,B,1,0,0,0,"Rich red-and-cream ikat patterns with organic, fluid motifs closely mirror A-alone’s color palette and decorative rhythm.",Monochrome geometric bands and tight linear texture match B-alone’s vertical striping and repetitive motifs.,qwen3-vl-235b-a22b-instruct
eval_1620,sample_0651,pair_069,69,1,1,1011,lsda_clean,an Indonesian ikat textile panel,a Sumbanese hinggi textile panel,A,B,1,0,0,0,Matches A-alone’s ikat pattern style and blue-white color system.,Shares dense figural motifs and red-ground palette with B-alone.,qwen3-vl-235b-a22b-instruct
eval_0023,sample_0651,pair_069,69,1,1,1011,native_SS,an Indonesian ikat textile panel,a Sumbanese hinggi textile panel,A,A,0,1,1,0,Matches A-alone’s ikat-style geometric motifs and tonal blue-black-on-cream palette.,"Shares indigo-dyed, resist-patterned texture and blue/white color system with A-alone.",qwen3-vl-235b-a22b-instruct
eval_0085,sample_0554,pair_069,69,1,2,1012,lsda_clean,an Indonesian ikat textile panel,a Sumbanese hinggi textile panel,A,B,1,0,0,0,Geometric ikat motifs and dark blue-red color scheme align with A-alone.,Striped pattern and muted red-orange palette match B-alone's textile style.,qwen3-vl-235b-a22b-instruct
eval_1531,sample_0554,pair_069,69,1,2,1012,native_SS,an Indonesian ikat textile panel,a Sumbanese hinggi textile panel,A,B,1,0,0,0,bold ikat pattern with deep indigo and crimson palette identical to A-alone,monochromatic earthy red tone with fine linear texture and border motifs matching B-alone,qwen3-vl-235b-a22b-instruct
eval_0162,sample_0329,pair_069,69,1,3,1013,lsda_clean,an Indonesian ikat textile panel,a Sumbanese hinggi textile panel,A,B,1,0,0,0,Indigo-blue field with white resist-dyed geometric diamonds and ikat-style blurring closely mirrors A-alone’s material impression and decorative technique.,Red-brown ground with repeating figurative motifs and dense horizontal bands matches B-alone’s color system and pattern density.,qwen3-vl-235b-a22b-instruct
eval_1521,sample_0329,pair_069,69,1,3,1013,native_SS,an Indonesian ikat textile panel,a Sumbanese hinggi textile panel,A,B,1,0,0,0,Ikat-style abstract motifs and indigo-white color scheme align with A-alone’s surface design language.,Striped geometric pattern and earthy color palette match B-alone’s woven texture and motif style.,qwen3-vl-235b-a22b-instruct
eval_0631,sample_0685,pair_069,69,2,1,2021,lsda_clean,an Indonesian ikat textile panel,a Sumbanese hinggi textile panel,A,B,1,0,0,0,ikat-style banding and maroon/white color rhythm align with A-alone’s pattern system,dense geometric borders and layered motifs match B-alone’s ornamental structure,qwen3-vl-235b-a22b-instruct
eval_0245,sample_0685,pair_069,69,2,1,2021,native_SS,an Indonesian ikat textile panel,a Sumbanese hinggi textile panel,A,B,1,0,0,0,Ikat motifs and maroon/cream color system align with A-alone’s ornamental style.,Striped pattern and woven texture match B-alone’s horizontal bands and textile finish.,qwen3-vl-235b-a22b-instruct
eval_1261,sample_0479,pair_069,69,2,2,2022,lsda_clean,an Indonesian ikat textile panel,a Sumbanese hinggi textile panel,A,B,1,0,0,0,Matches A's ikat-style motifs and red-black color system.,Shares B's dense geometric pattern and cream/dark contrast.,qwen3-vl-235b-a22b-instruct
eval_0494,sample_0479,pair_069,69,2,2,2022,native_SS,an Indonesian ikat textile panel,a Sumbanese hinggi textile panel,B,A,0,1,1,1,Matches B-alone’s structured grid pattern and contrasting dark-on-light color system.,Shares similar warm red-brown palette and dense geometric ikat motifs with A-alone.,qwen3-vl-235b-a22b-instruct
eval_0041,sample_0541,pair_069,69,2,3,2023,lsda_clean,an Indonesian ikat textile panel,a Sumbanese hinggi textile panel,A,B,1,0,0,0,ikat-style geometric patterns and color blending resemble A-alone's texture and motif,grid-based floral motifs and border ornament match B-alone's decorative technique,qwen3-vl-235b-a22b-instruct
eval_0244,sample_0541,pair_069,69,2,3,2023,native_SS,an Indonesian ikat textile panel,a Sumbanese hinggi textile panel,A,B,1,0,0,0,Geometric ikat motifs and dark blue/white contrast align with A-alone’s texture and ornament style.,Striped pattern and warm red-orange palette match B-alone’s color system and linear motifs.,qwen3-vl-235b-a22b-instruct
eval_1375,sample_0026,pair_069,69,3,1,3031,lsda_clean,an Indonesian ikat textile panel,a Sumbanese hinggi textile panel,A,B,1,0,0,0,Geometric ikat bands and maroon/cream color system match A-alone's surface texture and pattern.,Red ground with figural animal motifs and border patterns matches B-alone's decorative style.,qwen3-vl-235b-a22b-instruct
eval_0934,sample_0026,pair_069,69,3,1,3031,native_SS,an Indonesian ikat textile panel,a Sumbanese hinggi textile panel,B,A,0,1,1,1,Matches B-alone’s ornate border motifs and layered color palette of reds and creams.,Shares similar earthy beige tones and linear woven texture with A-alone.,qwen3-vl-235b-a22b-instruct
eval_1737,sample_0484,pair_069,69,3,2,3032,lsda_clean,an Indonesian ikat textile panel,a Sumbanese hinggi textile panel,A,B,1,0,0,0,"Matches A-alone’s geometric ikat pattern, color palette, and warp-weft texture.",Shares dense floral motifs and red-ground textile style with B-alone.,qwen3-vl-235b-a22b-instruct
eval_1235,sample_0484,pair_069,69,3,2,3032,native_SS,an Indonesian ikat textile panel,a Sumbanese hinggi textile panel,B,A,0,1,1,1,Matches B-alone’s red ground and figural embroidery style.,Shares red-brown palette and geometric ikat motifs with A-alone.,qwen3-vl-235b-a22b-instruct
eval_0730,sample_0653,pair_069,69,3,3,3033,lsda_clean,an Indonesian ikat textile panel,a Sumbanese hinggi textile panel,A,B,1,0,0,0,Dense geometric ikat motifs in deep red and cream align with A-alone’s ornamental density and dye technique.,Horizontal striped bands with small repeating motifs match B-alone's pattern structure and color rhythm.,qwen3-vl-235b-a22b-instruct
eval_1735,sample_0653,pair_069,69,3,3,3033,native_SS,an Indonesian ikat textile panel,a Sumbanese hinggi textile panel,A,B,1,0,0,0,Geometric ikat motifs in dark-on-light contrast align with A-alone’s pattern language and color system.,Horizontal striped pattern with small repeating motifs matches B-alone's banding and texture.,qwen3-vl-235b-a22b-instruct
eval_1374,sample_0562,pair_070,70,1,1,1011,lsda_clean,an Indian Patola double-ikat textile panel,a Timorese tais textile panel,A,B,1,0,0,0,Matches A-alone’s ikat pattern structure and high-contrast dye-resist aesthetic.,"Shares striped banding, earthy palette, and geometric motifs with B-alone.",qwen3-vl-235b-a22b-instruct
eval_0338,sample_0562,pair_070,70,1,1,1011,native_SS,an Indian Patola double-ikat textile panel,a Timorese tais textile panel,B,A,0,1,1,1,Matches B-alone’s multicolored striped bands and geometric woven ornament.,Shares indigo-dyed shibori pattern and white resist motifs with A-alone.,qwen3-vl-235b-a22b-instruct
eval_0900,sample_0276,pair_070,70,1,2,1012,lsda_clean,an Indian Patola double-ikat textile panel,a Timorese tais textile panel,A,B,1,0,0,0,Matches A-alone’s diamond lattice pattern and color palette despite hue shift.,"Shares earthy tones, striped bands, and geometric motifs with B-alone.",qwen3-vl-235b-a22b-instruct
eval_0699,sample_0276,pair_070,70,1,2,1012,native_SS,an Indian Patola double-ikat textile panel,a Timorese tais textile panel,A,B,1,0,0,0,matches A-alone’s indigo ground and diamond ikat motifs,shares earthy color palette and striped banding with B-alone,qwen3-vl-235b-a22b-instruct
eval_0828,sample_0349,pair_070,70,1,3,1013,lsda_clean,an Indian Patola double-ikat textile panel,a Timorese tais textile panel,A,B,1,0,0,0,shares A-alone's indigo dye pattern and geometric motifs,matches B-alone's earthy striped weave and textured brown tones,qwen3-vl-235b-a22b-instruct
eval_0390,sample_0349,pair_070,70,1,3,1013,native_SS,an Indian Patola double-ikat textile panel,a Timorese tais textile panel,A,B,1,0,0,0,"Matches A-alone’s indigo dye, white resist patterns, and geometric motifs.",Shares earthy brown tones and fine horizontal striped texture with B-alone.,qwen3-vl-235b-a22b-instruct
eval_0276,sample_0857,pair_070,70,2,1,2021,lsda_clean,an Indian Patola double-ikat textile panel,a Timorese tais textile panel,A,B,1,0,0,0,"Matches A-alone’s maroon base, white ikat motifs, and soft dye-blend finish.","Shares striped banding, earthy palette, and woven texture with B-alone.",qwen3-vl-235b-a22b-instruct
eval_1539,sample_0857,pair_070,70,2,1,2021,native_SS,an Indian Patola double-ikat textile panel,a Timorese tais textile panel,A,B,1,0,0,0,Matches A-alone’s ikat diamond motifs and maroon/cream color system.,Shares striped banding and earthy color palette with B-alone.,qwen3-vl-235b-a22b-instruct
eval_0207,sample_0246,pair_070,70,2,2,2022,lsda_clean,an Indian Patola double-ikat textile panel,a Timorese tais textile panel,A,B,1,0,0,0,"shares A-alone's vertical ikat motifs, deep reds, and indigo-like patterns",matches B-alone's horizontal striped bands and earthy brown/cream palette,qwen3-vl-235b-a22b-instruct
eval_1474,sample_0246,pair_070,70,2,2,2022,native_SS,an Indian Patola double-ikat textile panel,a Timorese tais textile panel,A,B,1,0,0,0,"Matches A-alone’s ikat motifs, vertical alignment, and deep red/indigo color system.",Shares horizontal striped bands and earthy color palette with B-alone.,qwen3-vl-235b-a22b-instruct
eval_0971,sample_0130,pair_070,70,2,3,2023,lsda_clean,an Indian Patola double-ikat textile panel,a Timorese tais textile panel,A,B,1,0,0,0,"Matches A's bold vertical stripes, ikat-style patterns, and red/white/blue color scheme.","Shares B's horizontal banding, earthy color palette, and fine linear motifs.",qwen3-vl-235b-a22b-instruct
eval_1373,sample_0130,pair_070,70,2,3,2023,native_SS,an Indian Patola double-ikat textile panel,a Timorese tais textile panel,A,B,1,0,0,0,Matches A-alone’s geometric diamond motifs and high-contrast red/white/black pattern structure.,Shares warm earthy color palette and dense horizontal banding with B-alone.,qwen3-vl-235b-a22b-instruct
eval_1593,sample_0336,pair_070,70,3,1,3031,lsda_clean,an Indian Patola double-ikat textile panel,a Timorese tais textile panel,A,B,1,0,0,0,matches A-alone’s deep red ground and white ikat motifs,shares striped banding and earthy palette with B-alone,qwen3-vl-235b-a22b-instruct
eval_1787,sample_0336,pair_070,70,3,1,3031,native_SS,an Indian Patola double-ikat textile panel,a Timorese tais textile panel,A,B,1,0,0,0,Matches A-alone’s maroon ground and white ikat-style motifs.,Shares striped banding and earthy tonal palette with B-alone.,qwen3-vl-235b-a22b-instruct
eval_0550,sample_0663,pair_070,70,3,2,3032,lsda_clean,an Indian Patola double-ikat textile panel,a Timorese tais textile panel,A,B,1,0,0,0,"shares A-alone's red base, white ikat motifs, and soft mottled texture",matches B-alone's striped bands and earthy color palette with intricate geometric weaving,qwen3-vl-235b-a22b-instruct
eval_1079,sample_0663,pair_070,70,3,2,3032,native_SS,an Indian Patola double-ikat textile panel,a Timorese tais textile panel,A,B,1,0,0,0,Geometric ikat motifs and deep red/white contrast align with A-alone’s decorative language.,Striped banding and earthy palette match B-alone’s horizontal pattern structure and color system.,qwen3-vl-235b-a22b-instruct
eval_0086,sample_0341,pair_070,70,3,3,3033,lsda_clean,an Indian Patola double-ikat textile panel,a Timorese tais textile panel,A,B,1,0,0,0,"Matches A’s dense ikat diamond patterns, red-and-cream color system, and mottled dye texture.","Shares B's striped bands, geometric motifs, and earthy color palette with fringed edge.",qwen3-vl-235b-a22b-instruct
eval_0718,sample_0341,pair_070,70,3,3,3033,native_SS,an Indian Patola double-ikat textile panel,a Timorese tais textile panel,A,B,1,0,0,0,"Matches A's dense ikat-style diamond patterns, maroon/cream color scheme, and soft textile finish.","Shares B's striped banding, geometric motifs, and earthy orange/cream palette with woven texture.",qwen3-vl-235b-a22b-instruct
eval_1115,sample_0115,pair_071,71,1,1,1011,lsda_clean,an Indonesian batik cloth,a Nigerian adire cloth,A,B,1,0,0,0,"Matches A's ornate floral motifs, symmetrical layout, and dense decorative borders.","Shares B's abstract, linear shibori patterns and mottled blue-white texture.",qwen3-vl-235b-a22b-instruct
eval_1308,sample_0115,pair_071,71,1,1,1011,native_SS,an Indonesian batik cloth,a Nigerian adire cloth,A,B,1,0,0,0,"Matches A's ornate floral motifs, symmetrical medallion, and border design.",Shares B's vertical striated tie-dye texture and irregular white patterns.,qwen3-vl-235b-a22b-instruct
eval_0018,sample_0763,pair_071,71,1,2,1012,lsda_clean,an Indonesian batik cloth,a Nigerian adire cloth,A,B,1,0,0,0,"Matches A's floral motifs, border design, and cream-on-blue color system.","Shares B's striped, resist-dyed texture and mottled blue-white pattern.",qwen3-vl-235b-a22b-instruct
eval_1139,sample_0763,pair_071,71,1,2,1012,native_SS,an Indonesian batik cloth,a Nigerian adire cloth,A,B,1,0,0,0,"Matches A's floral motifs, ornate border, and cream-on-blue color system.",Shares B's vertical striped tie-dye pattern and mottled blue-white texture.,qwen3-vl-235b-a22b-instruct
eval_1117,sample_0239,pair_071,71,1,3,1013,lsda_clean,an Indonesian batik cloth,a Nigerian adire cloth,A,B,1,0,0,0,"mirrors A's fine floral motifs, crisp white-on-blue contrast, and border design","shares B's blocky, irregular indigo-resist pattern and mottled gold texture",qwen3-vl-235b-a22b-instruct
eval_0211,sample_0239,pair_071,71,1,3,1013,native_SS,an Indonesian batik cloth,a Nigerian adire cloth,A,B,1,0,0,0,Matches A's floral border motifs and dense white-on-blue batik-style ornamentation.,"Shares B's grid-like, blocky resist-dye pattern and mottled indigo texture.",qwen3-vl-235b-a22b-instruct
eval_1140,sample_0121,pair_071,71,2,1,2021,lsda_clean,an Indonesian batik cloth,a Nigerian adire cloth,A,B,1,0,0,0,"mirrors A's dense, ornate motifs and gold-on-blue color system",shares B's indigo-dyed texture and abstract dot/line patterns,qwen3-vl-235b-a22b-instruct
eval_0570,sample_0121,pair_071,71,2,1,2021,native_SS,an Indonesian batik cloth,a Nigerian adire cloth,A,B,1,0,0,0,mirrors A's gold-on-blue ornamental bands and intricate patterns,shares B's indigo-dyed texture and abstract dot/line motifs,qwen3-vl-235b-a22b-instruct
eval_0639,sample_0682,pair_071,71,2,2,2022,lsda_clean,an Indonesian batik cloth,a Nigerian adire cloth,A,B,1,0,0,0,"Matches A's structured floral motifs, border patterns, and dot-based ornamentation.","Shares B's abstract, streaky indigo and gold texture with irregular mottling.",qwen3-vl-235b-a22b-instruct
eval_0412,sample_0682,pair_071,71,2,2,2022,native_SS,an Indonesian batik cloth,a Nigerian adire cloth,B,B,0,1,0,1,"matches B's fluid, organic indigo dye patterns and uneven tonal gradation","shares B's abstract, irregular shibori pattern and mottled blue-white texture",qwen3-vl-235b-a22b-instruct
eval_0263,sample_0328,pair_071,71,2,3,2023,lsda_clean,an Indonesian batik cloth,a Nigerian adire cloth,B,B,0,1,0,1,"Matches B's irregular dot motifs and distressed, layered indigo finish.",Shares B's abstract geometric patterns and mottled indigo dye texture.,qwen3-vl-235b-a22b-instruct
eval_0327,sample_0328,pair_071,71,2,3,2023,native_SS,an Indonesian batik cloth,a Nigerian adire cloth,B,B,0,1,0,1,matches B's irregular grid and bleached resist-dye finish,shares B's indigo-dyed shibori patterns and mottled texture,qwen3-vl-235b-a22b-instruct
eval_0556,sample_0055,pair_071,71,3,1,3031,lsda_clean,an Indonesian batik cloth,a Nigerian adire cloth,A,B,1,0,0,0,"Matches A's floral motifs, border design, and dense white-on-blue pattern.",Shares B's abstract grid and stippled texture over solid indigo.,qwen3-vl-235b-a22b-instruct
eval_0013,sample_0055,pair_071,71,3,1,3031,native_SS,an Indonesian batik cloth,a Nigerian adire cloth,B,B,0,1,0,1,"Matches B’s vertical linear motifs, mottled indigo wash, and irregular resist patterns.",Shares B's abstract geometric dot patterns and indigo resist-dye texture.,qwen3-vl-235b-a22b-instruct
eval_0341,sample_0782,pair_071,71,3,2,3032,lsda_clean,an Indonesian batik cloth,a Nigerian adire cloth,A,B,1,0,0,0,"matches red ground, white dot pattern, and border motifs of A-alone",shares blue indigo base and resist-dye texture with B-alone,qwen3-vl-235b-a22b-instruct
eval_0531,sample_0782,pair_071,71,3,2,3032,native_SS,an Indonesian batik cloth,a Nigerian adire cloth,B,B,0,1,0,1,"shares indigo base, resist-dye motifs, and linear banding with B-alone",shares indigo-dyed texture and irregular dot pattern with B-alone,qwen3-vl-235b-a22b-instruct
eval_0522,sample_0100,pair_071,71,3,3,3033,lsda_clean,an Indonesian batik cloth,a Nigerian adire cloth,A,B,1,0,0,0,mirrors floral motifs and dense border ornamentation of A-alone,shares blue/white striped pattern and resist-dye texture with B-alone,qwen3-vl-235b-a22b-instruct
eval_1598,sample_0100,pair_071,71,3,3,3033,native_SS,an Indonesian batik cloth,a Nigerian adire cloth,B,B,0,1,0,1,mirrors B's wavy vertical bands and diamond-shaped accents,shares B's vertical striped pattern and abstract geometric motifs,qwen3-vl-235b-a22b-instruct
eval_0320,sample_0880,pair_072,72,1,1,1011,lsda_clean,an Indonesian batik textile panel,a Japanese katazome textile panel,A,B,1,0,0,0,"Matches A’s dense floral pattern, border design, and batik-like texture.",Shares B's atmospheric gradient and cloud motifs with similar indigo washes.,qwen3-vl-235b-a22b-instruct
eval_1156,sample_0880,pair_072,72,1,1,1011,native_SS,an Indonesian batik textile panel,a Japanese katazome textile panel,A,B,1,0,0,0,Floral pattern and dense border ornament match A-alone’s decorative style and surface rhythm.,Cloud motif and gradated indigo wash resemble B-alone’s landscape tonality and texture.,qwen3-vl-235b-a22b-instruct
eval_0332,sample_0540,pair_072,72,1,2,1012,lsda_clean,an Indonesian batik textile panel,a Japanese katazome textile panel,A,B,1,0,0,0,matches indigo resist-dyed floral pattern and border of A-alone,shares gold ground and ink-wash pine motif with B-alone,qwen3-vl-235b-a22b-instruct
eval_1771,sample_0540,pair_072,72,1,2,1012,native_SS,an Indonesian batik textile panel,a Japanese katazome textile panel,A,B,1,0,0,0,"matches A-alone’s indigo base, white floral patterns, and border design",shares beige ground and subtle cloud motifs with B-alone,qwen3-vl-235b-a22b-instruct
eval_0045,sample_0449,pair_072,72,1,3,1013,lsda_clean,an Indonesian batik textile panel,a Japanese katazome textile panel,A,B,1,0,0,0,"matches A-alone’s indigo dye, white resist patterns, and floral border ornamentation","shares warm beige ground, pine tree motifs, and ink-wash texture with B-alone",qwen3-vl-235b-a22b-instruct
eval_1509,sample_0449,pair_072,72,1,3,1013,native_SS,an Indonesian batik textile panel,a Japanese katazome textile panel,A,B,1,0,0,0,"matches A-alone’s indigo blue field, white resist-dyed trees, and border pattern","shares warm beige ground, pine tree rendering, and ink-wash texture with B-alone",qwen3-vl-235b-a22b-instruct
eval_0355,sample_0816,pair_072,72,2,1,2021,lsda_clean,an Indonesian batik textile panel,a Japanese katazome textile panel,A,B,1,0,0,0,Matches A-alone’s indigo resist-dye pattern and linear textile texture.,Shares ink-wash pine motif and brushstroke texture with B-alone.,qwen3-vl-235b-a22b-instruct
eval_0624,sample_0816,pair_072,72,2,1,2021,native_SS,an Indonesian batik textile panel,a Japanese katazome textile panel,B,A,0,1,1,1,Matches B-alone’s ink-wash tonal gradients and brushed texture on natural fiber.,Shares indigo-dyed textile texture and geometric pattern with A-alone.,qwen3-vl-235b-a22b-instruct
eval_1149,sample_0745,pair_072,72,2,2,2022,lsda_clean,an Indonesian batik textile panel,a Japanese katazome textile panel,A,B,1,0,0,0,matches A's indigo-blue resist-dyed pattern and border design,"shares B's beige ground, ink-wash pine motif, and subtle texture",qwen3-vl-235b-a22b-instruct
eval_1668,sample_0745,pair_072,72,2,2,2022,native_SS,an Indonesian batik textile panel,a Japanese katazome textile panel,B,A,0,1,1,1,Matches B-alone’s ink-wash pine motif and beige woven ground texture.,Shares indigo-dyed plaid texture and material impression with A-alone.,qwen3-vl-235b-a22b-instruct
eval_1615,sample_0498,pair_072,72,2,3,2023,lsda_clean,an Indonesian batik textile panel,a Japanese katazome textile panel,A,B,1,0,0,0,"matches A-alone’s indigo blue, grid-based geometric pattern, and resist-dye texture","shares tan ground, pine tree motif, and ink-wash texture with B-alone",qwen3-vl-235b-a22b-instruct
eval_1003,sample_0498,pair_072,72,2,3,2023,native_SS,an Indonesian batik textile panel,a Japanese katazome textile panel,B,A,0,1,1,1,Matches B-alone’s painted tree motifs and natural fiber ground.,Shares deep indigo dye and resist-patterned texture with A-alone.,qwen3-vl-235b-a22b-instruct
eval_0610,sample_0537,pair_072,72,3,1,3031,lsda_clean,an Indonesian batik textile panel,a Japanese katazome textile panel,A,B,1,0,0,0,matches indigo resist-dyed floral pattern and border style of A-alone,shares ink-wash pine motif and beige textured ground with B-alone,qwen3-vl-235b-a22b-instruct
eval_1502,sample_0537,pair_072,72,3,1,3031,native_SS,an Indonesian batik textile panel,a Japanese katazome textile panel,A,B,1,0,0,0,"matches A's indigo ground, white floral patterns, and dense border ornament",shares B's ink-wash tree motif and beige ground with textured brushwork,qwen3-vl-235b-a22b-instruct
eval_0372,sample_0238,pair_072,72,3,2,3032,lsda_clean,an Indonesian batik textile panel,a Japanese katazome textile panel,A,B,1,0,0,0,shares A-alone's red floral grid pattern and border design,matches B-alone's pine tree motif and ink-wash texture on beige ground,qwen3-vl-235b-a22b-instruct
eval_0432,sample_0238,pair_072,72,3,2,3032,native_SS,an Indonesian batik textile panel,a Japanese katazome textile panel,A,B,1,0,0,0,matches red floral grid pattern and border ornament of A-alone,shares same pine tree motif and ink-wash texture as B-alone,qwen3-vl-235b-a22b-instruct
eval_0719,sample_0627,pair_072,72,3,3,3033,lsda_clean,an Indonesian batik textile panel,a Japanese katazome textile panel,A,B,1,0,0,0,Matches A's dense indigo-and-white floral pattern and block-printed textile finish.,"Shares B's muted gold ground, painterly tree motifs, and soft ink wash texture.",qwen3-vl-235b-a22b-instruct
eval_0886,sample_0627,pair_072,72,3,3,3033,native_SS,an Indonesian batik textile panel,a Japanese katazome textile panel,A,B,1,0,0,0,"Matches A's dense repeating chrysanthemum pattern, crisp resist-dye edges, and uniform blue-ground field.","Shares B's loose brushwork, naturalistic floral forms, and textured indigo wash on raw fabric.",qwen3-vl-235b-a22b-instruct
eval_0947,sample_0381,pair_073,73,1,1,1011,lsda_clean,an Indian Ajrakh block-printed cloth,a Chinese Nantong blue-calico cloth,A,B,1,0,0,0,dense geometric pattern in muted tones mirrors A-alone’s motif system,solid indigo blue with subtle weave texture matches B-alone,qwen3-vl-235b-a22b-instruct
eval_0864,sample_0381,pair_073,73,1,1,1011,native_SS,an Indian Ajrakh block-printed cloth,a Chinese Nantong blue-calico cloth,A,B,1,0,0,0,dense geometric block print motifs on dark blue ground,"solid indigo dye with subtle texture, no pattern",qwen3-vl-235b-a22b-instruct
eval_0963,sample_0202,pair_073,73,1,2,1012,lsda_clean,an Indian Ajrakh block-printed cloth,a Chinese Nantong blue-calico cloth,A,B,1,0,0,0,Matches A-alone’s dense red-brown border motifs and repetitive small-scale patterning.,Shares indigo-dyed textile texture and blue-white geometric pattern with B-alone.,qwen3-vl-235b-a22b-instruct
eval_1154,sample_0202,pair_073,73,1,2,1012,native_SS,an Indian Ajrakh block-printed cloth,a Chinese Nantong blue-calico cloth,A,B,1,0,0,0,Matches A-alone’s dense geometric motifs and earth-toned border despite color difference.,"Shares indigo-dyed, block-printed pattern and blue/white color system with B-alone.",qwen3-vl-235b-a22b-instruct
eval_0835,sample_0094,pair_073,73,1,3,1013,lsda_clean,an Indian Ajrakh block-printed cloth,a Chinese Nantong blue-calico cloth,A,B,1,0,0,0,Matches A's dense geometric motifs and bordered decorative structure.,"Shares B's indigo-dyed, subtly patterned, and mottled textile texture.",qwen3-vl-235b-a22b-instruct
eval_0783,sample_0094,pair_073,73,1,3,1013,native_SS,an Indian Ajrakh block-printed cloth,a Chinese Nantong blue-calico cloth,A,B,1,0,0,0,"dense geometric dot-and-floral motif with border, identical to A-alone's pattern system","solid indigo with subtle weave texture, no pattern, matches B-alone's plain dyed surface",qwen3-vl-235b-a22b-instruct
eval_1270,sample_0334,pair_073,73,2,1,2021,lsda_clean,an Indian Ajrakh block-printed cloth,a Chinese Nantong blue-calico cloth,A,B,1,0,0,0,red-brown striped pattern with dotted motifs matches A-alone,blue indigo dye with grid-like texture matches B-alone,qwen3-vl-235b-a22b-instruct
eval_0989,sample_0334,pair_073,73,2,1,2021,native_SS,an Indian Ajrakh block-printed cloth,a Chinese Nantong blue-calico cloth,A,B,1,0,0,0,shares dense white-on-ochre geometric motifs and pattern density with A-alone,identical indigo-dyed weave texture and color as B-alone,qwen3-vl-235b-a22b-instruct
eval_0816,sample_0111,pair_073,73,2,2,2022,lsda_clean,an Indian Ajrakh block-printed cloth,a Chinese Nantong blue-calico cloth,A,B,1,0,0,0,"dense geometric floral motifs in dark and cream with ornate borders, matching A-alone's decorative pattern","solid indigo blue with subtle woven texture and simple border, matching B-alone's surface style",qwen3-vl-235b-a22b-instruct
eval_1553,sample_0111,pair_073,73,2,2,2022,native_SS,an Indian Ajrakh block-printed cloth,a Chinese Nantong blue-calico cloth,A,B,1,0,0,0,Dense geometric floral motifs and border patterns mirror A-alone’s ornamental style.,Monochromatic indigo with subtle dot texture matches B-alone’s color system and finish.,qwen3-vl-235b-a22b-instruct
eval_1776,sample_0039,pair_073,73,2,3,2023,lsda_clean,an Indian Ajrakh block-printed cloth,a Chinese Nantong blue-calico cloth,A,B,1,0,0,0,geometric pattern with orange motifs and border design resemble A-alone,solid blue color and fine woven texture match B-alone,qwen3-vl-235b-a22b-instruct
eval_0993,sample_0039,pair_073,73,2,3,2023,native_SS,an Indian Ajrakh block-printed cloth,a Chinese Nantong blue-calico cloth,A,B,1,0,0,0,geometric block-printed motifs and maroon/cream palette match A-alone,solid blue color and plain weave texture match B-alone,qwen3-vl-235b-a22b-instruct
eval_1071,sample_0516,pair_073,73,3,1,3031,lsda_clean,an Indian Ajrakh block-printed cloth,a Chinese Nantong blue-calico cloth,A,B,1,0,0,0,geometric dot-and-line motifs in earthy tones match A-alone's material impression and ornament style,blue indigo dye with white resist patterns matches B-alone's color system and decorative technique,qwen3-vl-235b-a22b-instruct
eval_0580,sample_0516,pair_073,73,3,1,3031,native_SS,an Indian Ajrakh block-printed cloth,a Chinese Nantong blue-calico cloth,B,B,0,1,0,1,shares dark indigo ground and geometric border patterns with B-alone,shares blue indigo base and white resist-dyed motifs with B-alone,qwen3-vl-235b-a22b-instruct
eval_1173,sample_0571,pair_073,73,3,2,3032,lsda_clean,an Indian Ajrakh block-printed cloth,a Chinese Nantong blue-calico cloth,A,B,1,0,0,0,"shares A-alone's reddish-brown base, dense geometric motifs, and border pattern",matches B-alone's deep blue color and subtle woven texture,qwen3-vl-235b-a22b-instruct
eval_0209,sample_0571,pair_073,73,3,2,3032,native_SS,an Indian Ajrakh block-printed cloth,a Chinese Nantong blue-calico cloth,A,B,1,0,0,0,repeating geometric motifs in beige and black match A-alone's dense pattern style,solid indigo blue with subtle weave texture matches B-alone,qwen3-vl-235b-a22b-instruct
eval_1287,sample_0779,pair_073,73,3,3,3033,lsda_clean,an Indian Ajrakh block-printed cloth,a Chinese Nantong blue-calico cloth,A,B,1,0,0,0,red-and-white floral grid pattern with border design mirrors A-alone's material impression and ornament,blue ground with white resist-dyed landscape motifs matches B-alone's color system and decorative technique,qwen3-vl-235b-a22b-instruct
eval_0840,sample_0779,pair_073,73,3,3,3033,native_SS,an Indian Ajrakh block-printed cloth,a Chinese Nantong blue-calico cloth,A,B,1,0,0,0,Matches A-alone’s red floral motifs and border structure on cream ground.,Shares blue ground and fine white resist-dyed pattern with B-alone.,qwen3-vl-235b-a22b-instruct
eval_1319,sample_0032,pair_074,74,1,1,1011,lsda_clean,a Mexican Otomi embroidery panel,a Palestinian tatreez embroidery panel,A,B,1,0,0,0,vibrant floral motifs and embroidered animal style match A-alone,geometric patterns and earthy color palette match B-alone,qwen3-vl-235b-a22b-instruct
eval_1176,sample_0032,pair_074,74,1,1,1011,native_SS,a Mexican Otomi embroidery panel,a Palestinian tatreez embroidery panel,A,B,1,0,0,0,vibrant floral motifs and bright colors align with A-alone,geometric patterns and earthy color palette match B-alone,qwen3-vl-235b-a22b-instruct
eval_0915,sample_0599,pair_074,74,1,2,1012,lsda_clean,a Mexican Otomi embroidery panel,a Palestinian tatreez embroidery panel,A,B,1,0,0,0,vibrant stylized birds and bold color blocking match A-alone,geometric motifs and dense border patterns match B-alone,qwen3-vl-235b-a22b-instruct
eval_1205,sample_0599,pair_074,74,1,2,1012,native_SS,a Mexican Otomi embroidery panel,a Palestinian tatreez embroidery panel,A,B,1,0,0,0,vibrant embroidered birds and organic motifs match A-alone,geometric patterns and earthy color palette match B-alone,qwen3-vl-235b-a22b-instruct
eval_1299,sample_0182,pair_074,74,1,3,1013,lsda_clean,a Mexican Otomi embroidery panel,a Palestinian tatreez embroidery panel,A,B,1,0,0,0,vibrant bird motifs and bright colors match A-alone,geometric patterns and earthy color palette match B-alone,qwen3-vl-235b-a22b-instruct
eval_1783,sample_0182,pair_074,74,1,3,1013,native_SS,a Mexican Otomi embroidery panel,a Palestinian tatreez embroidery panel,A,B,1,0,0,0,figurative birds and bold organic colors mirror A-alone,geometric motifs and dense color palette match B-alone,qwen3-vl-235b-a22b-instruct
eval_1142,sample_0725,pair_074,74,2,1,2021,lsda_clean,a Mexican Otomi embroidery panel,a Palestinian tatreez embroidery panel,A,B,1,0,0,0,vibrant bird motif and bold color blocking match A-alone,geometric patterns and dense embroidery match B-alone,qwen3-vl-235b-a22b-instruct
eval_1429,sample_0725,pair_074,74,2,1,2021,native_SS,a Mexican Otomi embroidery panel,a Palestinian tatreez embroidery panel,A,B,1,0,0,0,stylized animal and floral motifs with bold outlines mirror A-alone's decorative technique,geometric patterns and dense color blocking match B-alone's surface style,qwen3-vl-235b-a22b-instruct
eval_0694,sample_0764,pair_074,74,2,2,2022,lsda_clean,a Mexican Otomi embroidery panel,a Palestinian tatreez embroidery panel,A,B,1,0,0,0,vibrant birds and organic motifs mirror A-alone,geometric patterns and dense embroidery match B-alone,qwen3-vl-235b-a22b-instruct
eval_0098,sample_0764,pair_074,74,2,2,2022,native_SS,a Mexican Otomi embroidery panel,a Palestinian tatreez embroidery panel,A,B,1,0,0,0,vibrant bird motifs and colorful appliqué resemble A-alone's decorative technique,geometric patterns and dense embroidery match B-alone's ornamental style,qwen3-vl-235b-a22b-instruct
eval_1579,sample_0211,pair_074,74,2,3,2023,lsda_clean,a Mexican Otomi embroidery panel,a Palestinian tatreez embroidery panel,A,B,1,0,0,0,vibrant organic forms and color palette match A-alone,geometric patterns and dense motifs match B-alone,qwen3-vl-235b-a22b-instruct
eval_1247,sample_0211,pair_074,74,2,3,2023,native_SS,a Mexican Otomi embroidery panel,a Palestinian tatreez embroidery panel,A,B,1,0,0,0,figurative bird motif and vibrant color blocking resemble A-alone's decorative technique,geometric patterns and dense ornamentation match B-alone's surface style,qwen3-vl-235b-a22b-instruct
eval_1284,sample_0377,pair_074,74,3,1,3031,lsda_clean,a Mexican Otomi embroidery panel,a Palestinian tatreez embroidery panel,A,B,1,0,0,0,vibrant stylized bird and plant embroidery matches A-alone,geometric floral motifs and dense border patterns match B-alone,qwen3-vl-235b-a22b-instruct
eval_1431,sample_0377,pair_074,74,3,1,3031,native_SS,a Mexican Otomi embroidery panel,a Palestinian tatreez embroidery panel,A,B,1,0,0,0,vibrant embroidered birds and floral motifs mirror A-alone's surface style,geometric patterns and dense color palette match B-alone's textile design,qwen3-vl-235b-a22b-instruct
eval_0710,sample_0551,pair_074,74,3,2,3032,lsda_clean,a Mexican Otomi embroidery panel,a Palestinian tatreez embroidery panel,A,B,1,0,0,0,vibrant animal figures and floral motifs match A-alone,dense geometric patterns and dark border match B-alone,qwen3-vl-235b-a22b-instruct
eval_1428,sample_0551,pair_074,74,3,2,3032,native_SS,a Mexican Otomi embroidery panel,a Palestinian tatreez embroidery panel,A,B,1,0,0,0,figurative animals with bold outlines and vibrant color blocking resemble A-alone,geometric patterns and dense ornamentation match B-alone's surface style,qwen3-vl-235b-a22b-instruct
eval_0386,sample_0884,pair_074,74,3,3,3033,lsda_clean,a Mexican Otomi embroidery panel,a Palestinian tatreez embroidery panel,A,B,1,0,0,0,vibrant embroidered fauna and floral motifs match A-alone,dense geometric patterns and woven texture match B-alone,qwen3-vl-235b-a22b-instruct
eval_0348,sample_0884,pair_074,74,3,3,3033,native_SS,a Mexican Otomi embroidery panel,a Palestinian tatreez embroidery panel,A,B,1,0,0,0,figurative animals and floral embroidery resemble A-alone's decorative technique,geometric patterns and dense textile motifs match B-alone's surface style,qwen3-vl-235b-a22b-instruct
eval_0616,sample_0120,pair_075,75,1,1,1011,lsda_clean,a Mexican Otomi embroidered blouse,a Guatemalan huipil blouse,A,B,1,0,0,0,floral and bird motifs on white ground mirror A-alone’s embroidered design,dense geometric patterns and multicolored bands match B-alone's textile style,qwen3-vl-235b-a22b-instruct
eval_1461,sample_0120,pair_075,75,1,1,1011,native_SS,a Mexican Otomi embroidered blouse,a Guatemalan huipil blouse,A,B,1,0,0,0,floral and bird motifs on white ground mirror A-alone’s decorative scheme,rich geometric patterns and dense color bands match B-alone's textile style,qwen3-vl-235b-a22b-instruct
eval_1316,sample_0545,pair_075,75,1,2,1012,lsda_clean,a Mexican Otomi embroidered blouse,a Guatemalan huipil blouse,A,B,1,0,0,0,"floral motifs, color palette, and embroidered texture closely mirror A-alone",rich geometric patterns and dense multicolor embroidery match B-alone's textile style,qwen3-vl-235b-a22b-instruct
eval_0065,sample_0545,pair_075,75,1,2,1012,native_SS,a Mexican Otomi embroidered blouse,a Guatemalan huipil blouse,B,A,0,1,1,1,Geometric bands and dark ground resemble B-alone’s pattern and finish.,Floral embroidery on light ground matches A-alone’s motif and color system.,qwen3-vl-235b-a22b-instruct
eval_0933,sample_0074,pair_075,75,1,3,1013,lsda_clean,a Mexican Otomi embroidered blouse,a Guatemalan huipil blouse,A,B,1,0,0,0,floral motifs on white ground with similar color palette and stitch texture as A-alone,rich multicolored geometric bands and dense embroidery match B-alone’s surface style,qwen3-vl-235b-a22b-instruct
eval_1198,sample_0074,pair_075,75,1,3,1013,native_SS,a Mexican Otomi embroidered blouse,a Guatemalan huipil blouse,A,B,1,0,0,0,floral motifs and off-white base fabric mirror A-alone’s decorative system,dense geometric patterns and fringed finish match B-alone's ornamental style,qwen3-vl-235b-a22b-instruct
eval_0573,sample_0625,pair_075,75,2,1,2021,lsda_clean,a Mexican Otomi embroidered blouse,a Guatemalan huipil blouse,A,B,1,0,0,0,"floral motifs, bright colors, and white ground fabric align with A-alone's surface appearance",dense geometric embroidery with multicolored bands and dark base matches B-alone's style,qwen3-vl-235b-a22b-instruct
eval_0079,sample_0625,pair_075,75,2,1,2021,native_SS,a Mexican Otomi embroidered blouse,a Guatemalan huipil blouse,A,B,1,0,0,0,floral motifs and organic embroidery align with A-alone's aesthetic,geometric patterns and dense color bands match B-alone's style,qwen3-vl-235b-a22b-instruct
eval_0290,sample_0517,pair_075,75,2,2,2022,lsda_clean,a Mexican Otomi embroidered blouse,a Guatemalan huipil blouse,A,B,1,0,0,0,floral and bird motifs with bright colors on white ground match A-alone's decorative system,dense geometric patterns and dark background match B-alone's ornamental style,qwen3-vl-235b-a22b-instruct
eval_0163,sample_0517,pair_075,75,2,2,2022,native_SS,a Mexican Otomi embroidered blouse,a Guatemalan huipil blouse,A,B,1,0,0,0,"floral and bird motifs with bright, naturalistic colors align with A-alone's embroidery",dense geometric patterns and multicolored borders match B-alone's textile style,qwen3-vl-235b-a22b-instruct
eval_1526,sample_0668,pair_075,75,2,3,2023,lsda_clean,a Mexican Otomi embroidered blouse,a Guatemalan huipil blouse,A,B,1,0,0,0,"floral motifs, bright isolated colors, and white ground resemble A-alone’s decorative texture",richly patterned bands and dense geometric embroidery match B-alone’s surface style,qwen3-vl-235b-a22b-instruct
eval_1023,sample_0668,pair_075,75,2,3,2023,native_SS,a Mexican Otomi embroidered blouse,a Guatemalan huipil blouse,A,B,1,0,0,0,"bold, stylized floral motifs and bright color blocking resemble A-alone's graphic embroidery",richly patterned borders and dense embroidery match B-alone's ornate textile style,qwen3-vl-235b-a22b-instruct
eval_1510,sample_0890,pair_075,75,3,1,3031,lsda_clean,a Mexican Otomi embroidered blouse,a Guatemalan huipil blouse,A,B,1,0,0,0,floral motifs and white ground with colorful botanical embroidery align with A-alone,rich striped pattern and dense geometric embroidery match B-alone's surface style,qwen3-vl-235b-a22b-instruct
eval_1666,sample_0890,pair_075,75,3,1,3031,native_SS,a Mexican Otomi embroidered blouse,a Guatemalan huipil blouse,B,A,0,1,1,1,"Matches B-alone’s striped pattern, saturated color system, and dense geometric ornament.","Shares white base, floral motifs, and embroidered finish with A-alone.",qwen3-vl-235b-a22b-instruct
eval_1170,sample_0251,pair_075,75,3,2,3032,lsda_clean,a Mexican Otomi embroidered blouse,a Guatemalan huipil blouse,A,B,1,0,0,0,vibrant floral embroidery on white ground matches A-alone,rich geometric patterns and deep red/purple palette match B-alone,qwen3-vl-235b-a22b-instruct
eval_1014,sample_0251,pair_075,75,3,2,3032,native_SS,a Mexican Otomi embroidered blouse,a Guatemalan huipil blouse,A,B,1,0,0,0,floral motifs and bright color palette on white ground align with A-alone’s surface design,rich geometric borders and dense embroidery match B-alone’s ornamental style,qwen3-vl-235b-a22b-instruct
eval_1558,sample_0132,pair_075,75,3,3,3033,lsda_clean,a Mexican Otomi embroidered blouse,a Guatemalan huipil blouse,A,B,1,0,0,0,floral motifs on white ground with similar stitch texture and color saturation as A-alone,dense geometric embroidery and multicolor striped bands match B-alone's surface pattern language,qwen3-vl-235b-a22b-instruct
eval_0242,sample_0132,pair_075,75,3,3,3033,native_SS,a Mexican Otomi embroidered blouse,a Guatemalan huipil blouse,B,B,0,1,0,1,complex layered motifs and vibrant color blocking resemble B-alone's decorative technique,dense geometric patterns and multicolored embroidery match B-alone's surface style,qwen3-vl-235b-a22b-instruct
eval_1313,sample_0347,pair_076,76,1,1,1011,lsda_clean,a Japanese sashiko textile panel,a Romanian ie-embroidery textile panel,A,B,1,0,0,0,Matches A-alone’s indigo ground and white resist-dyed landscape pattern.,Shares vibrant multicolor embroidery and geometric floral motifs with B-alone.,qwen3-vl-235b-a22b-instruct
eval_0379,sample_0347,pair_076,76,1,1,1011,native_SS,a Japanese sashiko textile panel,a Romanian ie-embroidery textile panel,A,A,0,1,1,0,Matches A-alone’s indigo base and geometric textile patterning style.,Shares deep indigo ground and fine white linear pattern with A-alone.,qwen3-vl-235b-a22b-instruct
eval_0036,sample_0675,pair_076,76,1,2,1012,lsda_clean,a Japanese sashiko textile panel,a Romanian ie-embroidery textile panel,A,B,1,0,0,0,"matches A-alone’s indigo ground, cloud patterns, and linear texture",shares dense floral motifs and multicolor embroidery with B-alone,qwen3-vl-235b-a22b-instruct
eval_1298,sample_0675,pair_076,76,1,2,1012,native_SS,a Japanese sashiko textile panel,a Romanian ie-embroidery textile panel,B,A,0,1,1,1,"Matches B-alone’s ornate floral patterns, border framing, and rich multicolor embroidery style.","Shares muted beige ground and subtle woven texture with A-alone, lacking B's dense colorful motifs.",qwen3-vl-235b-a22b-instruct
eval_0309,sample_0826,pair_076,76,1,3,1013,lsda_clean,a Japanese sashiko textile panel,a Romanian ie-embroidery textile panel,A,B,1,0,0,0,matches A-alone’s indigo ground and white cloud/tree sashiko stitching,shares dense geometric motifs and multicolor embroidery with B-alone,qwen3-vl-235b-a22b-instruct
eval_0975,sample_0826,pair_076,76,1,3,1013,native_SS,a Japanese sashiko textile panel,a Romanian ie-embroidery textile panel,A,B,1,0,0,0,indigo blue ground with white cloud/tree motifs mirrors A-alone’s material and motif system,beige ground with dense geometric and floral embroidery matches B-alone’s ornamental style,qwen3-vl-235b-a22b-instruct
eval_0313,sample_0142,pair_076,76,2,1,2021,lsda_clean,a Japanese sashiko textile panel,a Romanian ie-embroidery textile panel,A,B,1,0,0,0,blue ink-wash landscape and minimal texture mirror A-alone’s aesthetic,rich floral motifs and red-brown color palette match B-alone’s ornamental style,qwen3-vl-235b-a22b-instruct
eval_0133,sample_0142,pair_076,76,2,1,2021,native_SS,a Japanese sashiko textile panel,a Romanian ie-embroidery textile panel,B,A,0,1,1,1,"Features dense floral patterns and border motifs with red-brown tones, mirroring B-alone’s decorative complexity and color system.","Uses layered ink washes and landscape motifs like A-alone, with similar tonal gradation and minimal ornament.",qwen3-vl-235b-a22b-instruct
eval_1112,sample_0892,pair_076,76,2,2,2022,lsda_clean,a Japanese sashiko textile panel,a Romanian ie-embroidery textile panel,A,B,1,0,0,0,"mirrors indigo dye, cloud-and-pavilion motif, and resist-dyed textile finish of A-alone","shares dense geometric motifs, warm color palette, and embroidered texture with B-alone",qwen3-vl-235b-a22b-instruct
eval_0525,sample_0892,pair_076,76,2,2,2022,native_SS,a Japanese sashiko textile panel,a Romanian ie-embroidery textile panel,A,B,1,0,0,0,monochromatic indigo ground and subtle cloud/structure motifs align with A-alone’s material impression,geometric motifs and woven texture match B-alone's pattern density and decorative technique,qwen3-vl-235b-a22b-instruct
eval_0805,sample_0787,pair_076,76,2,3,2023,lsda_clean,a Japanese sashiko textile panel,a Romanian ie-embroidery textile panel,A,B,1,0,0,0,matches indigo ground and white botanical pattern of A-alone,shares dense geometric motifs and multicolor palette with B-alone,qwen3-vl-235b-a22b-instruct
eval_0530,sample_0787,pair_076,76,2,3,2023,native_SS,a Japanese sashiko textile panel,a Romanian ie-embroidery textile panel,B,A,0,1,1,1,Cream ground with multicolored floral and medallion motifs echoes B-alone’s ornamental style and decorative technique.,Deep indigo ground with white resist-dyed geometric patterns matches A-alone’s material and color system.,qwen3-vl-235b-a22b-instruct
eval_0108,sample_0806,pair_076,76,3,1,3031,lsda_clean,a Japanese sashiko textile panel,a Romanian ie-embroidery textile panel,A,B,1,0,0,0,"matches A-alone’s indigo-blue monochrome, cloud patterns, and woven texture","shares floral motifs, red-orange palette, and embroidered texture with B-alone",qwen3-vl-235b-a22b-instruct
eval_0869,sample_0806,pair_076,76,3,1,3031,native_SS,a Japanese sashiko textile panel,a Romanian ie-embroidery textile panel,A,A,0,1,1,0,"Matches A-alone’s tonal gradation, cloud motifs, and textile weave finish.",Shares deep blue monochrome palette and woven texture with A-alone.,qwen3-vl-235b-a22b-instruct
eval_0370,sample_0267,pair_076,76,3,2,3032,lsda_clean,a Japanese sashiko textile panel,a Romanian ie-embroidery textile panel,A,B,1,0,0,0,indigo ground with white cloud patterns matches A-alone,rich geometric motifs and woven texture match B-alone,qwen3-vl-235b-a22b-instruct
eval_0930,sample_0267,pair_076,76,3,2,3032,native_SS,a Japanese sashiko textile panel,a Romanian ie-embroidery textile panel,B,A,0,1,1,1,matches B-alone’s geometric border and red/blue textile pattern,shares embroidered landscape motifs and color palette with A-alone,qwen3-vl-235b-a22b-instruct
eval_0296,sample_0863,pair_076,76,3,3,3033,lsda_clean,a Japanese sashiko textile panel,a Romanian ie-embroidery textile panel,A,B,1,0,0,0,Matches A-alone’s indigo-dyed textile texture and subtle grid pattern.,Shares intricate geometric motifs and red-orange embroidery with B-alone.,qwen3-vl-235b-a22b-instruct
eval_0155,sample_0863,pair_076,76,3,3,3033,native_SS,a Japanese sashiko textile panel,a Romanian ie-embroidery textile panel,A,B,1,0,0,0,"Matches A-alone’s indigo-blue grid, cloud, and tree textures.",Shares embroidered floral motifs and cream base with B-alone.,qwen3-vl-235b-a22b-instruct
eval_1254,sample_0824,pair_077,77,1,1,1011,lsda_clean,a Hungarian Matyó embroidery panel,a Slovak Detva embroidery panel,A,B,1,0,0,0,floral motifs and vibrant multicolor embroidery align with A-alone’s decorative technique and palette,geometric red-and-white pattern matches B-alone's ornamental structure and color system,qwen3-vl-235b-a22b-instruct
eval_0997,sample_0824,pair_077,77,1,1,1011,native_SS,a Hungarian Matyó embroidery panel,a Slovak Detva embroidery panel,A,B,1,0,0,0,floral forms and softer color palette align with A-alone,geometric motifs and dense red-based pattern match B-alone,qwen3-vl-235b-a22b-instruct
eval_0938,sample_0590,pair_077,77,1,2,1012,lsda_clean,a Hungarian Matyó embroidery panel,a Slovak Detva embroidery panel,A,B,1,0,0,0,Matches A-alone’s multicolored folk-floral patterns and textured embroidery style.,Shares dense floral motifs and red-dominant color palette with B-alone.,qwen3-vl-235b-a22b-instruct
eval_1441,sample_0590,pair_077,77,1,2,1012,native_SS,a Hungarian Matyó embroidery panel,a Slovak Detva embroidery panel,A,B,1,0,0,0,matches A-alone’s loose folk-floral arrangement and color palette,shares dense geometric borders and symmetrical floral motifs with B-alone,qwen3-vl-235b-a22b-instruct
eval_1622,sample_0664,pair_077,77,1,3,1013,lsda_clean,a Hungarian Matyó embroidery panel,a Slovak Detva embroidery panel,A,B,1,0,0,0,matches A-alone’s loose botanical layout and embroidered flower textures,shares dense geometric motifs and symmetrical floral patterns with B-alone,qwen3-vl-235b-a22b-instruct
eval_1226,sample_0664,pair_077,77,1,3,1013,native_SS,a Hungarian Matyó embroidery panel,a Slovak Detva embroidery panel,A,B,1,0,0,0,loose botanical arrangement and painterly flower rendering align with A-alone's organic style,geometric lattice and dense floral motifs match B-alone's structured symmetry and color density,qwen3-vl-235b-a22b-instruct
eval_0427,sample_0223,pair_077,77,2,1,2021,lsda_clean,a Hungarian Matyó embroidery panel,a Slovak Detva embroidery panel,A,B,1,0,0,0,"Loose, naturalistic floral arrangement with varied colors and organic stems mirrors A-alone’s painterly embroidery texture.","Red-dominant geometric borders and symmetrical floral motifs match B-alone’s structured, patterned surface style.",qwen3-vl-235b-a22b-instruct
eval_1667,sample_0223,pair_077,77,2,1,2021,native_SS,a Hungarian Matyó embroidery panel,a Slovak Detva embroidery panel,A,B,1,0,0,0,matches A-alone’s loose botanical layout and multicolor flower palette,shares dense geometric borders and red-dominant floral motifs with B-alone,qwen3-vl-235b-a22b-instruct
eval_1209,sample_0149,pair_077,77,2,2,2022,lsda_clean,a Hungarian Matyó embroidery panel,a Slovak Detva embroidery panel,A,B,1,0,0,0,floral tree and naturalistic color palette match A-alone,geometric symmetry and cross motifs match B-alone,qwen3-vl-235b-a22b-instruct
eval_0048,sample_0149,pair_077,77,2,2,2022,native_SS,a Hungarian Matyó embroidery panel,a Slovak Detva embroidery panel,A,B,1,0,0,0,floral tree motif and vibrant organic color palette align with A-alone's naturalistic embroidery,"geometric motifs and border patterns match B-alone's structured, symmetrical embroidery style",qwen3-vl-235b-a22b-instruct
eval_1134,sample_0899,pair_077,77,2,3,2023,lsda_clean,a Hungarian Matyó embroidery panel,a Slovak Detva embroidery panel,A,B,1,0,0,0,floral embroidery with raised texture and multicolor palette match A-alone,geometric red motifs and flat embroidery texture match B-alone,qwen3-vl-235b-a22b-instruct
eval_1164,sample_0899,pair_077,77,2,3,2023,native_SS,a Hungarian Matyó embroidery panel,a Slovak Detva embroidery panel,A,B,1,0,0,0,floral embroidery and multicolor botanical texture match A-alone,geometric motifs and red-on-cream color system match B-alone,qwen3-vl-235b-a22b-instruct
eval_0082,sample_0686,pair_077,77,3,1,3031,lsda_clean,a Hungarian Matyó embroidery panel,a Slovak Detva embroidery panel,A,B,1,0,0,0,"Matches A’s loose, naturalistic floral arrangement and earthy color palette with soft texture.",Shares B's dense geometric border and structured floral layout with similar color saturation.,qwen3-vl-235b-a22b-instruct
eval_0620,sample_0686,pair_077,77,3,1,3031,native_SS,a Hungarian Matyó embroidery panel,a Slovak Detva embroidery panel,B,A,0,1,1,1,"Matches B-alone’s structured border, color palette, and embroidered finish.",Shares dense floral motifs and similar thread texture with A-alone.,qwen3-vl-235b-a22b-instruct
eval_1477,sample_0175,pair_077,77,3,2,3032,lsda_clean,a Hungarian Matyó embroidery panel,a Slovak Detva embroidery panel,A,B,1,0,0,0,floral tree and figurative embroidery style match A-alone,geometric motifs and red/blue color system match B-alone,qwen3-vl-235b-a22b-instruct
eval_0206,sample_0175,pair_077,77,3,2,3032,native_SS,a Hungarian Matyó embroidery panel,a Slovak Detva embroidery panel,A,B,1,0,0,0,floral arrangement and figurative embroidery style match A-alone,geometric motifs and dense red/blue pattern match B-alone,qwen3-vl-235b-a22b-instruct
eval_0302,sample_0008,pair_077,77,3,3,3033,lsda_clean,a Hungarian Matyó embroidery panel,a Slovak Detva embroidery panel,A,B,1,0,0,0,"floral arrangement and naturalistic plant forms mirror A-alone's organic, scattered botanical design","geometric motifs and dense border patterns match B-alone's structured, symmetrical embroidery style",qwen3-vl-235b-a22b-instruct
eval_1765,sample_0008,pair_077,77,3,3,3033,native_SS,a Hungarian Matyó embroidery panel,a Slovak Detva embroidery panel,B,B,0,1,0,1,features repeating diamond patterns and color palette matching B-alone,shares dense geometric motifs and red-orange border with B-alone,qwen3-vl-235b-a22b-instruct
eval_0428,sample_0852,pair_078,78,1,1,1011,lsda_clean,an Indian kantha quilt,a Korean bojagi patchwork wrapping cloth,A,B,1,0,0,0,"Vibrant pinks, yellows, and dense embroidered/printed motifs align with A-alone’s rich decorative surface.",Dominant indigo and neutral tones with block-printed and plain patches match B-alone’s palette and textile treatment.,qwen3-vl-235b-a22b-instruct
eval_1549,sample_0852,pair_078,78,1,1,1011,native_SS,an Indian kantha quilt,a Korean bojagi patchwork wrapping cloth,A,B,1,0,0,0,"Vibrant pinks, yellows, and intricate floral/geometric motifs with dense embroidery resemble A-alone’s ornate surface decoration.",Dominant indigo and muted earth tones with simple block-printed or woven textures match B-alone’s palette and finish.,qwen3-vl-235b-a22b-instruct
eval_0661,sample_0891,pair_078,78,1,2,1012,lsda_clean,an Indian kantha quilt,a Korean bojagi patchwork wrapping cloth,A,B,1,0,0,0,"Matches A-alone’s vibrant warm palette, dense geometric patterns, and richly textured patchwork.","Shares muted earth tones, faded textile patches, and subtle printed motifs with B-alone.",qwen3-vl-235b-a22b-instruct
eval_0315,sample_0891,pair_078,78,1,2,1012,native_SS,an Indian kantha quilt,a Korean bojagi patchwork wrapping cloth,A,B,1,0,0,0,colorful patchwork with dense geometric patterns and vibrant hues mirrors A-alone's style,plain off-white fabric with subtle weave texture matches B-alone's neutral panels,qwen3-vl-235b-a22b-instruct
eval_1525,sample_0736,pair_078,78,1,3,1013,lsda_clean,an Indian kantha quilt,a Korean bojagi patchwork wrapping cloth,A,B,1,0,0,0,Matches A-alone’s vibrant color blocks and printed floral motifs.,Shares muted patchwork palette and worn textile texture with B-alone.,qwen3-vl-235b-a22b-instruct
eval_0952,sample_0736,pair_078,78,1,3,1013,native_SS,an Indian kantha quilt,a Korean bojagi patchwork wrapping cloth,A,B,1,0,0,0,"Matches A’s vibrant color blocks, dense printed motifs, and ornate border finish.","Shares B's muted patchwork palette and raw, frayed textile texture.",qwen3-vl-235b-a22b-instruct
eval_0667,sample_0027,pair_078,78,2,1,2021,lsda_clean,an Indian kantha quilt,a Korean bojagi patchwork wrapping cloth,A,B,1,0,0,0,"Matches A's warm ochre tones, floral patterns, and striped borders.",Shares B's block-printed motifs and indigo-dyed textile palette.,qwen3-vl-235b-a22b-instruct
eval_1778,sample_0027,pair_078,78,2,1,2021,native_SS,an Indian kantha quilt,a Korean bojagi patchwork wrapping cloth,B,A,0,1,1,1,"Matches B-alone’s cool indigo blues, white blocks, and sparse geometric textures.","Shares warm earth tones, floral motifs, and dense patterned bands with A-alone.",qwen3-vl-235b-a22b-instruct
eval_0913,sample_0259,pair_078,78,2,2,2022,lsda_clean,an Indian kantha quilt,a Korean bojagi patchwork wrapping cloth,A,B,1,0,0,0,solid field with repeating floral pattern and border color match A-alone,patchwork construction and varied textile motifs match B-alone,qwen3-vl-235b-a22b-instruct
eval_0061,sample_0259,pair_078,78,2,2,2022,native_SS,an Indian kantha quilt,a Korean bojagi patchwork wrapping cloth,B,B,0,1,0,1,striped and block-printed sections echo B-alone’s material diversity,patchwork construction and varied textile motifs match B-alone,qwen3-vl-235b-a22b-instruct
eval_0132,sample_0869,pair_078,78,2,3,2023,lsda_clean,an Indian kantha quilt,a Korean bojagi patchwork wrapping cloth,A,B,1,0,0,0,Matches A's vibrant orange-yellow palette and dense floral/dot patterns.,"Shares B's block-printed motifs and muted earth tones with raw, frayed edges.",qwen3-vl-235b-a22b-instruct
eval_1395,sample_0869,pair_078,78,2,3,2023,native_SS,an Indian kantha quilt,a Korean bojagi patchwork wrapping cloth,A,B,1,0,0,0,"Matches A's vibrant warm palette, dense printed motifs, and layered pattern density.","Shares B's muted earth tones, coarse weave texture, and blocky patchwork with raw edges.",qwen3-vl-235b-a22b-instruct
eval_0055,sample_0832,pair_078,78,3,1,3031,lsda_clean,an Indian kantha quilt,a Korean bojagi patchwork wrapping cloth,A,B,1,0,0,0,striped panels with warm earth tones and dense patterning mirror A-alone’s surface texture,patchwork blocks with bold red/blue/cream and printed motifs match B-alone’s style,qwen3-vl-235b-a22b-instruct
eval_0767,sample_0832,pair_078,78,3,1,3031,native_SS,an Indian kantha quilt,a Korean bojagi patchwork wrapping cloth,A,B,1,0,0,0,"Matches A's warm earth tones, striped patterns, and densely layered textile textures.",Shares B's block-printed motifs and high-contrast color blocks with cream background.,qwen3-vl-235b-a22b-instruct
eval_1230,sample_0491,pair_078,78,3,2,3032,lsda_clean,an Indian kantha quilt,a Korean bojagi patchwork wrapping cloth,A,B,1,0,0,0,Matches A's warm orange-yellow tones and fine grid-like textile patterns.,Shares B's dominant red and blue palette with similar blocky patchwork texture.,qwen3-vl-235b-a22b-instruct
eval_1197,sample_0491,pair_078,78,3,2,3032,native_SS,an Indian kantha quilt,a Korean bojagi patchwork wrapping cloth,A,B,1,0,0,0,"Matches A’s warm ochre, terracotta, and mustard tones with fine grid patterns and soft cotton finish.","Shares B's deep indigo, red, and cream color palette with block-printed motifs and coarse weave texture.",qwen3-vl-235b-a22b-instruct
eval_1315,sample_0583,pair_078,78,3,3,3033,lsda_clean,an Indian kantha quilt,a Korean bojagi patchwork wrapping cloth,A,B,1,0,0,0,striped grid pattern with warm border and uniform weave texture matches A-alone,patchwork construction with varied textile blocks and visible seams matches B-alone,qwen3-vl-235b-a22b-instruct
eval_0202,sample_0583,pair_078,78,3,3,3033,native_SS,an Indian kantha quilt,a Korean bojagi patchwork wrapping cloth,A,B,1,0,0,0,striped pattern with border framing and woven texture matching A-alone,patchwork construction with varied textile blocks and visible seams like B-alone,qwen3-vl-235b-a22b-instruct
eval_0919,sample_0499,pair_079,79,1,1,1011,lsda_clean,a Panamanian mola textile panel,a Ukrainian Hutsul embroidery panel,B,B,0,1,0,1,"Matches B's stylized iconography, blocky patterns, and similar color scheme despite darker ground.","Shares B's dense geometric motifs and earthy color palette with red, beige, and dark borders.",qwen3-vl-235b-a22b-instruct
eval_0083,sample_0499,pair_079,79,1,1,1011,native_SS,a Panamanian mola textile panel,a Ukrainian Hutsul embroidery panel,B,B,0,1,0,1,matches B-alone’s striped bands and woven texture despite different layout,shares dense geometric motifs and earthy color palette with B-alone,qwen3-vl-235b-a22b-instruct
eval_0487,sample_0392,pair_079,79,1,2,1012,lsda_clean,a Panamanian mola textile panel,a Ukrainian Hutsul embroidery panel,A,B,1,0,0,0,"Matches A-alone’s indigo blue ground, white linear patterns, and loose fringe finish.","Shares warm earth tones, geometric motifs, and dense woven texture with B-alone.",qwen3-vl-235b-a22b-instruct
eval_1097,sample_0392,pair_079,79,1,2,1012,native_SS,a Panamanian mola textile panel,a Ukrainian Hutsul embroidery panel,A,B,1,0,0,0,"Matches A-alone’s blue palette, linear patterns, and embroidered finish.","Shares earthy tones, geometric motifs, and woven texture with B-alone.",qwen3-vl-235b-a22b-instruct
eval_1449,sample_0691,pair_079,79,1,3,1013,lsda_clean,a Panamanian mola textile panel,a Ukrainian Hutsul embroidery panel,A,B,1,0,0,0,"matches A-alone’s indigo ground, faded white patterns, and linear textile texture",shares red/black/cream color palette and dense geometric motifs with B-alone,qwen3-vl-235b-a22b-instruct
eval_1766,sample_0691,pair_079,79,1,3,1013,native_SS,a Panamanian mola textile panel,a Ukrainian Hutsul embroidery panel,A,B,1,0,0,0,Indigo-dyed ground with faded white linear patterns mirrors A-alone’s material impression.,Rich red-based palette and dense geometric motifs match B-alone’s ornamental style.,qwen3-vl-235b-a22b-instruct
eval_0833,sample_0487,pair_079,79,2,1,2021,lsda_clean,a Panamanian mola textile panel,a Ukrainian Hutsul embroidery panel,B,B,0,1,0,1,"Matches B's woven texture, earthy tones, and stylized symbolic patterns.",Shares B's dense geometric motifs and red/earth-tone color palette.,qwen3-vl-235b-a22b-instruct
eval_1352,sample_0487,pair_079,79,2,1,2021,native_SS,a Panamanian mola textile panel,a Ukrainian Hutsul embroidery panel,A,B,1,0,0,0,Monochrome black-on-cream with bold abstract forms mirrors A-alone’s graphic texture.,Rich red/blue palette and dense geometric motifs match B-alone’s ornamental style.,qwen3-vl-235b-a22b-instruct
eval_1673,sample_0522,pair_079,79,2,2,2022,lsda_clean,a Panamanian mola textile panel,a Ukrainian Hutsul embroidery panel,A,B,1,0,0,0,"matches teal ground, white linear patterns, and embroidered finish of A-alone","shares red/orange palette, dense geometric motifs, and woven texture with B-alone",qwen3-vl-235b-a22b-instruct
eval_1742,sample_0522,pair_079,79,2,2,2022,native_SS,a Panamanian mola textile panel,a Ukrainian Hutsul embroidery panel,A,B,1,0,0,0,monochrome earth tones and minimalist linear patterns resemble A-alone,vibrant multicolor palette and dense geometric motifs match B-alone,qwen3-vl-235b-a22b-instruct
eval_1624,sample_0576,pair_079,79,2,3,2023,lsda_clean,a Panamanian mola textile panel,a Ukrainian Hutsul embroidery panel,A,B,1,0,0,0,Matches A-alone’s deep blue ground and white linear decorative patterns.,Shares dense geometric motifs and red/cream color palette with B-alone.,qwen3-vl-235b-a22b-instruct
eval_0980,sample_0576,pair_079,79,2,3,2023,native_SS,a Panamanian mola textile panel,a Ukrainian Hutsul embroidery panel,A,B,1,0,0,0,"Matches A-alone’s blue ground, linear border patterns, and restrained color scheme.",Shares dense geometric motifs and warm red/orange color palette with B-alone.,qwen3-vl-235b-a22b-instruct
eval_0729,sample_0676,pair_079,79,3,1,3031,lsda_clean,a Panamanian mola textile panel,a Ukrainian Hutsul embroidery panel,A,B,1,0,0,0,"Matches A's indigo ground, white linear patterns, and batik-like surface finish.","Shares B's dense geometric motifs, red-dominant color palette, and woven textile texture.",qwen3-vl-235b-a22b-instruct
eval_0681,sample_0676,pair_079,79,3,1,3031,native_SS,a Panamanian mola textile panel,a Ukrainian Hutsul embroidery panel,A,B,1,0,0,0,"mirrors deep blue ground, white linear patterns, and border structure of A-alone","shares warm earth tones, geometric motifs, and fringe finish with B-alone",qwen3-vl-235b-a22b-instruct
eval_0824,sample_0029,pair_079,79,3,2,3032,lsda_clean,a Panamanian mola textile panel,a Ukrainian Hutsul embroidery panel,A,B,1,0,0,0,"Matches A's dominant pink-red palette, linear patterns, and restrained color field.",Shares B's complex multicolor geometric motifs and dense ornamentation.,qwen3-vl-235b-a22b-instruct
eval_0813,sample_0029,pair_079,79,3,2,3032,native_SS,a Panamanian mola textile panel,a Ukrainian Hutsul embroidery panel,A,B,1,0,0,0,"Matches A's dominant red-pink field, linear border motifs, and monochromatic texture.",Shares B's vibrant multicolor palette and dense geometric embroidery with high contrast.,qwen3-vl-235b-a22b-instruct
eval_1083,sample_0762,pair_079,79,3,3,3033,lsda_clean,a Panamanian mola textile panel,a Ukrainian Hutsul embroidery panel,A,B,1,0,0,0,"Matches A's blue-and-cream palette, geometric lattice patterns, and woven texture.","Shares B's rich reds, complex central medallion, and dense multi-color border motifs.",qwen3-vl-235b-a22b-instruct
eval_0679,sample_0762,pair_079,79,3,3,3033,native_SS,a Panamanian mola textile panel,a Ukrainian Hutsul embroidery panel,A,B,1,0,0,0,Monochromatic blue-on-beige with linear geometric patterns mirrors A-alone's restrained design.,Rich multicolor palette and dense geometric motifs match B-alone's ornate style.,qwen3-vl-235b-a22b-instruct
eval_0402,sample_0240,pair_080,80,1,1,1011,lsda_clean,a Ghanaian kente cloth,a Bhutanese yathra wool textile,A,B,1,0,0,0,"shares A-alone's bright yellow blocks, bold vertical bands, and pixel-like color blocking","matches B-alone's deep reds, fine horizontal stripes, and white geometric embroidery",qwen3-vl-235b-a22b-instruct
eval_1515,sample_0240,pair_080,80,1,1,1011,native_SS,a Ghanaian kente cloth,a Bhutanese yathra wool textile,A,B,1,0,0,0,vibrant multicolor geometric motifs and blocky patterns align with A-alone's design language,monochrome striped texture and weave pattern matches B-alone's dense horizontal bands,qwen3-vl-235b-a22b-instruct
eval_0534,sample_0210,pair_080,80,1,2,1012,lsda_clean,a Ghanaian kente cloth,a Bhutanese yathra wool textile,A,B,1,0,0,0,matches A-alone’s vertical plaid structure and color-blocked pattern,shares horizontal striped bands and geometric motifs with B-alone,qwen3-vl-235b-a22b-instruct
eval_0143,sample_0210,pair_080,80,1,2,1012,native_SS,a Ghanaian kente cloth,a Bhutanese yathra wool textile,A,B,1,0,0,0,vibrant geometric motifs and color palette align with A-alone's surface pattern,monochrome stripes and fringed edge match B-alone's texture and finish,qwen3-vl-235b-a22b-instruct
eval_0619,sample_0648,pair_080,80,1,3,1013,lsda_clean,a Ghanaian kente cloth,a Bhutanese yathra wool textile,A,B,1,0,0,0,"Matches A-alone’s yellow/green/red patchwork, grid patterns, and woven texture.",Shares red/black/white striped bands and geometric motifs with B-alone.,qwen3-vl-235b-a22b-instruct
eval_0726,sample_0648,pair_080,80,1,3,1013,native_SS,a Ghanaian kente cloth,a Bhutanese yathra wool textile,A,B,1,0,0,0,"Patchwork of bold yellow, red, green blocks with intricate woven patterns mirrors A-alone’s composition.",Striped pattern with red/black/white bands and geometric motifs matches B-alone’s structure and palette.,qwen3-vl-235b-a22b-instruct
eval_0739,sample_0739,pair_080,80,2,1,2021,lsda_clean,a Ghanaian kente cloth,a Bhutanese yathra wool textile,A,B,1,0,0,0,"Matches A's vibrant yellow/green/red blocks, dense vertical stripes, and patchwork texture.",Shares B's horizontal striped bands and earthy red/brown color palette with geometric motifs.,qwen3-vl-235b-a22b-instruct
eval_0135,sample_0739,pair_080,80,2,1,2021,native_SS,a Ghanaian kente cloth,a Bhutanese yathra wool textile,A,B,1,0,0,0,"Vibrant multicolor block patterns and geometric motifs align with A-alone’s dense, saturated design.",Monochrome striped texture and weave pattern match B-alone’s horizontal bands and muted tones.,qwen3-vl-235b-a22b-instruct
eval_0078,sample_0387,pair_080,80,2,2,2022,lsda_clean,a Ghanaian kente cloth,a Bhutanese yathra wool textile,A,B,1,0,0,0,Matches A-alone’s bold vertical stripes and warm color palette.,Shares dense geometric motifs and dark border framing with B-alone.,qwen3-vl-235b-a22b-instruct
eval_0872,sample_0387,pair_080,80,2,2,2022,native_SS,a Ghanaian kente cloth,a Bhutanese yathra wool textile,A,B,1,0,0,0,Matches vertical striped pattern and bright yellow-red color scheme of A-alone.,Shares dense geometric motifs and dark red-brown color palette with B-alone.,qwen3-vl-235b-a22b-instruct
eval_1080,sample_0362,pair_080,80,2,3,2023,lsda_clean,a Ghanaian kente cloth,a Bhutanese yathra wool textile,A,B,1,0,0,0,"Matches A-alone’s bright yellow base, blocky patchwork, and striped borders.",Shares dense geometric motifs and earthy red-black palette with B-alone.,qwen3-vl-235b-a22b-instruct
eval_0717,sample_0362,pair_080,80,2,3,2023,native_SS,a Ghanaian kente cloth,a Bhutanese yathra wool textile,A,B,1,0,0,0,"Matches A's bright yellow base, patchwork layout, and multicolored striped blocks.",Shares B's dense horizontal bands and earthy red-black palette with geometric repeats.,qwen3-vl-235b-a22b-instruct
eval_0337,sample_0396,pair_080,80,3,1,3031,lsda_clean,a Ghanaian kente cloth,a Bhutanese yathra wool textile,A,B,1,0,0,0,"Matches A-alone’s bright yellow-green palette, blocky striped motifs, and woven texture.","Shares earthy tones, dense geometric bands, and fringed edge finish with B-alone.",qwen3-vl-235b-a22b-instruct
eval_1378,sample_0396,pair_080,80,3,1,3031,native_SS,a Ghanaian kente cloth,a Bhutanese yathra wool textile,A,B,1,0,0,0,Vibrant multicolor blocks and dense linear patterns mirror A-alone’s color system and texture.,Black-and-white geometric motifs and striped bands match B-alone’s decorative technique.,qwen3-vl-235b-a22b-instruct
eval_1158,sample_0017,pair_080,80,3,2,3032,lsda_clean,a Ghanaian kente cloth,a Bhutanese yathra wool textile,A,B,1,0,0,0,"Matches A's vibrant yellow ground, purple motifs, and striped vertical structure.",Shares B's dense geometric bands and earthy red-brown palette with woven texture.,qwen3-vl-235b-a22b-instruct
eval_0637,sample_0017,pair_080,80,3,2,3032,native_SS,a Ghanaian kente cloth,a Bhutanese yathra wool textile,A,B,1,0,0,0,"Matches A-alone’s bold vertical stripes, purple motifs, and bright yellow background.",Shares dense horizontal bands and earthy red-brown palette with B-alone.,qwen3-vl-235b-a22b-instruct
eval_0275,sample_0504,pair_080,80,3,3,3033,lsda_clean,a Ghanaian kente cloth,a Bhutanese yathra wool textile,A,B,1,0,0,0,"Matches A's vibrant yellow-red vertical stripes and dense, repeating diamond motifs.",Shares B's dominant red-orange palette and geometric banding with black/white accents.,qwen3-vl-235b-a22b-instruct
eval_1675,sample_0504,pair_080,80,3,3,3033,native_SS,a Ghanaian kente cloth,a Bhutanese yathra wool textile,A,B,1,0,0,0,"matches A's vertical panel structure, vibrant color blocking, and dense multicolor diamond patterns",shares B's horizontal striped layout and monochrome geometric motifs with black/white contrast,qwen3-vl-235b-a22b-instruct
eval_0249,sample_0374,pair_081,81,1,1,1011,lsda_clean,a Persian floral carpet,a Turkmen Tekke carpet,A,B,1,0,0,0,vibrant red central field with floral motifs and ornate borders closely mirroring A-alone’s decorative technique and texture,deep red field with geometric medallions and dense border patterns matching B-alone's color system and ornament,qwen3-vl-235b-a22b-instruct
eval_1672,sample_0374,pair_081,81,1,1,1011,native_SS,a Persian floral carpet,a Turkmen Tekke carpet,A,B,1,0,0,0,vibrant red ground with floral motifs and central diamond medallion mirroring A-alone,deep red field with geometric medallions and dense border patterns matching B-alone,qwen3-vl-235b-a22b-instruct
eval_0878,sample_0080,pair_081,81,1,2,1012,lsda_clean,a Persian floral carpet,a Turkmen Tekke carpet,A,B,1,0,0,0,matches A's floral field pattern and warm red dominant tone,shares B's geometric medallion layout and dark red/blue color palette,qwen3-vl-235b-a22b-instruct
eval_0514,sample_0080,pair_081,81,1,2,1012,native_SS,a Persian floral carpet,a Turkmen Tekke carpet,B,A,0,1,1,1,"matches B's geometric medallion structure, color palette, and border design",shares A's dense floral motifs and red field with similar border ornamentation,qwen3-vl-235b-a22b-instruct
eval_0598,sample_0155,pair_081,81,1,3,1013,lsda_clean,a Persian floral carpet,a Turkmen Tekke carpet,A,B,1,0,0,0,"central medallion, floral motifs, and color palette of red-blue-gold closely mirror A-alone's ornamental style",deep red field with dense geometric repeat pattern and dark border matches B-alone's texture and motif system,qwen3-vl-235b-a22b-instruct
eval_1181,sample_0155,pair_081,81,1,3,1013,native_SS,a Persian floral carpet,a Turkmen Tekke carpet,B,A,0,1,1,1,Matches B-alone’s grid-like pattern and dark maroon tone.,Shares dense floral motifs and red field with A-alone.,qwen3-vl-235b-a22b-instruct
eval_0732,sample_0835,pair_081,81,2,1,2021,lsda_clean,a Persian floral carpet,a Turkmen Tekke carpet,A,B,1,0,0,0,"Central medallion with floral motifs, cream accents, and ornate borders closely mirror A-alone’s decorative style and texture.","Dominant deep red field with dense geometric patterns and dark border, matching B-alone’s color system and motif density.",qwen3-vl-235b-a22b-instruct
eval_1772,sample_0835,pair_081,81,2,1,2021,native_SS,a Persian floral carpet,a Turkmen Tekke carpet,B,A,0,1,1,1,Matches B-alone’s dense geometric pattern and dark blue border despite lighter field.,"Shares deep red field, intricate floral medallion, and border motifs with A-alone.",qwen3-vl-235b-a22b-instruct
eval_1101,sample_0601,pair_081,81,2,2,2022,lsda_clean,a Persian floral carpet,a Turkmen Tekke carpet,A,B,1,0,0,0,"Matches A-alone’s floral medallion, color palette, and ornate border motifs.",Shares deep red ground and geometric banding with B-alone.,qwen3-vl-235b-a22b-instruct
eval_1240,sample_0601,pair_081,81,2,2,2022,native_SS,a Persian floral carpet,a Turkmen Tekke carpet,A,B,1,0,0,0,"Matches A-alone’s central medallion shape, floral fill, and cream/red color palette.","Shares deep red field, geometric border bands, and dense linear motifs with B-alone.",qwen3-vl-235b-a22b-instruct
eval_0468,sample_0109,pair_081,81,2,3,2023,lsda_clean,a Persian floral carpet,a Turkmen Tekke carpet,A,B,1,0,0,0,"floral medallion, border motifs, and color scheme mirror A-alone",dense geometric field and deep red tonal palette match B-alone,qwen3-vl-235b-a22b-instruct
eval_1718,sample_0109,pair_081,81,2,3,2023,native_SS,a Persian floral carpet,a Turkmen Tekke carpet,A,B,1,0,0,0,"Rich floral medallion, intricate borders, and vibrant red-blue palette align with A-alone’s ornamental complexity and finish.","Dominant deep red field with minimal central motif and dense border, matching B-alone’s color system and texture.",qwen3-vl-235b-a22b-instruct
eval_1485,sample_0587,pair_081,81,3,1,3031,lsda_clean,a Persian floral carpet,a Turkmen Tekke carpet,A,B,1,0,0,0,"matches A-alone’s vibrant red ground, floral borders, and central diamond motif","shares deep red field, geometric medallion, and border motifs with B-alone",qwen3-vl-235b-a22b-instruct
eval_0617,sample_0587,pair_081,81,3,1,3031,native_SS,a Persian floral carpet,a Turkmen Tekke carpet,A,B,1,0,0,0,"rich red field with floral motifs and ornate border, mirroring A-alone’s decorative technique and color palette","deep red field with geometric borders and minimal central medallion, matching B-alone's color system and pattern density",qwen3-vl-235b-a22b-instruct
eval_1051,sample_0811,pair_081,81,3,2,3032,lsda_clean,a Persian floral carpet,a Turkmen Tekke carpet,A,B,1,0,0,0,"central medallion, floral border, and color palette closely mirror A-alone's ornamental design",dense geometric pattern and deep red field match B-alone's texture and motif style,qwen3-vl-235b-a22b-instruct
eval_0786,sample_0811,pair_081,81,3,2,3032,native_SS,a Persian floral carpet,a Turkmen Tekke carpet,B,A,0,1,1,1,Matches B-alone’s dense geometric pattern and dark red tonal palette in field and borders.,"Shares deep red field, central medallion, and similar border motifs with A-alone.",qwen3-vl-235b-a22b-instruct
eval_0687,sample_0757,pair_081,81,3,3,3033,lsda_clean,a Persian floral carpet,a Turkmen Tekke carpet,A,B,1,0,0,0,"floral medallion, cream accents, and ornate border align with A-alone's decorative style",geometric diamond motifs and deep red field match B-alone's pattern and color system,qwen3-vl-235b-a22b-instruct
eval_1332,sample_0757,pair_081,81,3,3,3033,native_SS,a Persian floral carpet,a Turkmen Tekke carpet,B,A,0,1,1,1,"Matches B's deep red ground, vertical stripe pattern, and geometric border design.","Shares A's cream field, blue central medallion, and floral border motifs.",qwen3-vl-235b-a22b-instruct
eval_0770,sample_0728,pair_082,82,1,1,1011,lsda_clean,a Persian floral carpet,an Azerbaijani Kuba carpet,A,B,1,0,0,0,"matches A's red field, floral pattern density, and central diamond","shares B's blue field, geometric medallion, and border motifs",qwen3-vl-235b-a22b-instruct
eval_1650,sample_0728,pair_082,82,1,1,1011,native_SS,a Persian floral carpet,an Azerbaijani Kuba carpet,A,A,0,1,1,0,"matches A-alone’s red ground, border pattern, and dense floral ornament",shares dominant red field and floral medallion motif with A-alone,qwen3-vl-235b-a22b-instruct
eval_0455,sample_0800,pair_082,82,1,2,1012,lsda_clean,a Persian floral carpet,an Azerbaijani Kuba carpet,A,B,1,0,0,0,floral medallion field and dense red pattern match A-alone,geometric diamond motifs and blue-red palette match B-alone,qwen3-vl-235b-a22b-instruct
eval_1602,sample_0800,pair_082,82,1,2,1012,native_SS,a Persian floral carpet,an Azerbaijani Kuba carpet,A,B,1,0,0,0,matches A's dense floral field and dominant red ground,shares B's geometric border motifs and blue-red color contrast,qwen3-vl-235b-a22b-instruct
eval_0537,sample_0697,pair_082,82,1,3,1013,lsda_clean,a Persian floral carpet,an Azerbaijani Kuba carpet,A,B,1,0,0,0,"mirrors A's red ground, floral/curvilinear pattern density, and border style","shares B's dominant blue field, geometric medallion, and border motifs",qwen3-vl-235b-a22b-instruct
eval_1282,sample_0697,pair_082,82,1,3,1013,native_SS,a Persian floral carpet,an Azerbaijani Kuba carpet,A,B,1,0,0,0,matches A-alone’s dense floral field and muted red palette,shares bold central medallion and geometric border motifs with B-alone,qwen3-vl-235b-a22b-instruct
eval_0333,sample_0414,pair_082,82,2,1,2021,lsda_clean,a Persian floral carpet,an Azerbaijani Kuba carpet,A,B,1,0,0,0,"matches A-alone’s floral medallion, soft tonal palette, and intricate curvilinear texture",shares bold geometric motifs and red-blue color system with B-alone,qwen3-vl-235b-a22b-instruct
eval_0798,sample_0414,pair_082,82,2,1,2021,native_SS,a Persian floral carpet,an Azerbaijani Kuba carpet,A,B,1,0,0,0,"matches A-alone’s cream background, floral patterns, and soft color transitions","shares red field, blue medallion, and geometric border motifs with B-alone",qwen3-vl-235b-a22b-instruct
eval_0007,sample_0423,pair_082,82,2,2,2022,lsda_clean,a Persian floral carpet,an Azerbaijani Kuba carpet,A,B,1,0,0,0,"mirrors A's red central medallion, floral patterns, and ornate border texture","shares B's blue field, geometric medallions, and dense border motifs",qwen3-vl-235b-a22b-instruct
eval_1587,sample_0423,pair_082,82,2,2,2022,native_SS,a Persian floral carpet,an Azerbaijani Kuba carpet,A,B,1,0,0,0,"matches A-alone’s red central medallion, floral fill, and cream ground texture","shares deep red field, blue medallion, and border motifs with B-alone",qwen3-vl-235b-a22b-instruct
eval_1104,sample_0850,pair_082,82,2,3,2023,lsda_clean,a Persian floral carpet,an Azerbaijani Kuba carpet,A,B,1,0,0,0,mirrors dense floral field and red dominant palette of A-alone,shares bold geometric medallions and blue-red contrast with B-alone,qwen3-vl-235b-a22b-instruct
eval_1481,sample_0850,pair_082,82,2,3,2023,native_SS,a Persian floral carpet,an Azerbaijani Kuba carpet,A,B,1,0,0,0,"matches A's dense floral field, red dominant color, and curvilinear border patterns","shares B's bold central medallion, blue field, and geometric border motifs",qwen3-vl-235b-a22b-instruct
eval_1377,sample_0357,pair_082,82,3,1,3031,lsda_clean,a Persian floral carpet,an Azerbaijani Kuba carpet,A,B,1,0,0,0,"matches A's red field, floral lattice, and dark ornate border design","shares B's blue central medallion, geometric motifs, and cream border pattern",qwen3-vl-235b-a22b-instruct
eval_1114,sample_0357,pair_082,82,3,1,3031,native_SS,a Persian floral carpet,an Azerbaijani Kuba carpet,A,B,1,0,0,0,"matches A's red ground, floral pattern density, and color palette","shares B's blue field, geometric medallion, and border motifs",qwen3-vl-235b-a22b-instruct
eval_0058,sample_0659,pair_082,82,3,2,3032,lsda_clean,a Persian floral carpet,an Azerbaijani Kuba carpet,A,B,1,0,0,0,"mirrors A's red field, floral central medallion, and ornate border pattern","shares B's geometric diamond medallion, blue field, and border motifs",qwen3-vl-235b-a22b-instruct
eval_1446,sample_0659,pair_082,82,3,2,3032,native_SS,a Persian floral carpet,an Azerbaijani Kuba carpet,B,A,0,1,1,1,Blue and gold geometric diamond center with intricate borders matching B-alone’s color system and decorative technique.,Dominant red field with similar floral medallion and border motifs as A-alone.,qwen3-vl-235b-a22b-instruct
eval_1660,sample_0735,pair_082,82,3,3,3033,lsda_clean,a Persian floral carpet,an Azerbaijani Kuba carpet,A,B,1,0,0,0,"Matches A's red medallion, floral detailing, and cream background texture.","Shares B's blue field, geometric motifs, and dense border patterns.",qwen3-vl-235b-a22b-instruct
eval_0258,sample_0735,pair_082,82,3,3,3033,native_SS,a Persian floral carpet,an Azerbaijani Kuba carpet,A,B,1,0,0,0,"matches A's red dominant field, floral medallion, and soft tonal gradients","shares B's blue field, geometric motifs, and dense symbolic border pattern",qwen3-vl-235b-a22b-instruct
eval_1741,sample_0731,pair_083,83,1,1,1011,lsda_clean,a Persian floral carpet,an Armenian Karabakh carpet,A,B,1,0,0,0,"Matches A's field color, floral density, and border motif style.",Shares B's geometric medallion structure and deep blue/red contrast.,qwen3-vl-235b-a22b-instruct
eval_1486,sample_0731,pair_083,83,1,1,1011,native_SS,a Persian floral carpet,an Armenian Karabakh carpet,A,B,1,0,0,0,"matches A's red field, floral patterns, and ornate border design","shares B's blue field, geometric medallion, and border motifs",qwen3-vl-235b-a22b-instruct
eval_0887,sample_0419,pair_083,83,1,2,1012,lsda_clean,a Persian floral carpet,an Armenian Karabakh carpet,A,B,1,0,0,0,mirrors dense floral field and soft red tonality of A-alone,shares bold geometric medallions and blue-red contrast with B-alone,qwen3-vl-235b-a22b-instruct
eval_0566,sample_0419,pair_083,83,1,2,1012,native_SS,a Persian floral carpet,an Armenian Karabakh carpet,A,B,1,0,0,0,mirrors dense floral motifs and rich red field with intricate border patterns from A-alone,shares bold geometric medallions and high-contrast color blocking with B-alone,qwen3-vl-235b-a22b-instruct
eval_1626,sample_0325,pair_083,83,1,3,1013,lsda_clean,a Persian floral carpet,an Armenian Karabakh carpet,A,B,1,0,0,0,"Matches A-alone’s dense floral field, muted red tones, and ornate border patterns.","Shares bold geometric medallion, red/blue contrast, and border motifs with B-alone.",qwen3-vl-235b-a22b-instruct
eval_1333,sample_0325,pair_083,83,1,3,1013,native_SS,a Persian floral carpet,an Armenian Karabakh carpet,B,A,0,1,1,1,"Matches B-alone’s blue central medallion, geometric patterns, and color-blocked layout.","Shares deep red field, dense floral motifs, and similar border ornamentation with A-alone.",qwen3-vl-235b-a22b-instruct
eval_1311,sample_0389,pair_083,83,2,1,2021,lsda_clean,a Persian floral carpet,an Armenian Karabakh carpet,A,B,1,0,0,0,"matches A-alone’s floral medallion, cream accents, and dense ornamental texture",shares bold geometric motifs and red-blue color system with B-alone,qwen3-vl-235b-a22b-instruct
eval_0443,sample_0389,pair_083,83,2,1,2021,native_SS,a Persian floral carpet,an Armenian Karabakh carpet,A,B,1,0,0,0,"matches A-alone’s cream field, dense floral patterns, and ornate border design","shares deep red field, blue border, and geometric medallion motif with B-alone",qwen3-vl-235b-a22b-instruct
eval_0297,sample_0184,pair_083,83,2,2,2022,lsda_clean,a Persian floral carpet,an Armenian Karabakh carpet,A,B,1,0,0,0,"matches A-alone’s red central field, floral vine patterns, and ornate border texture","shares deep blue field, geometric medallions, and border motifs with B-alone",qwen3-vl-235b-a22b-instruct
eval_1436,sample_0184,pair_083,83,2,2,2022,native_SS,a Persian floral carpet,an Armenian Karabakh carpet,B,A,0,1,1,1,"Matches B-alone’s blue ground, geometric patterns, and structured layout.","Shares deep red field, floral medallion, and border motifs with A-alone.",qwen3-vl-235b-a22b-instruct
eval_1617,sample_0543,pair_083,83,2,3,2023,lsda_clean,a Persian floral carpet,an Armenian Karabakh carpet,A,B,1,0,0,0,"mirrors A's red field, floral pattern density, and ornate border design","shares B's dominant blue field, geometric medallion, and border motifs",qwen3-vl-235b-a22b-instruct
eval_1576,sample_0543,pair_083,83,2,3,2023,native_SS,a Persian floral carpet,an Armenian Karabakh carpet,B,A,0,1,1,1,"Blue central medallion with geometric framing and cream accents, mirroring B-alone’s layout and decorative technique.","Dominant red field with intricate floral motifs and dark border, matching A-alone’s color system and ornament.",qwen3-vl-235b-a22b-instruct
eval_1448,sample_0346,pair_083,83,3,1,3031,lsda_clean,a Persian floral carpet,an Armenian Karabakh carpet,A,B,1,0,0,0,"Matches A's dominant red field, dense floral motifs, and border pattern.","Shares B's blue field, geometric medallions, and cream/ochre accents.",qwen3-vl-235b-a22b-instruct
eval_0456,sample_0346,pair_083,83,3,1,3031,native_SS,a Persian floral carpet,an Armenian Karabakh carpet,B,A,0,1,1,1,"Blue central medallion, cream corner spandrels, and geometric floral borders align with B-alone's surface style.",Dominant red field with dense floral motifs and similar border patterns match A-alone.,qwen3-vl-235b-a22b-instruct
eval_0853,sample_0122,pair_083,83,3,2,3032,lsda_clean,a Persian floral carpet,an Armenian Karabakh carpet,A,B,1,0,0,0,"mirrors A's dominant red field, floral central medallion, and softer ornamental borders","shares B's bold geometric medallions, deep blue field, and structured border motifs",qwen3-vl-235b-a22b-instruct
eval_1678,sample_0122,pair_083,83,3,2,3032,native_SS,a Persian floral carpet,an Armenian Karabakh carpet,B,A,0,1,1,1,Blue-ground medallion design with geometric framing and color palette matching B-alone.,Dominant red field with intricate floral motifs and similar border ornamentation as A-alone.,qwen3-vl-235b-a22b-instruct
eval_0120,sample_0079,pair_083,83,3,3,3033,lsda_clean,a Persian floral carpet,an Armenian Karabakh carpet,A,B,1,0,0,0,"matches A's red central field, floral vine patterns, and cream accents","shares B's blue field, geometric medallions, and dense symbolic motifs",qwen3-vl-235b-a22b-instruct
eval_0519,sample_0079,pair_083,83,3,3,3033,native_SS,a Persian floral carpet,an Armenian Karabakh carpet,A,B,1,0,0,0,matches A's red medallion and floral texture,shares B's blue field and geometric micro-motifs,qwen3-vl-235b-a22b-instruct
eval_1182,sample_0602,pair_084,84,1,1,1011,lsda_clean,a Moroccan Beni Ourain wool rug,a Ukrainian Hutsul lizhnyk wool rug,A,B,1,0,0,0,off-white ground with sparse black linear patterns matches A-alone,rich red/blue palette and dense geometric motifs match B-alone,qwen3-vl-235b-a22b-instruct
eval_1239,sample_0602,pair_084,84,1,1,1011,native_SS,a Moroccan Beni Ourain wool rug,a Ukrainian Hutsul lizhnyk wool rug,A,A,0,1,1,0,minimalist black-on-cream pattern and raw weave resemble A-alone,monochrome geometric motifs and fringed texture match A-alone,qwen3-vl-235b-a22b-instruct
eval_0543,sample_0695,pair_084,84,1,2,1012,lsda_clean,a Moroccan Beni Ourain wool rug,a Ukrainian Hutsul lizhnyk wool rug,A,B,1,0,0,0,off-white ground with black zigzag diamonds mirrors A-alone,rich red/blue palette and dense geometric motifs match B-alone,qwen3-vl-235b-a22b-instruct
eval_1386,sample_0695,pair_084,84,1,2,1012,native_SS,a Moroccan Beni Ourain wool rug,a Ukrainian Hutsul lizhnyk wool rug,A,A,0,1,1,0,"Matches A-alone’s neutral palette, linear black patterns, and coarse woven finish.",Shared off-white ground and minimalist black geometric motifs with similar handwoven texture.,qwen3-vl-235b-a22b-instruct
eval_1353,sample_0721,pair_084,84,1,3,1013,lsda_clean,a Moroccan Beni Ourain wool rug,a Ukrainian Hutsul lizhnyk wool rug,A,B,1,0,0,0,off-white ground with sparse black linear patterns matches A-alone,rich red/blue palette and dense geometric motifs match B-alone,qwen3-vl-235b-a22b-instruct
eval_0825,sample_0721,pair_084,84,1,3,1013,native_SS,a Moroccan Beni Ourain wool rug,a Ukrainian Hutsul lizhnyk wool rug,A,A,0,1,1,0,"similar off-white ground, black linear patterns, and fringed finish as A-alone",monochrome palette and linear geometric motifs match A-alone,qwen3-vl-235b-a22b-instruct
eval_1186,sample_0315,pair_084,84,2,1,2021,lsda_clean,a Moroccan Beni Ourain wool rug,a Ukrainian Hutsul lizhnyk wool rug,A,B,1,0,0,0,off-white ground with sparse black line patterns matches A-alone,rich multicolor palette and dense geometric motifs match B-alone,qwen3-vl-235b-a22b-instruct
eval_1018,sample_0315,pair_084,84,2,1,2021,native_SS,a Moroccan Beni Ourain wool rug,a Ukrainian Hutsul lizhnyk wool rug,A,B,1,0,0,0,neutral base with sparse black linear patterns mirrors A-alone,rich color palette and dense geometric motifs match B-alone,qwen3-vl-235b-a22b-instruct
eval_0011,sample_0461,pair_084,84,2,2,2022,lsda_clean,a Moroccan Beni Ourain wool rug,a Ukrainian Hutsul lizhnyk wool rug,A,B,1,0,0,0,neutral ground with sparse dark linear patterns matches A-alone,rich color palette and dense geometric motifs match B-alone,qwen3-vl-235b-a22b-instruct
eval_1533,sample_0461,pair_084,84,2,2,2022,native_SS,a Moroccan Beni Ourain wool rug,a Ukrainian Hutsul lizhnyk wool rug,A,A,0,1,1,0,similar off-white ground with black linear patterns and fringe finish as A-alone,monochrome geometric motifs and low-contrast texture match A-alone,qwen3-vl-235b-a22b-instruct
eval_1569,sample_0151,pair_084,84,2,3,2023,lsda_clean,a Moroccan Beni Ourain wool rug,a Ukrainian Hutsul lizhnyk wool rug,A,B,1,0,0,0,off-white ground with sparse dark linear patterns matches A-alone,rich red/blue palette and dense geometric motifs match B-alone,qwen3-vl-235b-a22b-instruct
eval_0166,sample_0151,pair_084,84,2,3,2023,native_SS,a Moroccan Beni Ourain wool rug,a Ukrainian Hutsul lizhnyk wool rug,A,A,0,1,1,0,Sparse black line work on cream background mirrors A-alone’s minimal texture.,Monochrome earth tones and linear geometric motifs match A-alone.,qwen3-vl-235b-a22b-instruct
eval_1069,sample_0209,pair_084,84,3,1,3031,lsda_clean,a Moroccan Beni Ourain wool rug,a Ukrainian Hutsul lizhnyk wool rug,A,B,1,0,0,0,off-white ground with black linear diamond patterns matches A-alone,rich multicolor palette and dense geometric motifs match B-alone,qwen3-vl-235b-a22b-instruct
eval_0467,sample_0209,pair_084,84,3,1,3031,native_SS,a Moroccan Beni Ourain wool rug,a Ukrainian Hutsul lizhnyk wool rug,A,A,0,1,1,0,matches A-alone’s monochrome palette and geometric line work,shares off-white base and minimalist black linear motifs with A-alone,qwen3-vl-235b-a22b-instruct
eval_1253,sample_0390,pair_084,84,3,2,3032,lsda_clean,a Moroccan Beni Ourain wool rug,a Ukrainian Hutsul lizhnyk wool rug,A,B,1,0,0,0,neutral ground with sparse dark linear patterns matches A-alone,rich color palette and dense geometric motifs match B-alone,qwen3-vl-235b-a22b-instruct
eval_1628,sample_0390,pair_084,84,3,2,3032,native_SS,a Moroccan Beni Ourain wool rug,a Ukrainian Hutsul lizhnyk wool rug,A,A,0,1,1,0,Sparse black-on-cream diamond pattern and weave texture align with A-alone.,Monochrome geometric motifs and fringed texture match A-alone.,qwen3-vl-235b-a22b-instruct
eval_0876,sample_0010,pair_084,84,3,3,3033,lsda_clean,a Moroccan Beni Ourain wool rug,a Ukrainian Hutsul lizhnyk wool rug,A,B,1,0,0,0,Sparse black line patterns on cream background match A-alone.,Rich color palette and dense geometric motifs match B-alone.,qwen3-vl-235b-a22b-instruct
eval_0642,sample_0010,pair_084,84,3,3,3033,native_SS,a Moroccan Beni Ourain wool rug,a Ukrainian Hutsul lizhnyk wool rug,A,A,0,1,1,0,matches A-alone’s monochromatic linear patterns and textured weave,shares minimalist geometric motifs and neutral color palette with A-alone,qwen3-vl-235b-a22b-instruct
eval_0102,sample_0031,pair_085,85,1,1,1011,lsda_clean,a Turkish flat-woven kilim,a Romanian Oltenian kilim,A,B,1,0,0,0,Matches A's striped band structure and muted earth-toned color system.,Shares B's dense geometric motifs and vibrant warm color palette.,qwen3-vl-235b-a22b-instruct
eval_0830,sample_0031,pair_085,85,1,1,1011,native_SS,a Turkish flat-woven kilim,a Romanian Oltenian kilim,A,B,1,0,0,0,"Matches A's striped layout, repeating small motifs, and restrained earthy tones with fringe.",Shares B's dense geometric motifs and vibrant warm color palette with layered bands.,qwen3-vl-235b-a22b-instruct
eval_0594,sample_0838,pair_085,85,1,2,1012,lsda_clean,a Turkish flat-woven kilim,a Romanian Oltenian kilim,A,B,1,0,0,0,"Matches A-alone’s striped bands, muted earth tones, and linear rhythm.",Shares bold geometric motifs and saturated red-blue palette with B-alone.,qwen3-vl-235b-a22b-instruct
eval_1466,sample_0838,pair_085,85,1,2,1012,native_SS,a Turkish flat-woven kilim,a Romanian Oltenian kilim,A,B,1,0,0,0,"matches A-alone’s earthy tones, striped rhythm, and muted pattern density",shares bold red-blue palette and dense geometric motifs with B-alone,qwen3-vl-235b-a22b-instruct
eval_0901,sample_0088,pair_085,85,1,3,1013,lsda_clean,a Turkish flat-woven kilim,a Romanian Oltenian kilim,A,B,1,0,0,0,Striped bands with scattered small motifs mirror A-alone’s pattern structure.,Dominant geometric diamond motifs and color palette match B-alone.,qwen3-vl-235b-a22b-instruct
eval_0203,sample_0088,pair_085,85,1,3,1013,native_SS,a Turkish flat-woven kilim,a Romanian Oltenian kilim,A,B,1,0,0,0,"Matches A's striped layout, color rhythm, and scattered floral-like motifs.",Shares B's dense geometric motifs and warm color palette with red-orange accents.,qwen3-vl-235b-a22b-instruct
eval_0495,sample_0509,pair_085,85,2,1,2021,lsda_clean,a Turkish flat-woven kilim,a Romanian Oltenian kilim,A,B,1,0,0,0,"Matches A-alone’s striped band structure, muted earthy palette, and smaller repeating patterns.","Shares bold central medallion, vibrant saturated colors, and dense geometric motifs with B-alone.",qwen3-vl-235b-a22b-instruct
eval_1053,sample_0509,pair_085,85,2,1,2021,native_SS,a Turkish flat-woven kilim,a Romanian Oltenian kilim,A,B,1,0,0,0,striped bands with muted earth tones align with A-alone’s surface style,rich geometric motifs and saturated color palette match B-alone,qwen3-vl-235b-a22b-instruct
eval_0312,sample_0689,pair_085,85,2,2,2022,lsda_clean,a Turkish flat-woven kilim,a Romanian Oltenian kilim,A,B,1,0,0,0,shares A's softer color blending and repeating stripe pattern,matches B's bolder red-orange palette and denser geometric motifs,qwen3-vl-235b-a22b-instruct
eval_1623,sample_0689,pair_085,85,2,2,2022,native_SS,a Turkish flat-woven kilim,a Romanian Oltenian kilim,A,B,1,0,0,0,"Matches A-alone’s lighter base tone, stripe density, and muted earth-toned palette.","Shares dense, multicolored geometric bands and similar color saturation with B-alone.",qwen3-vl-235b-a22b-instruct
eval_0720,sample_0714,pair_085,85,2,3,2023,lsda_clean,a Turkish flat-woven kilim,a Romanian Oltenian kilim,A,B,1,0,0,0,matches A's striped layout and earthy color harmony,shares B's dense geometric motifs and saturated red-blue palette,qwen3-vl-235b-a22b-instruct
eval_0891,sample_0714,pair_085,85,2,3,2023,native_SS,a Turkish flat-woven kilim,a Romanian Oltenian kilim,A,B,1,0,0,0,"Matches A's red-dominant palette, stripe rhythm, and motif density.","Shares B's warm ochre base, dense geometric motifs, and similar color saturation.",qwen3-vl-235b-a22b-instruct
eval_0943,sample_0117,pair_085,85,3,1,3031,lsda_clean,a Turkish flat-woven kilim,a Romanian Oltenian kilim,A,B,1,0,0,0,"Matches A's muted earth tones, softer color transitions, and diamond-centered medallion structure in surface design.",Shares B's vibrant red-orange field and bold blue geometric motifs with similar color saturation and pattern density.,qwen3-vl-235b-a22b-instruct
eval_1236,sample_0117,pair_085,85,3,1,3031,native_SS,a Turkish flat-woven kilim,a Romanian Oltenian kilim,A,B,1,0,0,0,"matches A's muted earth tones, linear border patterns, and subdued textile finish",shares B's vibrant red-orange field and dense geometric motifs with similar color saturation and weave texture,qwen3-vl-235b-a22b-instruct
eval_0708,sample_0767,pair_085,85,3,2,3032,lsda_clean,a Turkish flat-woven kilim,a Romanian Oltenian kilim,A,B,1,0,0,0,"matches A's muted earth tones, beige central field, and simpler border patterns",shares B's vibrant red-orange palette and dense geometric motifs with dark borders,qwen3-vl-235b-a22b-instruct
eval_0773,sample_0767,pair_085,85,3,2,3032,native_SS,a Turkish flat-woven kilim,a Romanian Oltenian kilim,A,B,1,0,0,0,matches A's earthy palette and intricate border patterns,shares B's vibrant color saturation and bold geometric motifs,qwen3-vl-235b-a22b-instruct
eval_0597,sample_0192,pair_085,85,3,3,3033,lsda_clean,a Turkish flat-woven kilim,a Romanian Oltenian kilim,A,B,1,0,0,0,"matches A's horizontal banding, repeating small-scale patterns, and earthy color transitions","shares B's bold central medallion, dense geometric motifs, and saturated red-blue palette",qwen3-vl-235b-a22b-instruct
eval_0087,sample_0192,pair_085,85,3,3,3033,native_SS,a Turkish flat-woven kilim,a Romanian Oltenian kilim,A,B,1,0,0,0,"Matches A's horizontal banding, muted earth tones, and repeating small-scale motifs with consistent texture.",Shares B's bold central diamond motif and saturated red-blue palette with dense geometric patterning.,qwen3-vl-235b-a22b-instruct
eval_1152,sample_0137,pair_086,86,1,1,1011,lsda_clean,a Turkish flat-woven kilim,a Serbian Pirot kilim,A,B,1,0,0,0,Matches A-alone’s horizontal striped bands and repeating small geometric motifs.,Shares bold central medallions and saturated blue-red palette with B-alone.,qwen3-vl-235b-a22b-instruct
eval_1276,sample_0137,pair_086,86,1,1,1011,native_SS,a Turkish flat-woven kilim,a Serbian Pirot kilim,A,B,1,0,0,0,Matches striped bands and repeating small motifs with A-alone.,Shares bold geometric medallions and saturated color palette with B-alone.,qwen3-vl-235b-a22b-instruct
eval_0916,sample_0312,pair_086,86,1,2,1012,lsda_clean,a Turkish flat-woven kilim,a Serbian Pirot kilim,A,B,1,0,0,0,Striped bands with muted earth tones and small repeating motifs align with A-alone.,Dominant red and blue palette with bold geometric medallions matches B-alone.,qwen3-vl-235b-a22b-instruct
eval_0629,sample_0312,pair_086,86,1,2,1012,native_SS,a Turkish flat-woven kilim,a Serbian Pirot kilim,A,B,1,0,0,0,matches A-alone’s striped band structure and earthy color system,shares dense geometric motifs and saturated red-blue palette with B-alone,qwen3-vl-235b-a22b-instruct
eval_0346,sample_0515,pair_086,86,1,3,1013,lsda_clean,a Turkish flat-woven kilim,a Serbian Pirot kilim,A,B,1,0,0,0,"Matches A-alone’s striped bands, softer color transitions, and linear patterning.",Shares bold geometric motifs and saturated red-blue palette with B-alone.,qwen3-vl-235b-a22b-instruct
eval_1027,sample_0515,pair_086,86,1,3,1013,native_SS,a Turkish flat-woven kilim,a Serbian Pirot kilim,A,B,1,0,0,0,"Matches A-alone’s striped bands, floral-like medallions, and earthy color rhythm.",Shares dense geometric motifs and saturated red/blue palette with B-alone.,qwen3-vl-235b-a22b-instruct
eval_1357,sample_0138,pair_086,86,2,1,2021,lsda_clean,a Turkish flat-woven kilim,a Serbian Pirot kilim,A,B,1,0,0,0,"Matches A-alone’s striped band structure, earthy color range, and repeating small-scale patterns.","Shares bold central medallion, vibrant red-blue palette, and intricate geometric motifs with B-alone.",qwen3-vl-235b-a22b-instruct
eval_1150,sample_0138,pair_086,86,2,1,2021,native_SS,a Turkish flat-woven kilim,a Serbian Pirot kilim,A,B,1,0,0,0,"Matches A-alone’s striped layout, muted earth tones, and linear pattern repetition in surface decoration.","Shares dense geometric motifs, vibrant red/blue/yellow palette, and similar woven texture with B-alone.",qwen3-vl-235b-a22b-instruct
eval_0421,sample_0765,pair_086,86,2,2,2022,lsda_clean,a Turkish flat-woven kilim,a Serbian Pirot kilim,A,B,1,0,0,0,"matches A-alone’s striped layout, muted earth tones, and linear motifs",shares bold geometric medallions and saturated blue-red palette with B-alone,qwen3-vl-235b-a22b-instruct
eval_1349,sample_0765,pair_086,86,2,2,2022,native_SS,a Turkish flat-woven kilim,a Serbian Pirot kilim,A,B,1,0,0,0,"Matches A-alone’s striped banding, small repeating motifs, and earthy color rhythm.",Shares bold geometric medallions and vibrant red-blue palette with B-alone.,qwen3-vl-235b-a22b-instruct
eval_1450,sample_0311,pair_086,86,2,3,2023,lsda_clean,a Turkish flat-woven kilim,a Serbian Pirot kilim,A,B,1,0,0,0,Matches A’s warm red-orange base palette and simpler horizontal banding structure.,Shares B's dominant blue ground and complex geometric motifs with similar color saturation.,qwen3-vl-235b-a22b-instruct
eval_1060,sample_0311,pair_086,86,2,3,2023,native_SS,a Turkish flat-woven kilim,a Serbian Pirot kilim,A,B,1,0,0,0,"Matches A's warm earth tones, linear banding, and rustic texture.",Shares B's dense geometric motifs and saturated blue-red palette.,qwen3-vl-235b-a22b-instruct
eval_0796,sample_0023,pair_086,86,3,1,3031,lsda_clean,a Turkish flat-woven kilim,a Serbian Pirot kilim,A,B,1,0,0,0,"Matches A’s horizontal banding, diamond motifs, and muted earthy palette with analogous texture.",Shares B's dense geometric borders and central medallion with similar color saturation and motif density.,qwen3-vl-235b-a22b-instruct
eval_1722,sample_0023,pair_086,86,3,1,3031,native_SS,a Turkish flat-woven kilim,a Serbian Pirot kilim,A,B,1,0,0,0,"Matches A’s muted earth tones, faded texture, and looser geometric pattern layout.","Shares B's bold red field, blue border, and dense geometric motifs with similar color saturation.",qwen3-vl-235b-a22b-instruct
eval_1532,sample_0572,pair_086,86,3,2,3032,lsda_clean,a Turkish flat-woven kilim,a Serbian Pirot kilim,A,B,1,0,0,0,"Matches A's earthy palette, striped borders, and muted geometric patterns with similar texture and finish.","Shares B's vibrant color system and bold geometric motifs with saturated reds, blues, and yellows.",qwen3-vl-235b-a22b-instruct
eval_1425,sample_0572,pair_086,86,3,2,3032,native_SS,a Turkish flat-woven kilim,a Serbian Pirot kilim,A,B,1,0,0,0,"Matches A's earthy palette, softer tonal transitions, and intricate small-scale pattern density.",Shares B's vibrant color saturation and bold geometric motifs with high-contrast borders.,qwen3-vl-235b-a22b-instruct
eval_1621,sample_0303,pair_086,86,3,3,3033,lsda_clean,a Turkish flat-woven kilim,a Serbian Pirot kilim,A,B,1,0,0,0,"matches A-alone’s horizontal banding, color palette, and repeating small motifs","shares central medallion, bold blue field, and similar geometric motif density with B-alone",qwen3-vl-235b-a22b-instruct
eval_0339,sample_0303,pair_086,86,3,3,3033,native_SS,a Turkish flat-woven kilim,a Serbian Pirot kilim,A,B,1,0,0,0,matches A-alone’s horizontal striped bands and repeating geometric motifs,shares central diamond medallion and bold blue/red field with B-alone,qwen3-vl-235b-a22b-instruct
eval_0367,sample_0007,pair_087,87,1,1,1011,lsda_clean,a Scottish tartan wool blanket,a Swedish rya wool rug,A,B,1,0,0,0,"matches plaid pattern, color system, and textile weave of A-alone","shares woven texture, geometric motifs, and fringe finish with B-alone",qwen3-vl-235b-a22b-instruct
eval_0707,sample_0007,pair_087,87,1,1,1011,native_SS,a Scottish tartan wool blanket,a Swedish rya wool rug,A,B,1,0,0,0,green plaid pattern with red/white lines matches A-alone's tartan design,blue woven texture with geometric patterns matches B-alone's textile style,qwen3-vl-235b-a22b-instruct
eval_0737,sample_0819,pair_087,87,1,2,1012,lsda_clean,a Scottish tartan wool blanket,a Swedish rya wool rug,A,B,1,0,0,0,"plaid grid, tartan colors, and woven texture match A-alone",horizontal striped pattern and earthy color palette match B-alone,qwen3-vl-235b-a22b-instruct
eval_1228,sample_0819,pair_087,87,1,2,1012,native_SS,a Scottish tartan wool blanket,a Swedish rya wool rug,A,B,1,0,0,0,"plaid pattern with green, red, white lines mirrors A-alone’s structured tartan motif","soft, fluffy texture and neutral tone match B-alone's tactile, earthy finish",qwen3-vl-235b-a22b-instruct
eval_0695,sample_0672,pair_087,87,1,3,1013,lsda_clean,a Scottish tartan wool blanket,a Swedish rya wool rug,A,B,1,0,0,0,green-red plaid pattern and fringe finish directly mirror A-alone's surface design,geometric diamond motif and earthy color palette match B-alone's decorative style,qwen3-vl-235b-a22b-instruct
eval_1639,sample_0672,pair_087,87,1,3,1013,native_SS,a Scottish tartan wool blanket,a Swedish rya wool rug,A,B,1,0,0,0,green-red-black plaid motif and fringed edge directly mirror A-alone's tartan design and finish,monochrome striped pattern with textured weave matches B-alone's horizontal bands and tactile finish,qwen3-vl-235b-a22b-instruct
eval_0843,sample_0188,pair_087,87,2,1,2021,lsda_clean,a Scottish tartan wool blanket,a Swedish rya wool rug,A,B,1,0,0,0,green-red plaid pattern and fringe finish match A-alone,multi-tonal striped weave with soft texture matches B-alone,qwen3-vl-235b-a22b-instruct
eval_1381,sample_0188,pair_087,87,2,1,2021,native_SS,a Scottish tartan wool blanket,a Swedish rya wool rug,A,B,1,0,0,0,plaid grid with fringe and color blocking match A-alone,striped geometric pattern and woven texture match B-alone,qwen3-vl-235b-a22b-instruct
eval_1291,sample_0306,pair_087,87,2,2,2022,lsda_clean,a Scottish tartan wool blanket,a Swedish rya wool rug,A,B,1,0,0,0,green plaid with white and yellow intersecting lines matches A-alone,striped pattern with varied textures and earthy tones matches B-alone,qwen3-vl-235b-a22b-instruct
eval_0958,sample_0306,pair_087,87,2,2,2022,native_SS,a Scottish tartan wool blanket,a Swedish rya wool rug,A,B,1,0,0,0,plaid motif with intersecting colored bands and fringe matches A-alone’s tartan structure and color system,striped pattern with woven texture and fringed edge matches B-alone's horizontal bands and tactile weave,qwen3-vl-235b-a22b-instruct
eval_1590,sample_0655,pair_087,87,2,3,2023,lsda_clean,a Scottish tartan wool blanket,a Swedish rya wool rug,A,B,1,0,0,0,shares A-alone's tartan plaid pattern and green-red-white color system,matches B-alone's horizontal striped texture and warm color palette,qwen3-vl-235b-a22b-instruct
eval_1001,sample_0655,pair_087,87,2,3,2023,native_SS,a Scottish tartan wool blanket,a Swedish rya wool rug,A,B,1,0,0,0,plaid pattern and green/red/white color scheme match A-alone,horizontal striped texture and earthy color palette match B-alone,qwen3-vl-235b-a22b-instruct
eval_1570,sample_0035,pair_087,87,3,1,3031,lsda_clean,a Scottish tartan wool blanket,a Swedish rya wool rug,A,B,1,0,0,0,plaid pattern and fringe finish match A-alone,abstract geometric motifs and woven texture match B-alone,qwen3-vl-235b-a22b-instruct
eval_1638,sample_0035,pair_087,87,3,1,3031,native_SS,a Scottish tartan wool blanket,a Swedish rya wool rug,A,A,0,1,1,0,Plaid motif and color palette align with A-alone’s surface design.,Plaid pattern and fringed edge match A-alone’s textile style.,qwen3-vl-235b-a22b-instruct
eval_0431,sample_0348,pair_087,87,3,2,3032,lsda_clean,a Scottish tartan wool blanket,a Swedish rya wool rug,A,B,1,0,0,0,shares tartan plaid pattern and color palette with A-alone,features geometric diamond motif and fringed edge like B-alone,qwen3-vl-235b-a22b-instruct
eval_0606,sample_0348,pair_087,87,3,2,3032,native_SS,a Scottish tartan wool blanket,a Swedish rya wool rug,A,B,1,0,0,0,Green-red-white plaid pattern and fringed edge closely match A-alone’s tartan design and material impression.,Horizontal striped pattern with earthy tones and woven texture matches B-alone's geometric motif and textile finish.,qwen3-vl-235b-a22b-instruct
eval_1093,sample_0893,pair_087,87,3,3,3033,lsda_clean,a Scottish tartan wool blanket,a Swedish rya wool rug,A,B,1,0,0,0,Plaid pattern and green/blue color system align with A-alone's surface design.,Textured weave and earthy color palette match B-alone's material impression.,qwen3-vl-235b-a22b-instruct
eval_0821,sample_0893,pair_087,87,3,3,3033,native_SS,a Scottish tartan wool blanket,a Swedish rya wool rug,A,B,1,0,0,0,Green plaid pattern with white and yellow lines matches A-alone's color system and motif.,Horizontal striped weave and fringed edge match B-alone's texture and finish.,qwen3-vl-235b-a22b-instruct
eval_1547,sample_0412,pair_088,88,1,1,1011,lsda_clean,a Navajo wool rug,a Kyrgyz shyrdak felt rug,A,B,1,0,0,0,matches geometric zigzag patterns and earthy red/white/black palette of A-alone,shares floral motifs and blue-red-orange color system with B-alone,qwen3-vl-235b-a22b-instruct
eval_1371,sample_0412,pair_088,88,1,1,1011,native_SS,a Navajo wool rug,a Kyrgyz shyrdak felt rug,B,A,0,1,1,1,"Matches B-alone’s floral medallion, blue field, and ornamental border style.",Shares bold geometric motifs and red/cream/black color system with A-alone.,qwen3-vl-235b-a22b-instruct
eval_0819,sample_0538,pair_088,88,1,2,1012,lsda_clean,a Navajo wool rug,a Kyrgyz shyrdak felt rug,A,B,1,0,0,0,"matches A-alone’s earth-tone palette, stepped diamond motif, and striped border","shares red field, blue/white geometric motifs, and border pattern with B-alone",qwen3-vl-235b-a22b-instruct
eval_0772,sample_0538,pair_088,88,1,2,1012,native_SS,a Navajo wool rug,a Kyrgyz shyrdak felt rug,A,B,1,0,0,0,"dominant angular zigzag and stepped diamond motifs in muted earth tones, matching A-alone’s geometric structure and palette","rich red field with complex geometric and curvilinear motifs, similar to B-alone's ornate pattern and color density",qwen3-vl-235b-a22b-instruct
eval_1195,sample_0451,pair_088,88,1,3,1013,lsda_clean,a Navajo wool rug,a Kyrgyz shyrdak felt rug,A,B,1,0,0,0,"mirrors A's horizontal banding, geometric shapes, and earthy color palette",shares B's central medallion motif and floral border ornamentation,qwen3-vl-235b-a22b-instruct
eval_1702,sample_0451,pair_088,88,1,3,1013,native_SS,a Navajo wool rug,a Kyrgyz shyrdak felt rug,B,A,0,1,1,1,"Matches B's vibrant blue field, floral border elements, and central medallion structure.","Shares A's earthy reds, browns, and geometric zigzag motifs with flat woven texture.",qwen3-vl-235b-a22b-instruct
eval_0063,sample_0364,pair_088,88,2,1,2021,lsda_clean,a Navajo wool rug,a Kyrgyz shyrdak felt rug,A,B,1,0,0,0,"matches A-alone’s geometric diamond, striped bands, and neutral color palette","shares red field, floral medallion, and ornate border motifs with B-alone",qwen3-vl-235b-a22b-instruct
eval_1457,sample_0364,pair_088,88,2,1,2021,native_SS,a Navajo wool rug,a Kyrgyz shyrdak felt rug,B,A,0,1,1,1,"Displays floral medallion and curvilinear forms with rich red-blue palette, matching B-alone’s ornamental style.","Shares geometric zigzag and stepped motifs with A-alone, using similar earthy reds, creams, and grays.",qwen3-vl-235b-a22b-instruct
eval_0789,sample_0030,pair_088,88,2,2,2022,lsda_clean,a Navajo wool rug,a Kyrgyz shyrdak felt rug,A,B,1,0,0,0,neutral gray-beige field with bold black/white/red diamond and stepped borders like A-alone,rich red base with complex geometric motifs and multicolor accents like B-alone,qwen3-vl-235b-a22b-instruct
eval_0611,sample_0030,pair_088,88,2,2,2022,native_SS,a Navajo wool rug,a Kyrgyz shyrdak felt rug,B,A,0,1,1,1,"Matches B's dense maze-like pattern, saturated red field, and multicolor ornamental finish.","Shares A's geometric diamond motif, red/white/black palette, and striped border texture.",qwen3-vl-235b-a22b-instruct
eval_1143,sample_0552,pair_088,88,2,3,2023,lsda_clean,a Navajo wool rug,a Kyrgyz shyrdak felt rug,A,B,1,0,0,0,matches A-alone’s geometric zigzag patterns and grayscale/red color blocking,"shares red field, blue border, and floral/curvilinear motifs with B-alone",qwen3-vl-235b-a22b-instruct
eval_0896,sample_0552,pair_088,88,2,3,2023,native_SS,a Navajo wool rug,a Kyrgyz shyrdak felt rug,B,A,0,1,1,1,"Matches B-alone’s dense floral/medallion motifs, color palette, and ornamental complexity.","Shares red field, geometric diamond motifs, and similar border patterns with A-alone.",qwen3-vl-235b-a22b-instruct
eval_0287,sample_0734,pair_088,88,3,1,3031,lsda_clean,a Navajo wool rug,a Kyrgyz shyrdak felt rug,A,B,1,0,0,0,matches A-alone’s geometric zigzag patterns and earthy color palette,"shares red field, floral motifs, and ornate central medallion with B-alone",qwen3-vl-235b-a22b-instruct
eval_1215,sample_0734,pair_088,88,3,1,3031,native_SS,a Navajo wool rug,a Kyrgyz shyrdak felt rug,B,A,0,1,1,1,"Matches rich red field, ornate medallion design, and floral/zoomorphic motifs.",Shared neutral beige base and geometric motifs with fringed edges.,qwen3-vl-235b-a22b-instruct
eval_0139,sample_0186,pair_088,88,3,2,3032,lsda_clean,a Navajo wool rug,a Kyrgyz shyrdak felt rug,A,B,1,0,0,0,matches A's bold angular zigzag patterns and limited earthy color scheme,shares B's dense geometric motifs and red/blue/cream color palette with ornate borders,qwen3-vl-235b-a22b-instruct
eval_0904,sample_0186,pair_088,88,3,2,3032,native_SS,a Navajo wool rug,a Kyrgyz shyrdak felt rug,B,A,0,1,1,1,"Matches B-alone’s ornate central medallion, floral corner motifs, and blue-red color scheme.",Shares bold red-black-white palette and angular geometric motifs with A-alone.,qwen3-vl-235b-a22b-instruct
eval_1583,sample_0037,pair_088,88,3,3,3033,lsda_clean,a Navajo wool rug,a Kyrgyz shyrdak felt rug,A,B,1,0,0,0,"mirrors A-alone’s color palette, stepped diamond motif, and fringe finish","shares red field, blue geometric motifs, and dense border patterns with B-alone",qwen3-vl-235b-a22b-instruct
eval_0523,sample_0037,pair_088,88,3,3,3033,native_SS,a Navajo wool rug,a Kyrgyz shyrdak felt rug,A,B,1,0,0,0,matches A-alone’s bold angular patterns and red/gray/cream palette,shares dense geometric motifs and red/blue color system with B-alone,qwen3-vl-235b-a22b-instruct
eval_1177,sample_0269,pair_089,89,1,1,1011,lsda_clean,a Persian floral carpet,a Tibetan khaden carpet,A,B,1,0,0,0,"mirrors A's dominant red field, central medallion design, and similar floral texture",shares B's dense border motifs and vibrant multicolor palette with orange/red accents,qwen3-vl-235b-a22b-instruct
eval_0646,sample_0269,pair_089,89,1,1,1011,native_SS,a Persian floral carpet,a Tibetan khaden carpet,A,B,1,0,0,0,"matches A-alone’s vibrant red field, floral medallion, and ornate border patterns",shares dense geometric motifs and muted earth-tone palette with B-alone,qwen3-vl-235b-a22b-instruct
eval_0359,sample_0881,pair_089,89,1,2,1012,lsda_clean,a Persian floral carpet,a Tibetan khaden carpet,A,B,1,0,0,0,"matches A's dense floral-medallion pattern, deep red field, and dark ornate borders",shares B's blocky geometric motifs and muted peach-pink field with border medallions,qwen3-vl-235b-a22b-instruct
eval_0479,sample_0881,pair_089,89,1,2,1012,native_SS,a Persian floral carpet,a Tibetan khaden carpet,A,B,1,0,0,0,"dense floral medallion pattern with rich red and blue palette, mirroring A-alone's ornate motifs","plain beige field with subtle texture and minimal ornament, matching B-alone's minimalist finish",qwen3-vl-235b-a22b-instruct
eval_0792,sample_0452,pair_089,89,1,3,1013,lsda_clean,a Persian floral carpet,a Tibetan khaden carpet,A,B,1,0,0,0,"matches A's deep red field, dense floral patterns, and dark ornate borders","shares B's pink field, blue border, and medallion-in-square motif structure",qwen3-vl-235b-a22b-instruct
eval_1361,sample_0452,pair_089,89,1,3,1013,native_SS,a Persian floral carpet,a Tibetan khaden carpet,A,B,1,0,0,0,matches A's deep red ground and dense floral vine motifs,shares B's coral field color and structured medallion layout,qwen3-vl-235b-a22b-instruct
eval_0040,sample_0448,pair_089,89,2,1,2021,lsda_clean,a Persian floral carpet,a Tibetan khaden carpet,A,B,1,0,0,0,"matches A-alone’s deep red ground, floral patterns, and ornate border design","shares red field, blue central medallion, and border motifs with B-alone",qwen3-vl-235b-a22b-instruct
eval_1454,sample_0448,pair_089,89,2,1,2021,native_SS,a Persian floral carpet,a Tibetan khaden carpet,B,A,0,1,1,1,mirrors the faded pastel field and subtle border pattern of B-alone,shares dense floral motifs and deep red/cream color palette with A-alone,qwen3-vl-235b-a22b-instruct
eval_0442,sample_0161,pair_089,89,2,2,2022,lsda_clean,a Persian floral carpet,a Tibetan khaden carpet,A,B,1,0,0,0,"matches A's central medallion, red field, and floral border motifs",shares B's geometric panel layout and blue-orange color system,qwen3-vl-235b-a22b-instruct
eval_0797,sample_0161,pair_089,89,2,2,2022,native_SS,a Persian floral carpet,a Tibetan khaden carpet,B,A,0,1,1,1,"Matches B-alone’s symmetrical geometric pattern, color palette of blue/orange/red, and central panel layout.","Shares deep red field, intricate floral medallion, and similar border motifs with A-alone.",qwen3-vl-235b-a22b-instruct
eval_1647,sample_0038,pair_089,89,2,3,2023,lsda_clean,a Persian floral carpet,a Tibetan khaden carpet,A,B,1,0,0,0,"Matches A's dense floral medallion, color palette, and ornamental complexity.","Shares B's field color, border pattern density, and faded texture.",qwen3-vl-235b-a22b-instruct
eval_0914,sample_0038,pair_089,89,2,3,2023,native_SS,a Persian floral carpet,a Tibetan khaden carpet,B,A,0,1,1,1,Mirrors B-alone’s geometric border pattern and color blocking.,Shares dense floral motifs and red-dominant palette with A-alone.,qwen3-vl-235b-a22b-instruct
eval_1132,sample_0181,pair_089,89,3,1,3031,lsda_clean,a Persian floral carpet,a Tibetan khaden carpet,A,B,1,0,0,0,matches deep red ground and dense geometric border pattern of A-alone,shares warm orange-red field and floral medallion motifs with B-alone,qwen3-vl-235b-a22b-instruct
eval_0138,sample_0181,pair_089,89,3,1,3031,native_SS,a Persian floral carpet,a Tibetan khaden carpet,A,B,1,0,0,0,matches deep red field and dense geometric border pattern of A-alone,shares warm red-orange field and floral medallion motifs with B-alone,qwen3-vl-235b-a22b-instruct
eval_0873,sample_0547,pair_089,89,3,2,3032,lsda_clean,a Persian floral carpet,a Tibetan khaden carpet,A,B,1,0,0,0,"Matches A's dense floral medallion, intricate border motifs, and rich red-blue tonal harmony.",Shares B's blocky geometric pattern and saturated blue-red palette with flat color fields.,qwen3-vl-235b-a22b-instruct
eval_0167,sample_0547,pair_089,89,3,2,3032,native_SS,a Persian floral carpet,a Tibetan khaden carpet,B,A,0,1,1,1,"plain red field with simple geometric border and lighter background tones, mirroring B-alone's minimalism and color contrast","rich red field with dense floral motifs and dark border, matching A-alone's ornate pattern and color depth",qwen3-vl-235b-a22b-instruct
eval_0793,sample_0898,pair_089,89,3,3,3033,lsda_clean,a Persian floral carpet,a Tibetan khaden carpet,A,B,1,0,0,0,"matches A's deep red field, dense floral medallion, and dark ornate border texture","shares B's muted beige ground, geometric border motifs, and faded patina finish",qwen3-vl-235b-a22b-instruct
eval_1523,sample_0898,pair_089,89,3,3,3033,native_SS,a Persian floral carpet,a Tibetan khaden carpet,A,B,1,0,0,0,"matches A's dense floral motifs, deep red field, and ornate border pattern","shares B's distressed, faded finish and color saturation with dominant red-orange border",qwen3-vl-235b-a22b-instruct
eval_0423,sample_0116,pair_090,90,1,1,1011,lsda_clean,a Moroccan geometric wool rug,an Afghan Baluch wool rug,A,B,1,0,0,0,blue-and-white angular patterns with striped bands echoing A-alone's design language,deep red field with intricate geometric medallions and border motifs matching B-alone,qwen3-vl-235b-a22b-instruct
eval_0593,sample_0116,pair_090,90,1,1,1011,native_SS,a Moroccan geometric wool rug,an Afghan Baluch wool rug,A,B,1,0,0,0,blue and cream abstract geometric patterns with striped texture and fringe echoing A-alone's material impression and motif style,rich red field with intricate geometric medallions and border motifs matching B-alone's ornamental density and color palette,qwen3-vl-235b-a22b-instruct
eval_0625,sample_0326,pair_090,90,1,2,1012,lsda_clean,a Moroccan geometric wool rug,an Afghan Baluch wool rug,A,B,1,0,0,0,"off-white ground with black linear diamond patterns and fringed edges mirrors A-alone’s minimalist, earthy texture and motif","rich red/blue palette and dense geometric floral motifs match B-alone’s ornate, saturated surface style",qwen3-vl-235b-a22b-instruct
eval_0981,sample_0326,pair_090,90,1,2,1012,native_SS,a Moroccan geometric wool rug,an Afghan Baluch wool rug,A,A,0,1,1,0,"Matches A-alone’s monochrome palette, geometric diamond patterns, and distressed woven texture.","Shared off-white ground, black linear motifs, and fringed edges with low pile texture.",qwen3-vl-235b-a22b-instruct
eval_1645,sample_0296,pair_090,90,1,3,1013,lsda_clean,a Moroccan geometric wool rug,an Afghan Baluch wool rug,A,B,1,0,0,0,"Matches A-alone’s palette of cream and teal, linear banding, and angular geometric patterns.","Shares deep red ground, dense geometric borders, and ornate central medallion motifs with B-alone.",qwen3-vl-235b-a22b-instruct
eval_0540,sample_0296,pair_090,90,1,3,1013,native_SS,a Moroccan geometric wool rug,an Afghan Baluch wool rug,A,A,0,1,1,0,"Matches A's linear motifs and flat, woven texture.",Shares A's monochrome palette and geometric line work.,qwen3-vl-235b-a22b-instruct
eval_0800,sample_0505,pair_090,90,2,1,2021,lsda_clean,a Moroccan geometric wool rug,an Afghan Baluch wool rug,A,B,1,0,0,0,"soft off-white ground with striped, abstracted diamond patterns matches A-alone",rich red/blue palette and dense geometric motifs match B-alone,qwen3-vl-235b-a22b-instruct
eval_0999,sample_0505,pair_090,90,2,1,2021,native_SS,a Moroccan geometric wool rug,an Afghan Baluch wool rug,A,A,0,1,1,0,matches A's minimalist black-on-cream pattern and flat weave texture,shares A's monochrome palette and geometric line work,qwen3-vl-235b-a22b-instruct
eval_1320,sample_0185,pair_090,90,2,2,2022,lsda_clean,a Moroccan geometric wool rug,an Afghan Baluch wool rug,A,B,1,0,0,0,beige ground with black linear patterns and sparse color echoes A-alone,rich red/blue palette and dense geometric motifs match B-alone,qwen3-vl-235b-a22b-instruct
eval_1644,sample_0185,pair_090,90,2,2,2022,native_SS,a Moroccan geometric wool rug,an Afghan Baluch wool rug,A,A,0,1,1,0,"Matches A's neutral palette, linear patterns, and fringed edge finish.","Shares A's off-white ground, black geometric motifs, and coarse woven texture.",qwen3-vl-235b-a22b-instruct
eval_1263,sample_0519,pair_090,90,2,3,2023,lsda_clean,a Moroccan geometric wool rug,an Afghan Baluch wool rug,A,B,1,0,0,0,"Striped layout with abstract geometric patterns and soft pastel accents aligns with A-alone’s loose, colorful banding style.",Deep red field with geometric medallions and dense border motifs match B-alone’s ornamental density and color palette.,qwen3-vl-235b-a22b-instruct
eval_1347,sample_0519,pair_090,90,2,3,2023,native_SS,a Moroccan geometric wool rug,an Afghan Baluch wool rug,A,B,1,0,0,0,bold angular patterns and color blocking resemble A-alone,rich red/blue palette and dense geometric motifs match B-alone,qwen3-vl-235b-a22b-instruct
eval_1633,sample_0285,pair_090,90,3,1,3031,lsda_clean,a Moroccan geometric wool rug,an Afghan Baluch wool rug,A,B,1,0,0,0,beige ground with black linear patterns mirrors A-alone’s texture and design,rich red/blue palette and dense geometric motifs match B-alone,qwen3-vl-235b-a22b-instruct
eval_0335,sample_0285,pair_090,90,3,1,3031,native_SS,a Moroccan geometric wool rug,an Afghan Baluch wool rug,A,A,0,1,1,0,"matches A's earthy color palette, geometric patterns, and fringed border finish","shares A's neutral beige base, loose black line motifs, and low-pile texture",qwen3-vl-235b-a22b-instruct
eval_0645,sample_0830,pair_090,90,3,2,3032,lsda_clean,a Moroccan geometric wool rug,an Afghan Baluch wool rug,A,B,1,0,0,0,cream ground with large diamond lozenges and pink/blue accents mirroring A-alone,deep red field with dense geometric medallions and border motifs matching B-alone,qwen3-vl-235b-a22b-instruct
eval_0931,sample_0830,pair_090,90,3,2,3032,native_SS,a Moroccan geometric wool rug,an Afghan Baluch wool rug,A,B,1,0,0,0,soft pastel palette with diamond medallion and stepped borders echoing A-alone,rich red field with dense geometric motifs and border patterns matching B-alone,qwen3-vl-235b-a22b-instruct
eval_0696,sample_0636,pair_090,90,3,3,3033,lsda_clean,a Moroccan geometric wool rug,an Afghan Baluch wool rug,A,B,1,0,0,0,Cream ground with multicolored diamond lattices and tribal patterns mirroring A-alone.,Deep red field with dense geometric medallions and border motifs matching B-alone.,qwen3-vl-235b-a22b-instruct
eval_0762,sample_0636,pair_090,90,3,3,3033,native_SS,a Moroccan geometric wool rug,an Afghan Baluch wool rug,A,A,0,1,1,0,"Matches A's off-white ground, bold black linear patterns, and minimalist tribal texture.","Shares A's light cream base, geometric diamond motifs, and black linear ornamentation.",qwen3-vl-235b-a22b-instruct
eval_1719,sample_0352,pair_091,91,1,1,1011,lsda_clean,a Venetian Murano glass vase,a Palestinian Hebron blown-glass vase,A,B,1,0,0,0,vertical blue stripes on white ground match A-alone,blue-green gradient with speckled texture matches B-alone,qwen3-vl-235b-a22b-instruct
eval_1743,sample_0352,pair_091,91,1,1,1011,native_SS,a Venetian Murano glass vase,a Palestinian Hebron blown-glass vase,A,B,1,0,0,0,"Both exhibit smooth, striped vertical motifs with high-gloss finish and similar color saturation.","Both feature mottled, speckled surface texture with greenish-blue tones.",qwen3-vl-235b-a22b-instruct
eval_1040,sample_0286,pair_091,91,1,2,1012,lsda_clean,a Venetian Murano glass vase,a Palestinian Hebron blown-glass vase,A,B,1,0,0,0,mirrors wavy rim and vertical striation pattern of A-alone,shares teal-green gradient and marbled texture with B-alone,qwen3-vl-235b-a22b-instruct
eval_0160,sample_0286,pair_091,91,1,2,1012,native_SS,a Venetian Murano glass vase,a Palestinian Hebron blown-glass vase,B,A,0,1,1,1,"Swirling teal and amber tones with layered texture resemble B-alone’s patterned, marbled glass surface.","Smooth, translucent green glass with subtle internal striations matches A-alone’s material and finish.",qwen3-vl-235b-a22b-instruct
eval_1180,sample_0561,pair_091,91,1,3,1013,lsda_clean,a Venetian Murano glass vase,a Palestinian Hebron blown-glass vase,A,B,1,0,0,0,"Vibrant blue with vertical ribbing and ruffled rim mirrors A-alone’s glossy, sculpted surface treatment.","Green glass with embedded speckles and mottled texture matches B-alone’s aged, impure finish.",qwen3-vl-235b-a22b-instruct
eval_1113,sample_0561,pair_091,91,1,3,1013,native_SS,a Venetian Murano glass vase,a Palestinian Hebron blown-glass vase,A,B,1,0,0,0,"Vibrant blue with vertical ribbing and glossy finish mirrors A-alone’s polished, ridged surface.",Green glass with subtle striations and matte finish matches B-alone’s aged texture and muted tone.,qwen3-vl-235b-a22b-instruct
eval_1098,sample_0092,pair_091,91,2,1,2021,lsda_clean,a Venetian Murano glass vase,a Palestinian Hebron blown-glass vase,A,B,1,0,0,0,"The left entity in Candidate AB mirrors A-alone’s vertical ribbing, blue-green gradient, and smooth glossy finish.","The right entity in Candidate AB shares the mottled, bubbly texture and turquoise coloration with B-alone.",qwen3-vl-235b-a22b-instruct
eval_0651,sample_0092,pair_091,91,2,1,2021,native_SS,a Venetian Murano glass vase,a Palestinian Hebron blown-glass vase,B,A,0,1,1,1,"Teal color and smooth, subtly ribbed surface resemble B-alone’s teal base and fluid texture.",Green hue and speckled texture match A-alone's green vertical stripes and mottled finish.,qwen3-vl-235b-a22b-instruct
eval_1125,sample_0398,pair_091,91,2,2,2022,lsda_clean,a Venetian Murano glass vase,a Palestinian Hebron blown-glass vase,A,B,1,0,0,0,"Ruffled rim, vertical stripes, and gold accents mirror A-alone’s decorative technique and finish.",Green base with dark striations matches B-alone’s color system and texture.,qwen3-vl-235b-a22b-instruct
eval_1174,sample_0398,pair_091,91,2,2,2022,native_SS,a Venetian Murano glass vase,a Palestinian Hebron blown-glass vase,A,B,1,0,0,0,Ruffled rim and striped yellow-green finish mirror A-alone’s surface style.,Green glass with dark striations matches B-alone’s color and texture.,qwen3-vl-235b-a22b-instruct
eval_0097,sample_0856,pair_091,91,2,3,2023,lsda_clean,a Venetian Murano glass vase,a Palestinian Hebron blown-glass vase,A,B,1,0,0,0,"Fluted, amber-tinted rim and vertical striations mirror A-alone’s decorative finish.",Green glass with linear internal texture matches B-alone's material and pattern.,qwen3-vl-235b-a22b-instruct
eval_0839,sample_0856,pair_091,91,2,3,2023,native_SS,a Venetian Murano glass vase,a Palestinian Hebron blown-glass vase,B,B,0,1,0,1,Smooth glossy blue-green surface shares color tone and sheen with B-alone.,Green glass with textured surface matches B-alone's material and finish.,qwen3-vl-235b-a22b-instruct
eval_1165,sample_0446,pair_091,91,3,1,3031,lsda_clean,a Venetian Murano glass vase,a Palestinian Hebron blown-glass vase,A,B,1,0,0,0,Vertical yellow streaks and fluted rim align with A-alone’s surface motifs.,Mottled green-blue texture and speckled finish match B-alone.,qwen3-vl-235b-a22b-instruct
eval_0014,sample_0446,pair_091,91,3,1,3031,native_SS,a Venetian Murano glass vase,a Palestinian Hebron blown-glass vase,B,A,0,1,1,1,matches B-alone’s solid green color and smooth glossy finish,shares yellow/white striped pattern and mottled texture with A-alone,qwen3-vl-235b-a22b-instruct
eval_1015,sample_0677,pair_091,91,3,2,3032,lsda_clean,a Venetian Murano glass vase,a Palestinian Hebron blown-glass vase,A,B,1,0,0,0,Yellow-green striped texture and orange handles match A-alone.,Green textured surface with mottled pattern matches B-alone.,qwen3-vl-235b-a22b-instruct
eval_0195,sample_0677,pair_091,91,3,2,3032,native_SS,a Venetian Murano glass vase,a Palestinian Hebron blown-glass vase,B,A,0,1,1,1,"Matches B-alone’s solid green hue and vertical striation pattern, differing from A-alone’s multicolor weave.","Shares warm gradient tones and glossy finish with A-alone, unlike B-alone's uniform green texture.",qwen3-vl-235b-a22b-instruct
eval_0080,sample_0141,pair_091,91,3,3,3033,lsda_clean,a Venetian Murano glass vase,a Palestinian Hebron blown-glass vase,A,B,1,0,0,0,Vertical striped blue-yellow glass finish and motif align with A-alone’s surface decoration.,Green and yellow streaked glass texture matches B-alone's color system and surface pattern.,qwen3-vl-235b-a22b-instruct
eval_0760,sample_0141,pair_091,91,3,3,3033,native_SS,a Venetian Murano glass vase,a Palestinian Hebron blown-glass vase,B,A,0,1,1,1,Matches B-alone’s warm amber-orange swirls and speckled mottling pattern.,Shares vertical striated texture and cool blue-green gradient with A-alone.,qwen3-vl-235b-a22b-instruct
eval_1770,sample_0454,pair_092,92,1,1,1011,lsda_clean,a Bohemian cut-glass vase,a Czech Železný Brod art-glass vase,A,B,1,0,0,0,etched floral motifs and clear glass finish match A-alone,blue and white striped glass texture matches B-alone,qwen3-vl-235b-a22b-instruct
eval_0198,sample_0454,pair_092,92,1,1,1011,native_SS,a Bohemian cut-glass vase,a Czech Železný Brod art-glass vase,A,B,1,0,0,0,etched floral motifs and clear crystal texture match A-alone's decorative technique,blue streaked glass with iridescent finish matches B-alone's surface style,qwen3-vl-235b-a22b-instruct
eval_0750,sample_0156,pair_092,92,1,2,1012,lsda_clean,a Bohemian cut-glass vase,a Czech Železný Brod art-glass vase,A,B,1,0,0,0,etched floral motifs on red glass resemble A-alone's engraved patterns and decorative technique,swirling green-blue glass with fluid texture matches B-alone's material and finish,qwen3-vl-235b-a22b-instruct
eval_0035,sample_0156,pair_092,92,1,2,1012,native_SS,a Bohemian cut-glass vase,a Czech Železný Brod art-glass vase,A,B,1,0,0,0,Clear glass with engraved floral motifs and cut patterns mirrors A-alone’s decorative technique.,Green-blue gradient with fluid swirls matches B-alone's color system and organic texture.,qwen3-vl-235b-a22b-instruct
eval_0088,sample_0503,pair_092,92,1,3,1013,lsda_clean,a Bohemian cut-glass vase,a Czech Železný Brod art-glass vase,A,B,1,0,0,0,Blue cut-glass with crisp floral motifs and etched ornamentation mirrors A-alone’s decorative technique.,"Green glass with fluid, swirled texture and organic finish matches B-alone’s material impression.",qwen3-vl-235b-a22b-instruct
eval_1487,sample_0503,pair_092,92,1,3,1013,native_SS,a Bohemian cut-glass vase,a Czech Železný Brod art-glass vase,A,B,1,0,0,0,Blue glass with crisp engraved floral motifs and geometric detailing mirrors A-alone's ornamental finish.,"Green glass with fluid, organic texture and blended color gradients matches B-alone's style.",qwen3-vl-235b-a22b-instruct
eval_0893,sample_0164,pair_092,92,2,1,2021,lsda_clean,a Bohemian cut-glass vase,a Czech Železný Brod art-glass vase,A,B,1,0,0,0,etched floral motifs and clear-cut texture match A-alone,swirling multicolor glass with iridescent finish like B-alone,qwen3-vl-235b-a22b-instruct
eval_0753,sample_0164,pair_092,92,2,1,2021,native_SS,a Bohemian cut-glass vase,a Czech Železný Brod art-glass vase,A,B,1,0,0,0,clear cut-glass with geometric starburst and leaf motifs mirrors A-alone's engraved decorative technique and crisp finish,yellow-green marbled glass with floral etching matches B-alone's fluid color blending and organic texture,qwen3-vl-235b-a22b-instruct
eval_0845,sample_0840,pair_092,92,2,2,2022,lsda_clean,a Bohemian cut-glass vase,a Czech Železný Brod art-glass vase,A,B,1,0,0,0,clear crystal with engraved floral motifs and geometric cuts matches A-alone,swirling green-yellow glass with organic texture matches B-alone,qwen3-vl-235b-a22b-instruct
eval_0503,sample_0840,pair_092,92,2,2,2022,native_SS,a Bohemian cut-glass vase,a Czech Železný Brod art-glass vase,A,B,1,0,0,0,"Both feature precise geometric cut crystal patterns on clear glass, matching A's technique.","Shared marbled green-yellow glass texture and organic flow, unlike A's crisp cut crystal.",qwen3-vl-235b-a22b-instruct
eval_0516,sample_0575,pair_092,92,2,3,2023,lsda_clean,a Bohemian cut-glass vase,a Czech Železný Brod art-glass vase,A,B,1,0,0,0,Intricate etched floral motifs and clear glass texture align with A-alone's decorative technique.,"Green gradient glaze and smooth, unetched surface match B-alone's material and finish.",qwen3-vl-235b-a22b-instruct
eval_1050,sample_0575,pair_092,92,2,3,2023,native_SS,a Bohemian cut-glass vase,a Czech Železný Brod art-glass vase,A,B,1,0,0,0,Intricate etched floral motifs and transparent clarity align with A-alone’s decorative technique and texture.,"Amber-green gradient and smooth, glossy finish match B-alone’s material impression and color system.",qwen3-vl-235b-a22b-instruct
eval_0109,sample_0637,pair_092,92,3,1,3031,lsda_clean,a Bohemian cut-glass vase,a Czech Železný Brod art-glass vase,A,B,1,0,0,0,"Matched cut crystal technique, geometric motifs, and transparent clarity.",Shared iridescent green-yellow glass with fluid color swirls and glossy finish.,qwen3-vl-235b-a22b-instruct
eval_1127,sample_0637,pair_092,92,3,1,3031,native_SS,a Bohemian cut-glass vase,a Czech Železný Brod art-glass vase,A,B,1,0,0,0,Clear cut crystal with geometric and foliate engraving matches A-alone's material and decorative technique.,Green iridescent glass with floral overlay matches B-alone's color and surface treatment.,qwen3-vl-235b-a22b-instruct
eval_0266,sample_0290,pair_092,92,3,2,3032,lsda_clean,a Bohemian cut-glass vase,a Czech Železný Brod art-glass vase,B,A,0,1,1,1,"Matches B-alone’s green/yellow gradient, painted flowers, and ribbed texture.",Shares amber glass with white floral etching and scalloped rim like A-alone.,qwen3-vl-235b-a22b-instruct
eval_0941,sample_0290,pair_092,92,3,2,3032,native_SS,a Bohemian cut-glass vase,a Czech Železný Brod art-glass vase,B,A,0,1,1,1,Same green glass with relief floral motifs and gradient finish as B-alone.,Same amber glass with white floral etching as A-alone.,qwen3-vl-235b-a22b-instruct
eval_0403,sample_0176,pair_092,92,3,3,3033,lsda_clean,a Bohemian cut-glass vase,a Czech Železný Brod art-glass vase,A,B,1,0,0,0,etched floral motifs and clear-cut finish match A-alone,swirled multicolor glass texture matches B-alone,qwen3-vl-235b-a22b-instruct
eval_1322,sample_0176,pair_092,92,3,3,3033,native_SS,a Bohemian cut-glass vase,a Czech Železný Brod art-glass vase,A,B,1,0,0,0,Clear cut-glass with geometric and floral motifs mirrors A-alone’s engraved patterns and crisp finish.,Green glass with vertical striations and wavy rim matches B-alone's fluid color blending and texture.,qwen3-vl-235b-a22b-instruct
eval_0832,sample_0275,pair_093,93,1,1,1011,lsda_clean,a Venetian millefiori glass-bead necklace,a Ghanaian Krobo powder-glass-bead necklace,A,B,1,0,0,0,vibrant multicolor mosaic patterns and glossy finish match A-alone,matte turquoise texture with carved geometric motifs matches B-alone,qwen3-vl-235b-a22b-instruct
eval_0493,sample_0275,pair_093,93,1,1,1011,native_SS,a Venetian millefiori glass-bead necklace,a Ghanaian Krobo powder-glass-bead necklace,B,A,0,1,1,1,"Matches turquoise color, carved texture, and matte finish of B-alone.",Shares vibrant millefiori patterns and glossy finish with A-alone.,qwen3-vl-235b-a22b-instruct
eval_0347,sample_0481,pair_093,93,1,2,1012,lsda_clean,a Venetian millefiori glass-bead necklace,a Ghanaian Krobo powder-glass-bead necklace,A,B,1,0,0,0,"Glossy, multicolored millefiori motifs and polished glass surface align with A-alone.",Textured matte beads with earthy tones and carved patterns match B-alone's surface finish.,qwen3-vl-235b-a22b-instruct
eval_1478,sample_0481,pair_093,93,1,2,1012,native_SS,a Venetian millefiori glass-bead necklace,a Ghanaian Krobo powder-glass-bead necklace,A,B,1,0,0,0,vibrant millefiori patterns and glossy finish match A-alone,matte earthy tones and carved texture match B-alone,qwen3-vl-235b-a22b-instruct
eval_1790,sample_0232,pair_093,93,1,3,1013,lsda_clean,a Venetian millefiori glass-bead necklace,a Ghanaian Krobo powder-glass-bead necklace,A,B,1,0,0,0,"Glossy multicolored floral millefiori beads match A-alone’s vibrant, patterned surface finish.",Textured matte yellow beads with carved geometric patterns match B-alone’s surface style.,qwen3-vl-235b-a22b-instruct
eval_0939,sample_0232,pair_093,93,1,3,1013,native_SS,a Venetian millefiori glass-bead necklace,a Ghanaian Krobo powder-glass-bead necklace,A,B,1,0,0,0,vibrant floral millefiori pattern and glossy finish match A-alone,matte carved texture and earthy yellow tone match B-alone,qwen3-vl-235b-a22b-instruct
eval_0229,sample_0302,pair_093,93,2,1,2021,lsda_clean,a Venetian millefiori glass-bead necklace,a Ghanaian Krobo powder-glass-bead necklace,A,B,1,0,0,0,Colorful floral mosaic patterns on glossy beads match A-alone's decorative technique.,Textured turquoise beads with matte finish match B-alone's surface style.,qwen3-vl-235b-a22b-instruct
eval_0937,sample_0302,pair_093,93,2,1,2021,native_SS,a Venetian millefiori glass-bead necklace,a Ghanaian Krobo powder-glass-bead necklace,B,A,0,1,1,1,textured turquoise beads with woven accents match B-alone,dense floral millefiori pattern and glossy finish match A-alone,qwen3-vl-235b-a22b-instruct
eval_1586,sample_0428,pair_093,93,2,2,2022,lsda_clean,a Venetian millefiori glass-bead necklace,a Ghanaian Krobo powder-glass-bead necklace,A,B,1,0,0,0,"glossy, multicolored floral enamel motifs on round beads match A-alone","matte, weathered turquoise and earth-toned beads with carved texture match B-alone",qwen3-vl-235b-a22b-instruct
eval_1210,sample_0428,pair_093,93,2,2,2022,native_SS,a Venetian millefiori glass-bead necklace,a Ghanaian Krobo powder-glass-bead necklace,A,B,1,0,0,0,Vibrant floral enamel motifs and glossy finish mirror A-alone’s decorative style.,Textured earthy beads with layered patina match B-alone’s rustic finish.,qwen3-vl-235b-a22b-instruct
eval_1640,sample_0086,pair_093,93,2,3,2023,lsda_clean,a Venetian millefiori glass-bead necklace,a Ghanaian Krobo powder-glass-bead necklace,A,B,1,0,0,0,"glossy, floral mosaic patterns and blue-white palette match A-alone","matte, porous texture and earthy color blocks match B-alone",qwen3-vl-235b-a22b-instruct
eval_1072,sample_0086,pair_093,93,2,3,2023,native_SS,a Venetian millefiori glass-bead necklace,a Ghanaian Krobo powder-glass-bead necklace,A,B,1,0,0,0,"Glossy, floral-patterned millefiori beads with bright blue/white palette match A-alone.",Textured matte beads with earthy tones and irregular surface match B-alone.,qwen3-vl-235b-a22b-instruct
eval_1412,sample_0136,pair_093,93,3,1,3031,lsda_clean,a Venetian millefiori glass-bead necklace,a Ghanaian Krobo powder-glass-bead necklace,A,B,1,0,0,0,"glossy, multicolored floral mosaic beads matching A-alone's vibrant pattern","matte, weathered turquoise and brown beads with rustic texture like B-alone",qwen3-vl-235b-a22b-instruct
eval_0544,sample_0136,pair_093,93,3,1,3031,native_SS,a Venetian millefiori glass-bead necklace,a Ghanaian Krobo powder-glass-bead necklace,A,B,1,0,0,0,Vibrant floral mosaic patterns on glossy beads mirror A-alone’s color system and decorative motifs.,"Textured, mottled turquoise and earth-toned beads with rustic finish match B-alone’s material impression.",qwen3-vl-235b-a22b-instruct
eval_1687,sample_0012,pair_093,93,3,2,3032,lsda_clean,a Venetian millefiori glass-bead necklace,a Ghanaian Krobo powder-glass-bead necklace,A,B,1,0,0,0,multicolored mosaic-like glass beads with floral motifs match A-alone,yellow and brown textured beads with crackled finish match B-alone,qwen3-vl-235b-a22b-instruct
eval_1274,sample_0012,pair_093,93,3,2,3032,native_SS,a Venetian millefiori glass-bead necklace,a Ghanaian Krobo powder-glass-bead necklace,A,B,1,0,0,0,Colorful mosaic-like bead patterns with floral motifs mirror A-alone's decorative style.,Textured yellow and brown beads with crackled glaze match B-alone's surface finish.,qwen3-vl-235b-a22b-instruct
eval_1513,sample_0563,pair_093,93,3,3,3033,lsda_clean,a Venetian millefiori glass-bead necklace,a Ghanaian Krobo powder-glass-bead necklace,A,B,1,0,0,0,Vibrant floral millefiori patterns and glossy finish match A-alone.,Turquoise matte texture and carved geometric motifs match B-alone.,qwen3-vl-235b-a22b-instruct
eval_0454,sample_0563,pair_093,93,3,3,3033,native_SS,a Venetian millefiori glass-bead necklace,a Ghanaian Krobo powder-glass-bead necklace,A,B,1,0,0,0,matches A-alone’s multicolored floral millefiori patterns and glossy finish,"shares turquoise color, carved texture, and geometric motifs with B-alone",qwen3-vl-235b-a22b-instruct
eval_1470,sample_0220,pair_094,94,1,1,1011,lsda_clean,a Japanese woven-bamboo basket,a Philippine nito-vine basket,A,B,1,0,0,0,"Matches A's structured grid pattern, bamboo framing, and uniform light-brown material tone.","Shares B's dense, rounded weave and natural-toned finish without geometric patterning.",qwen3-vl-235b-a22b-instruct
eval_0365,sample_0220,pair_094,94,1,1,1011,native_SS,a Japanese woven-bamboo basket,a Philippine nito-vine basket,A,B,1,0,0,0,Matches A-alone’s tight grid pattern and structured latticework finish.,"Shares dense, rounded weave and natural brown tones with B-alone.",qwen3-vl-235b-a22b-instruct
eval_0551,sample_0097,pair_094,94,1,2,1012,lsda_clean,a Japanese woven-bamboo basket,a Philippine nito-vine basket,A,B,1,0,0,0,shows uniform light-toned weave and smooth finish matching A-alone,features dark geometric motifs and tight woven texture like B-alone,qwen3-vl-235b-a22b-instruct
eval_0170,sample_0097,pair_094,94,1,2,1012,native_SS,a Japanese woven-bamboo basket,a Philippine nito-vine basket,A,B,1,0,0,0,matches A-alone’s light bamboo weave and horizontal banding,shares dark woven texture and geometric motifs with B-alone,qwen3-vl-235b-a22b-instruct
eval_0474,sample_0344,pair_094,94,1,3,1013,lsda_clean,a Japanese woven-bamboo basket,a Philippine nito-vine basket,A,B,1,0,0,0,"Matches A-alone’s uniform tight weave and smooth, polished finish.",Similar dark woven texture and structural banding as B-alone.,qwen3-vl-235b-a22b-instruct
eval_1285,sample_0344,pair_094,94,1,3,1013,native_SS,a Japanese woven-bamboo basket,a Philippine nito-vine basket,A,B,1,0,0,0,lighter uniform weave and horizontal banding align with A-alone,darker woven texture and structural banding match B-alone,qwen3-vl-235b-a22b-instruct
eval_1363,sample_0101,pair_094,94,2,1,2021,lsda_clean,a Japanese woven-bamboo basket,a Philippine nito-vine basket,A,B,1,0,0,0,tight grid weave and light tan finish matching A-alone,dense dark woven texture with irregular pattern like B-alone,qwen3-vl-235b-a22b-instruct
eval_1561,sample_0101,pair_094,94,2,1,2021,native_SS,a Japanese woven-bamboo basket,a Philippine nito-vine basket,A,B,1,0,0,0,open grid pattern and lighter tan hue match A-alone,dense diagonal weave and darker brown tone match B-alone,qwen3-vl-235b-a22b-instruct
eval_1497,sample_0776,pair_094,94,2,2,2022,lsda_clean,a Japanese woven-bamboo basket,a Philippine nito-vine basket,A,B,1,0,0,0,Shows uniform fine vertical weave and light tone matching A-alone,Uses dark woven bands and textured pattern like B-alone,qwen3-vl-235b-a22b-instruct
eval_1296,sample_0776,pair_094,94,2,2,2022,native_SS,a Japanese woven-bamboo basket,a Philippine nito-vine basket,A,B,1,0,0,0,Matches A-alone’s uniform light tan weave and smooth finish.,Shares dark woven bands and textured pattern with B-alone.,qwen3-vl-235b-a22b-instruct
eval_0704,sample_0743,pair_094,94,2,3,2023,lsda_clean,a Japanese woven-bamboo basket,a Philippine nito-vine basket,A,B,1,0,0,0,lighter tan color and uniform tight weave matching A-alone,"darker, more irregular weave and mottled finish like B-alone",qwen3-vl-235b-a22b-instruct
eval_1294,sample_0743,pair_094,94,2,3,2023,native_SS,a Japanese woven-bamboo basket,a Philippine nito-vine basket,B,A,0,1,1,1,"Matches B-alone’s darker brown tone and tighter, denser weave pattern.",Shares light tan color and simple horizontal banding with A-alone.,qwen3-vl-235b-a22b-instruct
eval_1133,sample_0174,pair_094,94,3,1,3031,lsda_clean,a Japanese woven-bamboo basket,a Philippine nito-vine basket,A,B,1,0,0,0,"Matches A's lighter color, grid pattern, and lidded structure.","Shares B's tighter, darker weave and rounded form texture.",qwen3-vl-235b-a22b-instruct
eval_1592,sample_0174,pair_094,94,3,1,3031,native_SS,a Japanese woven-bamboo basket,a Philippine nito-vine basket,A,B,1,0,0,0,"light tan, uniform basketweave pattern matching A-alone","dark, dense weave with weathered texture like B-alone",qwen3-vl-235b-a22b-instruct
eval_1402,sample_0796,pair_094,94,3,2,3032,lsda_clean,a Japanese woven-bamboo basket,a Philippine nito-vine basket,A,B,1,0,0,0,uniform light-brown wicker pattern and smooth finish match A-alone,dark woven texture with black accent bands matches B-alone,qwen3-vl-235b-a22b-instruct
eval_0204,sample_0796,pair_094,94,3,2,3032,native_SS,a Japanese woven-bamboo basket,a Philippine nito-vine basket,A,B,1,0,0,0,tight uniform weave and warm brown tone match A-alone,dark woven texture with horizontal banding matches B-alone,qwen3-vl-235b-a22b-instruct
eval_0862,sample_0397,pair_094,94,3,3,3033,lsda_clean,a Japanese woven-bamboo basket,a Philippine nito-vine basket,A,B,1,0,0,0,lighter vertical weave and lid style match A-alone,dark woven texture and tight pattern match B-alone,qwen3-vl-235b-a22b-instruct
eval_1482,sample_0397,pair_094,94,3,3,3033,native_SS,a Japanese woven-bamboo basket,a Philippine nito-vine basket,A,B,1,0,0,0,Matches A's uniform light tan color and simple vertical stripe texture.,"Shares B's darker, variegated weave and complex banding pattern.",qwen3-vl-235b-a22b-instruct
eval_1206,sample_0508,pair_095,95,1,1,1011,lsda_clean,a Navajo coiled basket,a Panamanian Wounaan chunga basket,A,B,1,0,0,0,Matches A-alone’s concentric red-black pattern and radial symmetry.,Shares bold black geometric motifs and striped rim with B-alone.,qwen3-vl-235b-a22b-instruct
eval_1056,sample_0508,pair_095,95,1,1,1011,native_SS,a Navajo coiled basket,a Panamanian Wounaan chunga basket,A,B,1,0,0,0,Matches A-alone’s concentric circular pattern and red/black/cream color system.,Shares bold black geometric motifs and similar weave texture with B-alone.,qwen3-vl-235b-a22b-instruct
eval_0250,sample_0871,pair_095,95,1,2,1012,lsda_clean,a Navajo coiled basket,a Panamanian Wounaan chunga basket,A,B,1,0,0,0,"Matches A's concentric circular pattern, red geometric motifs, and radial symmetry.",Shares B's angular black zigzag motifs and earthy color palette without red accents.,qwen3-vl-235b-a22b-instruct
eval_1433,sample_0871,pair_095,95,1,2,1012,native_SS,a Navajo coiled basket,a Panamanian Wounaan chunga basket,B,B,0,1,0,1,"Matches B's geometric pattern density, color palette, and coiled finish.",Shares B's angular black-and-tan zigzag motifs and tight weave texture.,qwen3-vl-235b-a22b-instruct
eval_1541,sample_0822,pair_095,95,1,3,1013,lsda_clean,a Navajo coiled basket,a Panamanian Wounaan chunga basket,A,B,1,0,0,0,Matches A-alone’s concentric circular pattern and reddish-brown accents.,Shares bold zigzag motifs and similar color palette with B-alone.,qwen3-vl-235b-a22b-instruct
eval_0236,sample_0822,pair_095,95,1,3,1013,native_SS,a Navajo coiled basket,a Panamanian Wounaan chunga basket,A,B,1,0,0,0,Matches A-alone’s concentric circular pattern and tonal banding.,Shares bold zigzag motifs and similar color palette with B-alone.,qwen3-vl-235b-a22b-instruct
eval_1229,sample_0669,pair_095,95,2,1,2021,lsda_clean,a Navajo coiled basket,a Panamanian Wounaan chunga basket,B,A,0,1,1,1,Matches B-alone’s black-and-tan angular patterns and tight woven texture.,"Shares warm earth tones, red accents, and radial geometric motifs with A-alone.",qwen3-vl-235b-a22b-instruct
eval_1456,sample_0669,pair_095,95,2,1,2021,native_SS,a Navajo coiled basket,a Panamanian Wounaan chunga basket,B,A,0,1,1,1,Matches B-alone’s black-on-tan zigzag pattern and woven finish.,Shares red-black geometric motifs and coiled texture with A-alone.,qwen3-vl-235b-a22b-instruct
eval_1751,sample_0033,pair_095,95,2,2,2022,lsda_clean,a Navajo coiled basket,a Panamanian Wounaan chunga basket,A,B,1,0,0,0,"Features red-orange triangles and black outlines on light base, mirroring A-alone’s polychrome angular design.","Uses black zigzag and diamond motifs on natural weave, matching B-alone's monochrome geometric pattern.",qwen3-vl-235b-a22b-instruct
eval_0865,sample_0033,pair_095,95,2,2,2022,native_SS,a Navajo coiled basket,a Panamanian Wounaan chunga basket,A,B,1,0,0,0,Matches A's red-orange triangular patterns and multicolor geometric design.,Shares B's dense black zigzag motifs and earthy monochrome palette.,qwen3-vl-235b-a22b-instruct
eval_1278,sample_0574,pair_095,95,2,3,2023,lsda_clean,a Navajo coiled basket,a Panamanian Wounaan chunga basket,A,B,1,0,0,0,"shares A-alone's diamond-based pattern, color palette, and fine linear detailing",matches B-alone's bold black and red geometric motifs and tight weave texture,qwen3-vl-235b-a22b-instruct
eval_1574,sample_0574,pair_095,95,2,3,2023,native_SS,a Navajo coiled basket,a Panamanian Wounaan chunga basket,A,B,1,0,0,0,Matches A’s intricate diamond patterns and similar weave texture with red-black accents.,"Shares B's bold geometric motifs and earthy color palette with black, red, and tan.",qwen3-vl-235b-a22b-instruct
eval_0426,sample_0460,pair_095,95,3,1,3031,lsda_clean,a Navajo coiled basket,a Panamanian Wounaan chunga basket,A,B,1,0,0,0,"mirrors radial symmetry, color palette, and fine coiled texture of A-alone",shares bold black-red geometric motifs and tight weave texture with B-alone,qwen3-vl-235b-a22b-instruct
eval_0558,sample_0460,pair_095,95,3,1,3031,native_SS,a Navajo coiled basket,a Panamanian Wounaan chunga basket,A,B,1,0,0,0,"Matches A-alone’s radial symmetry, color palette, and fine concentric patterning.",Shares bold black-and-red geometric motifs and tight weave texture with B-alone.,qwen3-vl-235b-a22b-instruct
eval_1762,sample_0358,pair_095,95,3,2,3032,lsda_clean,a Navajo coiled basket,a Panamanian Wounaan chunga basket,A,B,1,0,0,0,Matches A-alone’s bold red-black geometric pattern and vibrant color system.,Shares muted earth tones and angular black motifs with B-alone.,qwen3-vl-235b-a22b-instruct
eval_0988,sample_0358,pair_095,95,3,2,3032,native_SS,a Navajo coiled basket,a Panamanian Wounaan chunga basket,A,B,1,0,0,0,Matches A's vibrant red-black-beige color system and concentric circular pattern structure.,Shares B's muted earth tones and angular black-on-tan geometric motifs without red accents.,qwen3-vl-235b-a22b-instruct
eval_1367,sample_0401,pair_095,95,3,3,3033,lsda_clean,a Navajo coiled basket,a Panamanian Wounaan chunga basket,A,B,1,0,0,0,Matches A's color palette and geometric diamond patterns with brown accents.,Shares B's bold black zigzag and triangular motifs on tan weave.,qwen3-vl-235b-a22b-instruct
eval_1559,sample_0401,pair_095,95,3,3,3033,native_SS,a Navajo coiled basket,a Panamanian Wounaan chunga basket,A,B,1,0,0,0,Matches A's earthy color palette and diagonal banding pattern.,Shares B's bold black geometric motifs and tight weave texture.,qwen3-vl-235b-a22b-instruct
eval_1394,sample_0133,pair_096,96,1,1,1011,lsda_clean,a Moroccan tooled-leather box,a Tuareg tooled-leather box,A,B,1,0,0,0,Ornate silver inlay and blue background pattern align with A-alone.,Dark carved texture and geometric relief match B-alone.,qwen3-vl-235b-a22b-instruct
eval_0749,sample_0133,pair_096,96,1,1,1011,native_SS,a Moroccan tooled-leather box,a Tuareg tooled-leather box,A,B,1,0,0,0,"Light tan color, raised rope-like borders, and ornate floral motifs align with A-alone.","Dark, deeply incised geometric patterns and matte finish match B-alone.",qwen3-vl-235b-a22b-instruct
eval_1082,sample_0153,pair_096,96,1,2,1012,lsda_clean,a Moroccan tooled-leather box,a Tuareg tooled-leather box,A,B,1,0,0,0,"Matches A-alone’s lighter wood tone, circular central medallion, and open fretwork texture.","Shares dark, deeply carved geometric motifs and matte finish with B-alone.",qwen3-vl-235b-a22b-instruct
eval_0282,sample_0153,pair_096,96,1,2,1012,native_SS,a Moroccan tooled-leather box,a Tuareg tooled-leather box,A,B,1,0,0,0,"Matches A-alone’s lighter wood tone, circular central medallion, and fine lattice carving.","Shares dark, deeply carved geometric motifs and matte finish with B-alone.",qwen3-vl-235b-a22b-instruct
eval_1462,sample_0622,pair_096,96,1,3,1013,lsda_clean,a Moroccan tooled-leather box,a Tuareg tooled-leather box,A,B,1,0,0,0,Intricate silver-toned inlay and floral motifs align with A-alone’s ornamental finish.,"Dark patina, geometric relief, and rivet detailing match B-alone’s surface treatment.",qwen3-vl-235b-a22b-instruct
eval_0114,sample_0622,pair_096,96,1,3,1013,native_SS,a Moroccan tooled-leather box,a Tuareg tooled-leather box,B,A,0,1,1,1,Dark-stained wood with bold triangular carving and metal studs like B-alone.,Shared warm tan leather with fine geometric embossing and beaded trim.,qwen3-vl-235b-a22b-instruct
eval_1469,sample_0851,pair_096,96,2,1,2021,lsda_clean,a Moroccan tooled-leather box,a Tuareg tooled-leather box,A,B,1,0,0,0,Inlaid turquoise stones and copper-toned metalwork echo A-alone’s ornamental color system and material contrast.,"Dark patina with raised geometric relief, matching B-alone's embossed texture and monochrome finish.",qwen3-vl-235b-a22b-instruct
eval_0298,sample_0851,pair_096,96,2,1,2021,native_SS,a Moroccan tooled-leather box,a Tuareg tooled-leather box,A,B,1,0,0,0,"Matches A-alone’s lighter wood tone, turquoise inlay accents, and similar carved motifs.","Shares dark patina, embossed geometric patterns, and lack of turquoise inlays with B-alone.",qwen3-vl-235b-a22b-instruct
eval_0116,sample_0732,pair_096,96,2,2,2022,lsda_clean,a Moroccan tooled-leather box,a Tuareg tooled-leather box,A,B,1,0,0,0,"Matches A-alone’s light-toned carved motifs, dot patterns, and overall ornamental finish.",Shares dark wood base with geometric inlay and metallic accents like B-alone.,qwen3-vl-235b-a22b-instruct
eval_0260,sample_0732,pair_096,96,2,2,2022,native_SS,a Moroccan tooled-leather box,a Tuareg tooled-leather box,B,A,0,1,1,1,Matches B-alone’s bold linear patterns and dark/light contrast in surface decoration.,Shares dense geometric carving and matte wood finish with A-alone.,qwen3-vl-235b-a22b-instruct
eval_1414,sample_0179,pair_096,96,2,3,2023,lsda_clean,a Moroccan tooled-leather box,a Tuareg tooled-leather box,A,B,1,0,0,0,Inlaid mother-of-pearl and metallic accents on dark wood match A-alone.,Deeply carved wood with geometric patterns and dark finish matches B-alone.,qwen3-vl-235b-a22b-instruct
eval_0006,sample_0179,pair_096,96,2,3,2023,native_SS,a Moroccan tooled-leather box,a Tuareg tooled-leather box,B,B,0,1,0,1,Consistent incised linear patterns and monochromatic brown texture with B-alone.,Shared deep-carved geometric motifs and matte wood finish without inlay.,qwen3-vl-235b-a22b-instruct
eval_1151,sample_0166,pair_096,96,3,1,3031,lsda_clean,a Moroccan tooled-leather box,a Tuareg tooled-leather box,A,B,1,0,0,0,"Matches A-alone’s metallic inlay, dot patterns, and floral motifs on wood.",Shares deep incised geometric carving and dark wood finish with B-alone.,qwen3-vl-235b-a22b-instruct
eval_0946,sample_0166,pair_096,96,3,1,3031,native_SS,a Moroccan tooled-leather box,a Tuareg tooled-leather box,A,B,1,0,0,0,"Matches A-alone’s floral motifs, metallic inlay, and lighter wood tone.",Shares dense geometric carving and dark wood finish with B-alone.,qwen3-vl-235b-a22b-instruct
eval_1545,sample_0744,pair_096,96,3,2,3032,lsda_clean,a Moroccan tooled-leather box,a Tuareg tooled-leather box,B,A,0,1,1,1,"Matches B's carved panel structure, metallic studs, and dark wood finish.",Shares A's geometric lattice and dot-inlay pattern on lid and body.,qwen3-vl-235b-a22b-instruct
eval_0009,sample_0744,pair_096,96,3,2,3032,native_SS,a Moroccan tooled-leather box,a Tuareg tooled-leather box,A,B,1,0,0,0,"Matches A-alone’s lighter brown hue, dense starburst lid pattern, and white inlay dots on sides.","Shares dark wood tone, raised geometric carving, and metallic stud accents with B-alone.",qwen3-vl-235b-a22b-instruct
eval_0841,sample_0383,pair_096,96,3,3,3033,lsda_clean,a Moroccan tooled-leather box,a Tuareg tooled-leather box,A,B,1,0,0,0,Lighter wood tone with raised metal inlays and ornate floral motifs aligns with A-alone's decorative finish.,Dark patina with incised geometric patterns matches B-alone's surface texture and motif style.,qwen3-vl-235b-a22b-instruct
eval_1214,sample_0383,pair_096,96,3,3,3033,native_SS,a Moroccan tooled-leather box,a Tuareg tooled-leather box,A,B,1,0,0,0,"Metal inlay, dot accents, and lighter metallic sheen align with A-alone.",Deeply incised geometric patterns and dark wood finish match B-alone.,qwen3-vl-235b-a22b-instruct
eval_1761,sample_0408,pair_097,97,1,1,1011,lsda_clean,an Italian tooled-leather wall panel,a Spanish Córdoba guadamecí leather panel,A,B,1,0,0,0,"Floral and figural relief carving with gilded highlights matches A's ornate, sculpted decorative style.","Dark embossed panels with repeating geometric and figural motifs resemble B's textured, patterned surface.",qwen3-vl-235b-a22b-instruct
eval_1629,sample_0408,pair_097,97,1,1,1011,native_SS,an Italian tooled-leather wall panel,a Spanish Córdoba guadamecí leather panel,A,B,1,0,0,0,Gilded relief with ornate foliate border and figural scene mirrors A-alone’s baroque decorative metalwork.,"Dark embossed floral pattern with matte finish matches B-alone’s textured, studded leather aesthetic.",qwen3-vl-235b-a22b-instruct
eval_1637,sample_0221,pair_097,97,1,2,1012,lsda_clean,an Italian tooled-leather wall panel,a Spanish Córdoba guadamecí leather panel,A,B,1,0,0,0,floral relief motifs and warm golden-brown patina mirror A-alone's ornate carving style,smooth grid texture and uniform tan finish match B-alone's embossed panel surface,qwen3-vl-235b-a22b-instruct
eval_1213,sample_0221,pair_097,97,1,2,1012,native_SS,an Italian tooled-leather wall panel,a Spanish Córdoba guadamecí leather panel,A,B,1,0,0,0,rich floral relief carving and warm patina matching A-alone,smooth matte finish with subtle embossed texture like B-alone,qwen3-vl-235b-a22b-instruct
eval_1232,sample_0647,pair_097,97,1,3,1013,lsda_clean,an Italian tooled-leather wall panel,a Spanish Córdoba guadamecí leather panel,A,B,1,0,0,0,Both display high-relief floral motifs and dark metallic finish.,Both feature paneled leather with rivets and similar brown tones.,qwen3-vl-235b-a22b-instruct
eval_0665,sample_0647,pair_097,97,1,3,1013,native_SS,an Italian tooled-leather wall panel,a Spanish Córdoba guadamecí leather panel,A,B,1,0,0,0,"Matches A-alone’s dark metallic finish, floral relief motifs, and ornate carving style.","Shares tan leather texture, rivet pattern, and embossed border with B-alone.",qwen3-vl-235b-a22b-instruct
eval_0659,sample_0247,pair_097,97,2,1,2021,lsda_clean,an Italian tooled-leather wall panel,a Spanish Córdoba guadamecí leather panel,A,B,1,0,0,0,Floral relief carving and organic motifs mirror A-alone’s decorative style.,Repetitive geometric embossing and uniform texture match B-alone.,qwen3-vl-235b-a22b-instruct
eval_0486,sample_0247,pair_097,97,2,1,2021,native_SS,an Italian tooled-leather wall panel,a Spanish Córdoba guadamecí leather panel,A,B,1,0,0,0,Ornate floral border and matte off-white finish align with A-alone’s carved botanical motifs and aged patina.,"Textured reptilian-scale pattern and warm brown tone match B-alone's embossed, repeating geometric texture.",qwen3-vl-235b-a22b-instruct
eval_0490,sample_0173,pair_097,97,2,2,2022,lsda_clean,an Italian tooled-leather wall panel,a Spanish Córdoba guadamecí leather panel,A,B,1,0,0,0,figurative relief and foliate border match A-alone,geometric paneling and embossed texture match B-alone,qwen3-vl-235b-a22b-instruct
eval_1740,sample_0173,pair_097,97,2,2,2022,native_SS,an Italian tooled-leather wall panel,a Spanish Córdoba guadamecí leather panel,A,B,1,0,0,0,"shares A-alone’s figural relief, leafy border motifs, and aged gold finish",matches B-alone’s embossed geometric panels and warm brown leather texture,qwen3-vl-235b-a22b-instruct
eval_1292,sample_0051,pair_097,97,2,3,2023,lsda_clean,an Italian tooled-leather wall panel,a Spanish Córdoba guadamecí leather panel,A,B,1,0,0,0,floral relief carving and organic motifs match A-alone,geometric embossed pattern and uniform texture match B-alone,qwen3-vl-235b-a22b-instruct
eval_0131,sample_0051,pair_097,97,2,3,2023,native_SS,an Italian tooled-leather wall panel,a Spanish Córdoba guadamecí leather panel,A,B,1,0,0,0,Floral relief carving and warm brown tones closely mirror A-alone’s ornate botanical motif and carved depth.,"Smooth leather texture with minimal ornament, matching B-alone’s embossed grid and matte finish.",qwen3-vl-235b-a22b-instruct
eval_0223,sample_0057,pair_097,97,3,1,3031,lsda_clean,an Italian tooled-leather wall panel,a Spanish Córdoba guadamecí leather panel,A,B,1,0,0,0,"high-relief figural carving with floral border, mirroring A-alone's sculpted narrative style","smooth leather with rivets and minimal ornament, matching B-alone's plain embossed texture",qwen3-vl-235b-a22b-instruct
eval_1779,sample_0057,pair_097,97,3,1,3031,native_SS,an Italian tooled-leather wall panel,a Spanish Córdoba guadamecí leather panel,A,B,1,0,0,0,"richly embossed floral border and figural relief, mirroring A-alone’s ornate sculptural decoration","smooth off-white surface with subtle stitching and minimal texture, matching B-alone's plain leather finish",qwen3-vl-235b-a22b-instruct
eval_0051,sample_0839,pair_097,97,3,2,3032,lsda_clean,an Italian tooled-leather wall panel,a Spanish Córdoba guadamecí leather panel,A,B,1,0,0,0,ornate acanthus and floral relief carving style mirrors A-alone’s elaborate sculptural ornamentation,grid pattern and embossed floral motifs match B-alone's surface texture and decorative system,qwen3-vl-235b-a22b-instruct
eval_0384,sample_0839,pair_097,97,3,2,3032,native_SS,an Italian tooled-leather wall panel,a Spanish Córdoba guadamecí leather panel,A,B,1,0,0,0,Matches A's ornate floral motifs and high-relief sculptural finish.,Shares B's embossed grid pattern and uniform brown leather texture.,qwen3-vl-235b-a22b-instruct
eval_0524,sample_0786,pair_097,97,3,3,3033,lsda_clean,an Italian tooled-leather wall panel,a Spanish Córdoba guadamecí leather panel,A,B,1,0,0,0,figurative foliage and human forms with high-relief carving match A-alone's narrative motif style,geometric floral pattern with raised studs matches B-alone's repetitive ornamental texture,qwen3-vl-235b-a22b-instruct
eval_0574,sample_0786,pair_097,97,3,3,3033,native_SS,an Italian tooled-leather wall panel,a Spanish Córdoba guadamecí leather panel,A,B,1,0,0,0,mirrors figurative narrative carving and light wood finish of A-alone,shares dense floral relief and warm brown tone with B-alone,qwen3-vl-235b-a22b-instruct
eval_0478,sample_0332,pair_098,98,1,1,1011,lsda_clean,a Russian matryoshka wooden doll,a Japanese Tsugaru kokeshi wooden doll,A,B,1,0,0,0,displays floral motifs and red/white color palette matching A-alone,features Japanese kimono patterns and black hair styling consistent with B-alone,qwen3-vl-235b-a22b-instruct
eval_1738,sample_0332,pair_098,98,1,1,1011,native_SS,a Russian matryoshka wooden doll,a Japanese Tsugaru kokeshi wooden doll,A,B,1,0,0,0,displays bold floral motifs and red/white color palette matching A-alone,features minimalist line art and muted earth tones like B-alone,qwen3-vl-235b-a22b-instruct
eval_1044,sample_0406,pair_098,98,1,2,1012,lsda_clean,a Russian matryoshka wooden doll,a Japanese Tsugaru kokeshi wooden doll,A,B,1,0,0,0,Vibrant red base with folk floral motifs and gold trim mirrors A-alone’s Russian matryoshka surface design.,Red kimono with black hair and floral accents matches B-alone’s Japanese style finish.,qwen3-vl-235b-a22b-instruct
eval_1048,sample_0406,pair_098,98,1,2,1012,native_SS,a Russian matryoshka wooden doll,a Japanese Tsugaru kokeshi wooden doll,A,B,1,0,0,0,Vibrant red base with floral motifs and painted details aligns with A-alone's decorative texture.,Red kimono with black hair and subtle gold accents matches B-alone's surface style.,qwen3-vl-235b-a22b-instruct
eval_0447,sample_0078,pair_098,98,1,3,1013,lsda_clean,a Russian matryoshka wooden doll,a Japanese Tsugaru kokeshi wooden doll,A,B,1,0,0,0,displays floral motifs and glossy painted surface consistent with A-alone,features Japanese-style kimono patterns and wood grain finish like B-alone,qwen3-vl-235b-a22b-instruct
eval_0361,sample_0078,pair_098,98,1,3,1013,native_SS,a Russian matryoshka wooden doll,a Japanese Tsugaru kokeshi wooden doll,A,B,1,0,0,0,Red-and-black color scheme with folk floral patterns mirrors A-alone’s matryoshka surface design.,Black base with floral motif and facial style matches B-alone's Japanese kokeshi aesthetic.,qwen3-vl-235b-a22b-instruct
eval_1171,sample_0413,pair_098,98,2,1,2021,lsda_clean,a Russian matryoshka wooden doll,a Japanese Tsugaru kokeshi wooden doll,A,B,1,0,0,0,Dark base with vibrant floral and figure motifs mirrors A-alone’s Russian nesting doll decorative style.,Red kimono with floral and architectural motifs matches B-alone's Japanese-style painted finish.,qwen3-vl-235b-a22b-instruct
eval_0213,sample_0413,pair_098,98,2,1,2021,native_SS,a Russian matryoshka wooden doll,a Japanese Tsugaru kokeshi wooden doll,A,B,1,0,0,0,Dark base with vibrant floral and figure painting mirrors A-alone’s folk-art ornamentation.,Red kimono with floral and architectural motifs matches B-alone's Japanese-style painted surface.,qwen3-vl-235b-a22b-instruct
eval_1498,sample_0405,pair_098,98,2,2,2022,lsda_clean,a Russian matryoshka wooden doll,a Japanese Tsugaru kokeshi wooden doll,A,B,1,0,0,0,"Matches A's dark base, ornate floral borders, and bright red accents.","Shares B's smooth wood finish, orange-brown color, and minimalist floral motifs.",qwen3-vl-235b-a22b-instruct
eval_1495,sample_0405,pair_098,98,2,2,2022,native_SS,a Russian matryoshka wooden doll,a Japanese Tsugaru kokeshi wooden doll,A,A,0,1,1,0,Matches A-alone’s red-and-black color scheme and decorative dot patterns on dress.,"Shares ornate floral and figurative motifs with A-alone, painted on dark base with glossy finish.",qwen3-vl-235b-a22b-instruct
eval_1434,sample_0085,pair_098,98,2,3,2023,lsda_clean,a Russian matryoshka wooden doll,a Japanese Tsugaru kokeshi wooden doll,A,B,1,0,0,0,Floral patterns on dark background match A-alone’s Russian matryoshka design.,Red kimono with white floral and architectural motifs matches B-alone’s Japanese style.,qwen3-vl-235b-a22b-instruct
eval_0075,sample_0085,pair_098,98,2,3,2023,native_SS,a Russian matryoshka wooden doll,a Japanese Tsugaru kokeshi wooden doll,A,B,1,0,0,0,Vibrant floral patterns on dark red base with ornate borders match A-alone’s Russian matryoshka surface decoration.,Red kimono with white floral and lantern motifs matches B-alone’s Japanese style and wood grain finish.,qwen3-vl-235b-a22b-instruct
eval_1243,sample_0373,pair_098,98,3,1,3031,lsda_clean,a Russian matryoshka wooden doll,a Japanese Tsugaru kokeshi wooden doll,A,B,1,0,0,0,"Red base with forest scene, snowflakes, and folk painting style matches A-alone's Russian matryoshka.",Red kimono with white floral motifs and wood grain finish matches B-alone's Japanese style.,qwen3-vl-235b-a22b-instruct
eval_0837,sample_0373,pair_098,98,3,1,3031,native_SS,a Russian matryoshka wooden doll,a Japanese Tsugaru kokeshi wooden doll,B,A,0,1,1,1,Smooth wood grain finish and minimal facial painting align with B-alone’s natural material and restrained ornamentation.,Red base with white floral motifs and painted details matches A-alone’s surface decoration style.,qwen3-vl-235b-a22b-instruct
eval_0027,sample_0366,pair_098,98,3,2,3032,lsda_clean,a Russian matryoshka wooden doll,a Japanese Tsugaru kokeshi wooden doll,A,B,1,0,0,0,Vibrant red base with large floral patterns and folk-style painting aligns with A-alone's Russian matryoshka style.,Red kimono with white floral motifs and black hair styling matches B-alone's Japanese aesthetic.,qwen3-vl-235b-a22b-instruct
eval_1642,sample_0366,pair_098,98,3,2,3032,native_SS,a Russian matryoshka wooden doll,a Japanese Tsugaru kokeshi wooden doll,A,B,1,0,0,0,Black head with red floral pattern and green leaves mirrors A-alone's Russian matryoshka paintwork.,Red kimono with white floral motifs and black belt matches B-alone's Japanese style finish.,qwen3-vl-235b-a22b-instruct
eval_0768,sample_0090,pair_098,98,3,3,3033,lsda_clean,a Russian matryoshka wooden doll,a Japanese Tsugaru kokeshi wooden doll,A,B,1,0,0,0,Vibrant red ground with pink floral patterns and dotted borders mirrors A-alone’s decorative technique.,Black lacquer base with gold floral motifs and kimono-style painting matches B-alone’s surface style.,qwen3-vl-235b-a22b-instruct
eval_1036,sample_0090,pair_098,98,3,3,3033,native_SS,a Russian matryoshka wooden doll,a Japanese Tsugaru kokeshi wooden doll,A,B,1,0,0,0,Vibrant red ground with large pink flowers and green foliage echoes A-alone’s Russian matryoshka floral painting style.,Black lacquer base with gold floral motifs and kimono-style detailing matches B-alone’s Japanese aesthetic.,qwen3-vl-235b-a22b-instruct
eval_1355,sample_0477,pair_099,99,1,1,1011,lsda_clean,a Chinese carved-jade pendant,a Māori pounamu hei tiki pendant,A,B,1,0,0,0,"white jade with soft green inclusions, flowing motifs, and polished surface like A-alone",vibrant green jade with bold geometric carving and matte finish like B-alone,qwen3-vl-235b-a22b-instruct
eval_0780,sample_0477,pair_099,99,1,1,1011,native_SS,a Chinese carved-jade pendant,a Māori pounamu hei tiki pendant,A,B,1,0,0,0,"matches A-alone in pale jade base with green accents, flowing cloud motifs, and figurative relief","matches B-alone in deep green color, bold geometric carving, and tribal motif style",qwen3-vl-235b-a22b-instruct
eval_0847,sample_0410,pair_099,99,1,2,1012,lsda_clean,a Chinese carved-jade pendant,a Māori pounamu hei tiki pendant,A,B,1,0,0,0,Translucent green jade with flowing deity figure and cloud motifs matches A-alone.,Green jade with linear carving and tribal motifs matches B-alone.,qwen3-vl-235b-a22b-instruct
eval_1424,sample_0410,pair_099,99,1,2,1012,native_SS,a Chinese carved-jade pendant,a Māori pounamu hei tiki pendant,A,B,1,0,0,0,"Same translucent green jade, flowing cloud patterns, and delicate relief carving as A-alone.","Same dark green jade, blocky carving style, and tribal facial motifs as B-alone.",qwen3-vl-235b-a22b-instruct
eval_0180,sample_0726,pair_099,99,1,3,1013,lsda_clean,a Chinese carved-jade pendant,a Māori pounamu hei tiki pendant,A,B,1,0,0,0,"Matches A-alone’s bright green hue, flowing cloud motifs, and fine relief detailing.",Shares dark green striated texture and bold geometric carving with B-alone.,qwen3-vl-235b-a22b-instruct
eval_1267,sample_0726,pair_099,99,1,3,1013,native_SS,a Chinese carved-jade pendant,a Māori pounamu hei tiki pendant,A,B,1,0,0,0,"Translucent green jade with intricate scrollwork and fine relief details, mirroring A-alone’s decorative technique and motif density.","Deep green jade with bold, blocky carving and minimal surface ornament, matching B-alone’s material and texture.",qwen3-vl-235b-a22b-instruct
eval_0273,sample_0234,pair_099,99,2,1,2021,lsda_clean,a Chinese carved-jade pendant,a Māori pounamu hei tiki pendant,A,B,1,0,0,0,"Matches A-alone’s translucent jade, smooth finish, and flowing figural carving style.","Shares deep green hue, striated texture, and geometric incised motifs with B-alone.",qwen3-vl-235b-a22b-instruct
eval_0535,sample_0234,pair_099,99,2,1,2021,native_SS,a Chinese carved-jade pendant,a Māori pounamu hei tiki pendant,A,B,1,0,0,0,"Matches A-alone’s flowing dragon motif, cloud patterns, and polished translucent jade finish.","Shares bold geometric carving, deep relief, and stylized facial motifs with B-alone.",qwen3-vl-235b-a22b-instruct
eval_0344,sample_0160,pair_099,99,2,2,2022,lsda_clean,a Chinese carved-jade pendant,a Māori pounamu hei tiki pendant,A,B,1,0,0,0,vibrant translucent green with openwork carving and glossy finish,dark green jade with incised geometric patterns and matte finish,qwen3-vl-235b-a22b-instruct
eval_1085,sample_0160,pair_099,99,2,2,2022,native_SS,a Chinese carved-jade pendant,a Māori pounamu hei tiki pendant,A,B,1,0,0,0,"Matches A-alone’s translucent jade, bright green color, and openwork carving style.","Shares dark green hue, matte finish, and incised geometric motifs with B-alone.",qwen3-vl-235b-a22b-instruct
eval_0064,sample_0488,pair_099,99,2,3,2023,lsda_clean,a Chinese carved-jade pendant,a Māori pounamu hei tiki pendant,A,B,1,0,0,0,"matches A-alone’s translucent jade, flowing cloud motifs, and red tassel ornament",shares the same carved geometric mask motif and matte green finish as B-alone,qwen3-vl-235b-a22b-instruct
eval_0105,sample_0488,pair_099,99,2,3,2023,native_SS,a Chinese carved-jade pendant,a Māori pounamu hei tiki pendant,A,B,1,0,0,0,Ornate flowing cloud patterns and translucent jade texture match A-alone.,Deeply carved geometric mask motifs and matte green finish match B-alone.,qwen3-vl-235b-a22b-instruct
eval_0705,sample_0194,pair_099,99,3,1,3031,lsda_clean,a Chinese carved-jade pendant,a Māori pounamu hei tiki pendant,A,B,1,0,0,0,"Same translucent green jade, flowing figures, cloud motifs, and openwork carving as A-alone.","Same dark green jade, bold incised lines, and tribal motif as B-alone.",qwen3-vl-235b-a22b-instruct
eval_0779,sample_0194,pair_099,99,3,1,3031,native_SS,a Chinese carved-jade pendant,a Māori pounamu hei tiki pendant,A,B,1,0,0,0,"Matches A-alone’s translucent green jade, figurative carving style, and cloud motifs.","Identical green jade material, carved tiki motif, and surface texture as B-alone.",qwen3-vl-235b-a22b-instruct
eval_0578,sample_0011,pair_099,99,3,2,3032,lsda_clean,a Chinese carved-jade pendant,a Māori pounamu hei tiki pendant,A,B,1,0,0,0,"Matches A-alone’s intricate openwork, swirling motifs, and translucent jade finish.","Shares bold, blocky carving and deep relief with B-alone.",qwen3-vl-235b-a22b-instruct
eval_0691,sample_0011,pair_099,99,3,2,3032,native_SS,a Chinese carved-jade pendant,a Māori pounamu hei tiki pendant,A,B,1,0,0,0,"Matches A-alone’s translucent jade, intricate openwork, and flowing cloud motifs.","Shares bold geometric carving, matte finish, and stylized facial motifs with B-alone.",qwen3-vl-235b-a22b-instruct
eval_1421,sample_0402,pair_099,99,3,3,3033,lsda_clean,a Chinese carved-jade pendant,a Māori pounamu hei tiki pendant,A,B,1,0,0,0,"Matches A-alone’s translucent light green jade, openwork design, and flowing figural motifs.","Shares dark green jade, bold relief carving, and geometric tribal motifs with B-alone.",qwen3-vl-235b-a22b-instruct
eval_0251,sample_0402,pair_099,99,3,3,3033,native_SS,a Chinese carved-jade pendant,a Māori pounamu hei tiki pendant,A,B,1,0,0,0,intricate openwork with figural scenes and glossy translucence like A-alone,solid carving with bold geometric motifs and matte finish like B-alone,qwen3-vl-235b-a22b-instruct
eval_1359,sample_0795,pair_100,100,1,1,1011,lsda_clean,an Inuit soapstone figurine,a Kenyan Kisii soapstone figurine,A,B,1,0,0,0,"mottled white-and-black stone with smooth, organic texture like A-alone",dark stone with incised linear motifs and matte finish like B-alone,qwen3-vl-235b-a22b-instruct
eval_0581,sample_0795,pair_100,100,1,1,1011,native_SS,an Inuit soapstone figurine,a Kenyan Kisii soapstone figurine,B,B,0,1,0,1,"Dark stone, carved patterns, and surface texture align with B-alone.",Dark stone with incised linear motifs and matte finish matches B-alone.,qwen3-vl-235b-a22b-instruct
eval_0875,sample_0882,pair_100,100,1,2,1012,lsda_clean,an Inuit soapstone figurine,a Kenyan Kisii soapstone figurine,A,B,1,0,0,0,"Matches A-alone’s mottled green-black stone texture and smooth, unadorned surface finish.","Shares dark patina, incised linear motifs, and reddish-brown accent areas with B-alone.",qwen3-vl-235b-a22b-instruct
eval_0277,sample_0882,pair_100,100,1,2,1012,native_SS,an Inuit soapstone figurine,a Kenyan Kisii soapstone figurine,A,B,1,0,0,0,"Matches A-alone’s mottled green-black stone, smooth finish, and minimal surface carving.","Shares dark patina, incised linear motifs, and carved texture with B-alone.",qwen3-vl-235b-a22b-instruct
eval_0017,sample_0277,pair_100,100,1,3,1013,lsda_clean,an Inuit soapstone figurine,a Kenyan Kisii soapstone figurine,A,B,1,0,0,0,speckled greenish stone with matte texture and minimal carving like A-alone,dark polished stone with incised linear motifs and smooth finish like B-alone,qwen3-vl-235b-a22b-instruct
eval_1415,sample_0277,pair_100,100,1,3,1013,native_SS,an Inuit soapstone figurine,a Kenyan Kisii soapstone figurine,A,B,1,0,0,0,"matches A-alone’s speckled greenish-gray stone and smooth, unadorned finish","shares dark, polished stone with incised linear motifs and minimal surface texture like B-alone",qwen3-vl-235b-a22b-instruct
eval_1793,sample_0544,pair_100,100,2,1,2021,lsda_clean,an Inuit soapstone figurine,a Kenyan Kisii soapstone figurine,A,B,1,0,0,0,"Matches A-alone’s mottled green-black stone texture and smooth, unadorned surface.","Shares dark patina, incised linear motifs, and textured surface finish with B-alone.",qwen3-vl-235b-a22b-instruct
eval_1004,sample_0544,pair_100,100,2,1,2021,native_SS,an Inuit soapstone figurine,a Kenyan Kisii soapstone figurine,A,B,1,0,0,0,"mottled green-black stone with smooth matte finish and minimal carving, matching A-alone's material and texture","dark polished surface with incised linear motifs and textured garment, matching B-alone's finish and ornament",qwen3-vl-235b-a22b-instruct
eval_1041,sample_0004,pair_100,100,2,2,2022,lsda_clean,an Inuit soapstone figurine,a Kenyan Kisii soapstone figurine,A,B,1,0,0,0,mottled green stone with smooth matte finish and minimal carving aligns with A-alone's material and texture,dark polished wood with incised linear patterns and beaded collar matches B-alone's surface treatment,qwen3-vl-235b-a22b-instruct
eval_0482,sample_0004,pair_100,100,2,2,2022,native_SS,an Inuit soapstone figurine,a Kenyan Kisii soapstone figurine,A,B,1,0,0,0,mottled green stone with carved facial features and minimal ornament,dark polished finish with incised linear patterns and textured garment,qwen3-vl-235b-a22b-instruct
eval_1076,sample_0015,pair_100,100,2,3,2023,lsda_clean,an Inuit soapstone figurine,a Kenyan Kisii soapstone figurine,A,B,1,0,0,0, dark green stone with incised linear motifs matches A-alone, warmer brown tone and smoother finish match B-alone,qwen3-vl-235b-a22b-instruct
eval_0033,sample_0015,pair_100,100,2,3,2023,native_SS,an Inuit soapstone figurine,a Kenyan Kisii soapstone figurine,A,B,1,0,0,0,"matches dark stone material, veining, and incised lines of A-alone",shares warm brown wood tone and carved texture with B-alone,qwen3-vl-235b-a22b-instruct
eval_1520,sample_0118,pair_100,100,3,1,3031,lsda_clean,an Inuit soapstone figurine,a Kenyan Kisii soapstone figurine,A,B,1,0,0,0,mottled light stone with minimal carving and soft texture matches A-alone,dark polished stone with incised linear motifs matches B-alone,qwen3-vl-235b-a22b-instruct
eval_1460,sample_0118,pair_100,100,3,1,3031,native_SS,an Inuit soapstone figurine,a Kenyan Kisii soapstone figurine,B,A,0,1,1,1,dark polished surface with incised linear motifs matches B-alone,mottled light stone texture and subtle carving matches A-alone,qwen3-vl-235b-a22b-instruct
eval_1445,sample_0670,pair_100,100,3,2,3032,lsda_clean,an Inuit soapstone figurine,a Kenyan Kisii soapstone figurine,A,B,1,0,0,0,Matches A-alone’s speckled stone texture and minimal surface carving.,Shares incised linear motifs and polished dark stone finish with B-alone.,qwen3-vl-235b-a22b-instruct
eval_1747,sample_0670,pair_100,100,3,2,3032,native_SS,an Inuit soapstone figurine,a Kenyan Kisii soapstone figurine,A,B,1,0,0,0,matches A-alone’s speckled stone texture and minimal surface carving,shares incised linear motifs and polished dark stone finish with B-alone,qwen3-vl-235b-a22b-instruct
eval_0012,sample_0250,pair_100,100,3,3,3033,lsda_clean,an Inuit soapstone figurine,a Kenyan Kisii soapstone figurine,A,B,1,0,0,0,glossy greenish-black stone with incised linear motifs and polished finish,matte dark stone with subtle grain and minimal surface carving,qwen3-vl-235b-a22b-instruct
eval_0650,sample_0250,pair_100,100,3,3,3033,native_SS,an Inuit soapstone figurine,a Kenyan Kisii soapstone figurine,A,B,1,0,0,0,matches A-alone in matte stone texture and geometric base carving,shares dark patina and incised linear motifs with B-alone,qwen3-vl-235b-a22b-instruct
